i,S_single
1.00092213149145,5.69446503511805
1.00241008504967,5.69054305008621
1.00390038844275,5.6866253180713
1.0053930456447,5.68271183339355
1.00688806063666,5.67880259038217
1.00838543740716,5.67489758337517
1.00988517995151,5.67099680671955
1.01138729227298,5.66710025477105
1.01289177838152,5.66320792189423
1.01439864229544,5.65931980246262
1.01590788803865,5.65543589085839
1.01741951964382,5.65155618147256
1.01893354115054,5.64768066870487
1.02044995660609,5.64380934696396
1.02196877006393,5.63994221066704
1.02348998558625,5.63607925424009
1.0250136072426,5.63222047211791
1.02653963910853,5.62836585874386
1.02806808526894,5.62451540857001
1.02959894981453,5.62066911605708
1.03113223684456,5.61682697567455
1.03266795046512,5.61298898190038
1.03420609479046,5.60915512922119
1.0357466739418,5.60532541213229
1.03728969204804,5.60149982513748
1.03883515324523,5.59767836274911
1.04038306167798,5.59386101948821
1.04193342149748,5.59004778988423
1.04348623686274,5.58623866847517
1.04504151194065,5.58243364980761
1.04659925090585,5.57863272843655
1.04815945793976,5.5748358989255
1.04972213723253,5.57104315584637
1.05128729298133,5.56725449377967
1.05285492939069,5.56346990731421
1.05442505067365,5.55968939104726
1.05599766105064,5.55591293958447
1.05757276474961,5.55214054753998
1.05915036600629,5.54837220953619
1.06073046906398,5.54460792020388
1.0623130781744,5.54084767418227
1.06389819759685,5.5370914661188
1.06548583159751,5.53333929066924
1.06707598445195,5.52959114249776
1.06866866044206,5.52584701627671
1.07026386385816,5.52210690668676
1.0718615989991,5.51837080841678
1.07346187017035,5.51463871616401
1.0750646816865,5.51091062463381
1.07667003786886,5.50718652853978
1.07827794304817,5.50346642260368
1.07988840156091,5.49975030155559
1.08150141775362,5.49603816013363
1.08311699598004,5.49232999308407
1.08473514060121,5.48862579516146
1.08635585598757,5.48492556112834
1.08797914651635,5.48122928575538
1.08960501657301,5.47753696382146
1.09123347055173,5.47384859011342
1.0928645128546,5.47016415942618
1.09449814789085,5.46648366656283
1.09613438007869,5.4628071063344
1.09777321384437,5.45913447355995
1.09941465362195,5.45546576306657
1.10105870385386,5.45180096968942
1.10270536899049,5.44814008827154
1.10435465349105,5.44448311366396
1.10600656182173,5.44083004072577
1.10766109845812,5.43718086432389
1.1093182678834,5.43353557933321
1.11097807458911,5.42989418063649
1.11264052307494,5.42625666312452
1.11430561784938,5.42262302169586
1.11597336342832,5.41899325125693
1.11764376433699,5.41536734672215
1.11931682510788,5.41174530301367
1.12099255028235,5.40812711506144
1.12267094441067,5.40451277780337
1.12435201205019,5.40090228618507
1.12603575776784,5.39729563515997
1.12772218613844,5.39369281968923
1.12941130174516,5.39009383474191
1.13110310917992,5.38649867529468
1.13279761304258,5.382907336332
1.13449481794203,5.37931981284603
1.13619472849528,5.37573609983674
1.13789734932798,5.37215619231168
1.1396026850745,5.36858008528608
1.14131074037729,5.36500777378297
1.14302151988801,5.36143925283292
1.14473502826614,5.35787451747413
1.14645127017988,5.35431356275256
1.1481702503067,5.35075638372166
1.14989197333211,5.34720297544249
1.15161644395049,5.3436533329838
1.15334366686515,5.34010745142183
1.15507364678672,5.3365653258404
1.15680638843657,5.33302695133085
1.15854189654291,5.32949232299218
1.16028017584413,5.32596143593077
1.16202123108679,5.32243428526058
1.16376506702553,5.31891086610302
1.16551168842487,5.31539117358709
1.16726110005775,5.31187520284916
1.16901330670558,5.30836294903305
1.17076831315887,5.30485440729015
1.17252612421727,5.30134957277915
1.17428674468862,5.29784844066619
1.17605017939043,5.29435100612489
1.17781643314846,5.29085726433619
1.17958551079743,5.28736721048841
1.18135741718141,5.28388083977724
1.18313215715389,5.28039814740581
1.18490973557559,5.2769191285845
1.18669015731793,5.27344377853102
1.18847342726055,5.26997209247041
1.19025955029248,5.2665040656351
1.19204853131142,5.26303969326469
1.19384037522419,5.25957897060607
1.19563508694741,5.25612189291352
1.19743267140521,5.25266845544844
1.19923313353286,5.24921865347948
1.20103647827327,5.24577248228264
1.20284271057923,5.242329937141
1.20465183541178,5.23889101334488
1.20646385774289,5.23545570619185
1.20827878255192,5.2320240109866
1.21009661482818,5.22859592304099
1.21191735957108,5.22517143767401
1.21374102178763,5.2217505502119
1.21556760649535,5.21833325598791
1.21739711872043,5.21491955034241
1.21922956349921,5.21150942862299
1.22106494587649,5.20810288618422
1.22290327090655,5.20469991838777
1.22474454365346,5.20130052060237
1.22658876919053,5.19790468820389
1.22843595260027,5.19451241657514
1.23028609897511,5.19112370110596
1.23213921341632,5.18773853719332
1.23399530103465,5.18435692024108
1.2358543669512,5.18097884566011
1.23771641629569,5.17760430886835
1.23958145420783,5.17423330529061
1.24144948583656,5.1708658303587
1.24332051634094,5.16750187951133
1.2451945508886,5.16414144819425
1.24707159465807,5.16078453186003
1.24895165283613,5.15743112596818
1.25083473062078,5.15408122598509
1.2527208332181,5.15073482738412
1.25460996584505,5.1473919256454
1.25650213372789,5.14405251625594
1.25839734210193,5.14071659470968
1.26029559621314,5.13738415650731
1.26219690131721,5.13405519715635
1.26410126267895,5.13072971217122
1.2660086855738,5.12740769707306
1.26791917528619,5.12408914738978
1.26983273711069,5.12077405865619
1.27174937635257,5.11746242641377
1.27366909832537,5.11415424621076
1.27559190835377,5.11084951360214
1.27751781177197,5.10754822414971
1.2794468139241,5.10425037342189
1.2813789201644,5.10095595699386
1.28331413585688,5.09766497044744
1.28525246637569,5.09437740937125
1.28719391710505,5.09109326936048
1.28913849343865,5.087812546017
1.29108620078125,5.08453523494941
1.29303704454713,5.08126133177285
1.2949910301604,5.07799083210911
1.29694816305565,5.07472373158668
1.29890844867739,5.07146002584057
1.30087189248106,5.0681997105124
1.30283849993116,5.06494278125036
1.3048082765029,5.06168923370929
1.30678122768172,5.05843906355052
1.30875735896383,5.05519226644194
1.31073667585442,5.05194883805795
1.31271918386996,5.04870877407958
1.3147048885374,5.04547207019428
1.31669379539347,5.042238722096
1.31868590998504,5.03900872548527
1.32068123786969,5.03578207606904
1.32267978461584,5.03255876956069
1.32468155580129,5.02933880168019
1.32668655701547,5.02612216815383
1.32869479385724,5.02290886471438
1.33070627193676,5.0196988871011
1.33272099687368,5.01649223105957
1.33473897429909,5.01328889234184
1.33676020985411,5.01008886670628
1.33878470919089,5.00689214991776
1.34081247797175,5.00369873774744
1.34284352186956,5.00050862597281
1.34487784656819,4.99732181037783
1.34691545776167,4.9941382867527
1.34895636115514,4.99095805089397
1.35100056246416,4.98778109860449
1.35304806741566,4.9846074256935
1.35509888174569,4.98143702797644
1.35715301120282,4.97826990127506
1.35921046154565,4.97510604141744
1.36127123854341,4.97194544423787
1.36333534797628,4.96878810557687
1.36540279563559,4.96563402128129
1.36747358732278,4.96248318720415
1.36954772885134,4.95933559920468
1.37162522604449,4.95619125314832
1.373706084737,4.9530501449068
1.37579031077463,4.94991227035793
1.37787791001376,4.94677762538575
1.37996888832228,4.94364620588043
1.38206325157868,4.94051800773838
1.38416100567214,4.93739302686208
1.38626215650401,4.93427125916013
1.38836670998537,4.93115270054738
1.39047467203965,4.92803734694467
1.39258604860043,4.92492519427896
1.39470084561345,4.9218162384834
1.39681906903469,4.91871047549712
1.3989407248317,4.91560790126533
1.40106581898293,4.91250851173942
1.4031943574792,4.9094123028767
1.40532634632086,4.90631927064059
1.40746179152086,4.90322941100048
1.40960069910313,4.9001427199319
1.41174307510272,4.8970591934163
1.41388892556649,4.89397882744115
1.41603825655189,4.89090161799988
1.4181910741287,4.88782756109202
1.42034738437725,4.88475665272294
1.42250719339024,4.881688888904
1.42467050727077,4.8786242656526
1.42683733213478,4.87556277899198
1.42900767410801,4.87250442495132
1.4311815393298,4.86944919956581
1.43335893394895,4.86639709887645
1.43553986412739,4.8633481189302
1.43772433603836,4.86030225577984
1.43991235586576,4.85725950548416
1.44210392980675,4.85421986410771
1.44429906406863,4.85118332772089
1.44649776487146,4.84814989240008
1.44870003844662,4.84511955422737
1.45090589103739,4.84209230929074
1.45311532889891,4.83906815368394
1.45532835829727,4.83604708350665
1.4575449855119,4.83302909486422
1.45976521683255,4.83001418386783
1.46198905856235,4.82700234663452
1.46421651701472,4.82399357928701
1.46644759851635,4.82098787795377
1.46868230940542,4.81798523876914
1.47092065603144,4.8149856578731
1.47316264475701,4.81198913141138
1.4754082819562,4.80899565553542
1.47765757401516,4.80600522640246
1.47991052733192,4.80301784017536
1.48216714831712,4.80003349302267
1.48442744339266,4.7970521811187
1.48669141899394,4.79407390064337
1.48895908156689,4.79109864778228
1.49123043757132,4.78812641872666
1.49350549347768,4.78515720967348
1.49578425576953,4.78219101682526
1.49806673094332,4.77922783639014
1.50035292550607,4.77626766458197
1.50264284597841,4.77331049762012
1.50493649889362,4.77035633172955
1.50723389079568,4.76740516314092
1.50953502824266,4.76445698809036
1.51183991780463,4.76151180281962
1.51414856606326,4.75856960357596
1.51646097961383,4.75563038661229
1.5187771650631,4.75269414818699
1.52109712903183,4.74976088456398
1.52342087815106,4.74683059201269
1.52574841906697,4.74390326680813
1.52807975843637,4.74097890523077
1.53041490292955,4.73805750356653
1.53275385922943,4.73513905810693
1.53509663403135,4.73222356514888
1.53744323404341,4.72931102099475
1.53979366598706,4.72640142195246
1.54214793659514,4.72349476433529
1.54450605261509,4.72059104446197
1.54686802080554,4.71769025865674
1.54923384793835,4.71479240324918
1.55160354079936,4.71189747457431
1.55397710618601,4.70900546897252
1.5563545509087,4.7061163827897
1.55873588179167,4.70323021237703
1.56112110567136,4.70034695409108
1.56351022939783,4.69746660429377
1.56590325983279,4.69458915935249
1.56830020385316,4.69171461563986
1.57070106834704,4.68884296953386
1.57310586021684,4.68597421741788
1.57551458637738,4.68310835568055
1.57792725375666,4.68024538071581
1.58034386929635,4.677385288923
1.58276443995089,4.67452807670666
1.58518897268843,4.67167374047666
1.58761747448967,4.66882227664811
1.59004995234953,4.66597368164148
1.59248641327472,4.66312795188241
1.59492686428746,4.6602850838018
1.59737131242182,4.65744507383587
1.59981976472532,4.654607918426
1.60227222825951,4.65177361401882
1.60472871009922,4.64894215706614
1.60718921733235,4.64611354402507
1.60965375706073,4.64328777135784
1.61212233639949,4.64046483553187
1.61459496247784,4.63764473301984
1.61707164243789,4.63482746029952
1.61955238343595,4.63201301385386
1.6220371926413,4.62920139017103
1.62452607723771,4.62639258574426
1.62701904442205,4.62358659707196
1.62951610140534,4.6207834206577
1.63201725541238,4.61798305301013
1.63452251368056,4.61518549064303
1.63703188346332,4.61239073007523
1.63954537202572,4.60959876783078
1.64206298664852,4.60680960043871
1.64458473462519,4.60402322443317
1.64711062326305,4.60123963635335
1.64964065988447,4.59845883274357
1.65217485182516,4.59568081015315
1.65471320643475,4.59290556513643
1.65725573107692,4.59013309425288
1.65980243312972,4.58736339406691
1.66235331998504,4.58459646114797
1.66490839904906,4.58183229207059
1.66746767774208,4.57907088341421
1.67003116349869,4.57631223176331
1.67259886376764,4.57355633370732
1.67517078601176,4.57080318584075
1.67774693770856,4.56805278476296
1.6803273263493,4.56530512707835
1.6829119594402,4.5625602093962
1.68550084450137,4.55981802833084
1.68809398906773,4.55707858050146
1.69069140068837,4.55434186253217
1.69329308692656,4.55160787105208
1.69589905536111,4.54887660269514
1.69850931358383,4.5461480541002
1.70112386920248,4.54342222191108
1.70374272983878,4.54069910277643
1.70636590312865,4.53797869334976
1.70899339672378,4.53526099028954
1.71162521828946,4.53254599025901
1.71426137550606,4.52983368992633
1.71690187606885,4.52712408596443
1.71954672768789,4.5244171750512
1.72219593808777,4.52171295386927
1.72484951500789,4.51901141910611
1.7275074662027,4.516312567454
1.73016979944153,4.51361639561008
1.73283652250873,4.51092290027623
1.73550764320322,4.50823207815913
1.73818316933932,4.5055439259703
1.74086310874606,4.50285844042597
1.74354746926743,4.50017561824713
1.74623625876318,4.49749545615962
1.74892948510744,4.49481795089396
1.75162715618979,4.49214309918541
1.75432927991464,4.48947089777396
1.7570358642019,4.48680134340442
1.75974691698734,4.48413443282623
1.76246244622066,4.48147016279353
1.76518245986797,4.47880853006526
1.76790696590984,4.47614953140498
1.77063597234311,4.47349316358097
1.77336948717909,4.47083942336613
1.77610751844547,4.46818830753817
1.77885007418444,4.46553981287933
1.78159716245436,4.46289393617656
1.78434879132884,4.46025067422151
1.78710496889725,4.4576100238104
1.78986570326378,4.45497198174408
1.79263100254971,4.45233654482812
1.79540087489029,4.44970370987264
1.79817532843822,4.44707347369233
1.80095437136013,4.44444583310662
1.8037380118392,4.44182078493941
1.80652625807479,4.43919832601926
1.80931911828165,4.43657845317925
1.81211660069064,4.43396116325713
1.81491871354776,4.43134645309513
1.81772546511592,4.42873431954009
1.8205368636734,4.42612475944335
1.82335291751414,4.42351776966088
1.82617363494929,4.42091334705312
1.82899902430453,4.41831148848502
1.8318290939229,4.41571219082614
1.83466385216278,4.4131154509505
1.8375033073989,4.41052126573658
1.84034746802234,4.40792963206749
1.84319634244025,4.40534054683071
1.84604993907616,4.40275400691826
1.84890826636954,4.4001700092266
1.85177133277648,4.39758855065674
1.8546391467691,4.39500962811408
1.85751171683698,4.3924332385085
1.86038905148405,4.3898593787543
1.86327115923285,4.38728804577029
1.86615804862156,4.38471923647967
1.86904972820414,4.38215294781002
1.87194620655227,4.37958917669345
1.8748474922533,4.37702792006639
1.87775359391223,4.37446917486969
1.88066452014979,4.37191293804866
1.88358027960353,4.36935920655293
1.88650088092826,4.3668079773365
1.88942633279535,4.36425924735785
1.89235664389242,4.36171301357974
1.89529182292491,4.35916927296929
1.89823187861411,4.356628022498
1.9011768196991,4.35408925914175
1.90412665493489,4.35155297988071
1.90708139309462,4.34901918169939
1.91004104296775,4.34648786158662
1.91300561336102,4.34395901653561
1.915975113098,4.34143264354382
1.91894955101971,4.338908739613
1.9219289359838,4.33638730174927
1.92491327686613,4.333868326963
1.92790258255851,4.3313518122688
1.93089686197098,4.32883775468566
1.93389612403074,4.32632615123675
1.93690037768157,4.32381699894953
1.93990963188551,4.32131029485571
1.94292389562168,4.3188060359913
1.94594317788682,4.31630421939648
1.94896748769453,4.31380484211568
1.95199683407684,4.31130790119762
1.95503122608266,4.30881339369516
1.95807067277896,4.30632131666543
1.96111518324979,4.3038316671697
1.96416476659722,4.30134444227355
1.96721943194058,4.29885963904667
1.97027918841852,4.29637725456292
1.97334404518498,4.29389728590043
1.97641401141396,4.29141973014143
1.97948909629621,4.28894458437231
1.98256930904035,4.2864718456837
1.98565465887289,4.2840015111703
1.98874515503886,4.28153357793096
1.99184080680119,4.27906804306875
1.99494162344012,4.27660490369079
1.99804761425471,4.27414415690836
2.00115878856189,4.27168579983681
2.00427515569727,4.26922982959571
2.00739672501354,4.26677624330864
2.01052350588222,4.26432503810331
2.01365550769379,4.2618762111115
2.01679273985567,4.25942975946914
2.01993521179446,4.25698568031618
2.02308293295548,4.25454397079663
2.02623591280172,4.25210462805863
2.02939416081482,4.24966764925435
2.03255768649496,4.24723303153995
2.03572649936176,4.24480077207576
2.03890060895171,4.24237086802605
2.04208002482092,4.23994331655916
2.04526475654442,4.23751811484743
2.04845481371578,4.23509526006727
2.05165020594669,4.23267474939906
2.05485094286797,4.23025658002721
2.05805703412952,4.22784074914008
2.06126848939994,4.22542725393012
2.06448531836649,4.22301609159369
2.06770753073614,4.22060725933112
2.07093513623347,4.21820075434681
2.07416814460378,4.21579657384902
2.07740656561011,4.21339471505
2.08065040903461,4.21099517516602
2.08389968467991,4.20859795141723
2.08715440236593,4.2062030410277
2.09041457193355,4.20381044122555
2.09368020324163,4.20142014924271
2.09695130616951,4.19903216231509
2.10022789061437,4.19664647768248
2.103509966494,4.19426309258865
2.10679754374545,4.19188200428121
2.11009063232477,4.18950321001167
2.11338924220785,4.1871267070355
2.11669338338987,4.18475249261196
2.12000306588621,4.18238056400425
2.12331829973105,4.1800109184794
2.12663909497895,4.17764355330839
2.12996546170359,4.17527846576595
2.13329740999846,4.17291565313072
2.13663494997782,4.17055511268521
2.13997809177454,4.16819684171574
2.14332684554179,4.16584083751246
2.14668122145338,4.16348709736934
2.15004122970156,4.16113561858423
2.15340688050031,4.15878639845874
2.15677818408204,4.15643943429829
2.1601551507008,4.15409472341217
2.16353779062974,4.15175226311339
2.16692611416228,4.14941205071878
2.17032013161253,4.14707408354895
2.17371985331428,4.14473835892834
2.17712528962254,4.14240487418509
2.18053645091145,4.14007362665113
2.18395334757659,4.1377446136622
2.18737599003326,4.13541783255774
2.19080438871805,4.13309328068092
2.19423855408695,4.13077095537876
2.19767849661745,4.1284508540019
2.20112422680742,4.12613297390475
2.20457575517511,4.12381731244549
2.20803309225974,4.12150386698598
2.21149624862156,4.11919263489177
2.21496523484088,4.11688361353214
2.21844006151938,4.11457680028011
2.22192073927914,4.11227219251235
2.22540727876388,4.10996978760922
2.22889969063827,4.10766958295475
2.23239798558655,4.10537157593673
2.23590217431602,4.10307576394653
2.23941226755361,4.1007821443792
2.24292827604843,4.09849071463352
2.24645021056953,4.09620147211184
2.24997808190877,4.09391441422017
2.25351190087779,4.09162953836824
2.25705167831065,4.08934684196933
2.26059742506249,4.08706632244038
2.26414915200933,4.08478797720193
2.26770687004961,4.08251180367822
2.27127059010207,4.08023779929702
2.27484032310808,4.07796596148974
2.2784160800305,4.07569628769136
2.28199787185298,4.07342877534053
2.28558570958162,4.07116342187942
2.28917960424423,4.06890022475378
2.29277956689023,4.06663918141302
2.29638560859098,4.06438028931005
2.29999774043952,4.06212354590133
2.30361597355067,4.05986894864697
2.30724031906199,4.05761649501056
2.31087078813226,4.05536618245924
2.31450739194245,4.05311800846377
2.31815014169622,4.05087197049837
2.32179904861892,4.04862806604081
2.32545412395814,4.04638629257239
2.32911537898379,4.04414664757797
2.33278282498763,4.04190912854589
2.33645647328493,4.03967373296796
2.34013633521216,4.0374404583396
2.34382242212916,4.03520930215964
2.34751474541728,4.03298026193044
2.35121331648142,4.03075333515782
2.35491814674842,4.02852851935114
2.35862924766788,4.02630581202318
2.36234663071207,4.0240852106902
2.3660703073767,4.02186671287197
2.36980028917869,4.01965031609167
2.3735365876599,4.01743601787593
2.37727921438277,4.01522381575491
2.38102818093485,4.01301370726211
2.384783498925,4.01080568993454
2.38854517998645,4.00859976131257
2.39231323577406,4.00639591894011
2.39608767796681,4.0041941603644
2.39986851826708,4.00199448313612
2.40365576840008,3.99979688480934
2.40744944011394,3.9976013629416
2.41124954518007,3.9954079150938
2.4150560953946,3.99321653883018
2.41886910257531,3.9910272317185
2.42268857856494,3.98883999132978
2.42651453522856,3.98665481523846
2.43034698445586,3.9844717010224
2.43418593815924,3.98229064626277
2.4380314082756,3.98011164854408
2.44188340676509,3.97793470545431
2.44574194561161,3.97575981458467
2.44960703682322,3.97358697352977
2.45347869243149,3.97141617988755
2.45735692449244,3.96924743125933
2.46124174508555,3.96708072524969
2.46513316631433,3.96491605946658
2.46903120030749,3.96275343152122
2.47293585921615,3.96059283902825
2.47684715521655,3.95843427960551
2.48076510050946,3.95627775087417
2.48468970731948,3.95412325045876
2.48862098789587,3.95197077598705
2.49255895451208,3.94982032509006
2.4965036194659,3.9476718954022
2.50045499507969,3.94552548456107
2.50441309370083,3.94338109020757
2.50837792770059,3.94123870998586
2.51234950947612,3.9390983415434
2.51632785144753,3.93695998253086
2.52031296606089,3.93482363060219
2.5243048657873,3.93268928341455
2.52830356312154,3.93055693862841
2.53230907058496,3.92842659390741
2.53632140072286,3.92629824691844
2.54034056610521,3.92417189533166
2.54436657932801,3.92204753682039
2.54839945301191,3.91992516906117
2.55243919980334,3.91780478973383
2.55648583237302,3.91568639652132
2.56053936341752,3.91356998710979
2.56459980565937,3.91145555918867
2.56866717184554,3.90934311045049
2.57274147474865,3.90723263859103
2.57682272716758,3.90512414130918
2.58091094192633,3.9030176163071
2.58500613187405,3.90091306129005
2.58910830988627,3.89881047396645
2.59321748886426,3.89670985204795
2.59733368173508,3.89461119324929
2.60145690145116,3.8925144952884
2.6055871609913,3.8904197558863
2.60972447336024,3.88832697276723
2.61386885158842,3.88623614365852
2.61802030873339,3.88414726629061
2.62217885787782,3.88206033839714
2.62634451213053,3.87997535771479
2.63051728462754,3.87789232198337
2.63469718853005,3.87581122894588
2.63888423702652,3.87373207634834
2.6430784433317,3.87165486193989
2.6472798206866,3.86957958347277
2.65148838235857,3.86750623870235
2.65570414164223,3.86543482538703
2.65992711185843,3.86336534128833
2.66415730635491,3.8612977841708
2.6683947385055,3.85923215180215
2.67263942171225,3.85716844195308
2.67689136940307,3.85510665239735
2.68115059503289,3.85304678091185
2.68541711208372,3.85098882527645
2.68969093406539,3.84893278327408
2.69397207451364,3.84687865269077
2.69826054699249,3.84482643131553
2.70255636509229,3.84277611694039
2.70685954243139,3.84072770736049
2.71117009265538,3.83868120037393
2.71548802943674,3.83663659378183
2.71981336647653,3.83459388538833
2.72414611750198,3.83255307300063
2.72848629626896,3.83051415442887
2.73283391656098,3.82847712748621
2.7371889921883,3.8264419899888
2.7415515369904,3.82440873975583
2.7459215648331,3.82237737460942
2.75029908961178,3.82034789237467
2.7546841252483,3.81832029087971
2.75907668569325,3.81629456795561
2.76347678492509,3.81427072143638
2.76788443695099,3.81224874915905
2.77229965580561,3.81022864896358
2.77672245555226,3.80821041869287
2.78115285028238,3.80619405619278
2.78559085411607,3.80417955931214
2.79003648120177,3.80216692590269
2.79448974571671,3.80015615381911
2.79895066186559,3.79814724091899
2.80341924388391,3.79614018506293
2.80789550603333,3.79413498411435
2.81237946260629,3.79213163593963
2.81687112792294,3.79013013840809
2.82137051633282,3.78813048939192
2.82587764221429,3.7861326867662
2.8303925199749,3.78413672840898
2.83491516405091,3.78214261220112
2.83944558890815,3.78015033602641
2.84398380904148,3.77815989777155
2.84852983897521,3.77617129532609
2.85308369326199,3.77418452658244
2.85764538648589,3.77219958943589
2.86221493325867,3.77021648178465
2.86679234822199,3.76823520152975
2.87137764604793,3.76625574657503
2.87597084143716,3.76427811482731
2.88057194912089,3.76230230419613
2.88518098385959,3.76032831259396
2.8897979604441,3.75835613793605
2.89442289369477,3.75638577814056
2.89905579846199,3.75441723112841
2.9036966896265,3.75245049482337
2.90834558209869,3.75048556715207
2.91300249081972,3.74852244604391
2.91766743076011,3.7465611294311
2.92234041692217,3.74460161524874
2.9270214643368,3.74264390143463
2.93171058806698,3.74068798592945
2.93640780320497,3.7387338666766
2.94111312487463,3.73678154162237
2.94582656822972,3.73483100871577
2.95054814845496,3.7328822659086
2.95527788076559,3.73093531115543
2.96001578040867,3.72899014241368
2.96476186266124,3.72704675764345
2.96951614283167,3.72510515480763
2.97427863625895,3.72316533187192
2.9790493583139,3.72122728680473
2.98382832439841,3.7192910175772
2.98861554994492,3.71735652216331
2.99341105041839,3.7154237985397
2.99821484131395,3.71349284468577
3.00302693815891,3.7115636585837
3.00784735651208,3.70963623821836
3.01267611196379,3.70771058157734
3.01751322013589,3.70578668665096
3.02235869668264,3.70386455143232
3.02721255728896,3.70194417391716
3.03207481767261,3.70002555210395
3.03694549358301,3.69810868399387
3.04182460080135,3.69619356759083
3.04671215514142,3.69428020090141
3.05160817244921,3.69236858193487
3.05651266860204,3.69045870870321
3.06142565951055,3.68855057922108
3.06634716111766,3.68664419150578
3.07127718939799,3.68473954357739
3.0762157603591,3.68283663345856
3.08116289004152,3.68093545917466
3.08611859451845,3.67903601875369
3.0910828898951,3.67713831022638
3.09605579230974,3.67524233162605
3.10103731793412,3.67334808098868
3.10602748297218,3.67145555635295
3.11102630366153,3.66956475576013
3.11603379627233,3.66767567725416
3.12104997710868,3.66578831888158
3.12607486250699,3.66390267869162
3.1311084688374,3.6620187547361
3.13615081250391,3.66013654506946
3.14120190994282,3.65825604774879
3.14626177762533,3.65637726083378
3.15133043205553,3.6545001823867
3.15640788977146,3.65262481047251
3.16149416734441,3.65075114315869
3.16658928137989,3.64887917851535
3.17169324851771,3.64700891461522
3.17680608543094,3.64514034953361
3.18192780882704,3.64327348134839
3.18705843544762,3.64140830814002
3.19219798206861,3.63954482799159
3.19734646550011,3.63768303898873
3.20250390258685,3.63582293921963
3.20767031020732,3.63396452677504
3.21284570527533,3.63210779974834
3.21803010473863,3.63025275623541
3.22322352557981,3.62839939433468
3.2284259848166,3.6265477121472
3.23363749950118,3.6246977077765
3.23885808672122,3.62284937932867
3.24408776359806,3.62100272491237
3.24932654728954,3.61915774263877
3.25457445498759,3.61731443062158
3.25983150392039,3.61547278697702
3.26509771135016,3.61363280982389
3.27037309457545,3.61179449728346
3.27565767092973,3.60995784747953
3.28095145778267,3.60812285853839
3.28625447253842,3.60628952858892
3.29156673263782,3.60445785576242
3.29688825555743,3.60262783819271
3.30221905880867,3.60079947401616
3.30755915994006,3.59897276137158
3.31290857653564,3.59714769840027
3.31826732621513,3.59532428324606
3.32363542663497,3.59350251405523
3.32901289548784,3.59168238897652
3.33439975050242,3.58986390616121
3.3397960094438,3.58804706376299
3.34520169011391,3.58623185993805
3.35061681035094,3.58441829284501
3.35604138802946,3.582606360645
3.36147544106176,3.58079606150159
3.36691898739561,3.57898739358076
3.37237204501698,3.57718035505097
3.37783463194769,3.57537494408317
3.38330676624736,3.57357115885067
3.38878846601221,3.57176899752926
3.39427974937664,3.56996845829718
3.39978063451054,3.56816953933507
3.40529113962364,3.56637223882598
3.41081128296061,3.56457655495545
3.41634108280526,3.56278248591138
3.42188055747884,3.5609900298841
3.42742972534034,3.55919918506634
3.43298860478574,3.55740994965329
3.43855721424985,3.55562232184249
3.44413557220488,3.55383629983387
3.44972369716136,3.55205188182983
3.455321607668,3.55026906603509
3.46092932231193,3.54848785065679
3.46654685971785,3.54670823390445
3.47217423854928,3.54493021398999
3.47781147750879,3.54315378912769
3.48345859533611,3.54137895753418
3.48911561081118,3.53960571742854
3.49478254275193,3.53783406703214
3.50045941001512,3.53606400456873
3.506146231496,3.53429552826447
3.51184302612961,3.53252863634781
3.51754981289015,3.53076332704957
3.52326661078999,3.52899959860298
3.52899343888177,3.52723744924355
3.53473031625675,3.52547687720914
3.54047726204637,3.52371788073995
3.54623429542076,3.52196045807856
3.55200143559011,3.52020460746983
3.55777870180446,3.51845032716097
3.56356611335353,3.5166976154015
3.56936368956655,3.51494647044329
3.57517144981307,3.51319689054051
3.5809894135027,3.51144887394962
3.58681760008479,3.50970241892946
3.59265602905004,3.5079575237411
3.59850471992802,3.50621418664794
3.60436369228975,3.50447240591573
3.61023296574565,3.50273217981243
3.61611255994864,3.50099350660837
3.62200249459055,3.49925638457609
3.62790278940434,3.49752081199051
3.63381346416459,3.49578678712877
3.63973453868605,3.4940543082703
3.6456660328247,3.49232337369681
3.65160796647847,3.49059398169229
3.65756035958492,3.488866130543
3.66352323212485,3.48713981853742
3.66949660411868,3.48541504396638
3.67548049562924,3.4836918051229
3.68147492676139,3.48197010030225
3.68747991766087,3.48024992780202
3.69349548851528,3.47853128592197
3.69952165955501,3.47681417296413
3.70555845105116,3.47509858723282
3.71160588331787,3.47338452703454
3.71766397671089,3.47167199067804
3.72373275162874,3.46996097647429
3.72981222851139,3.46825148273653
3.7359024278426,3.4665435077802
3.74200337014767,3.46483704992294
3.74811507599484,3.46313210748461
3.7542375659951,3.46142867878734
3.76037086080184,3.45972676215543
3.76651498111279,3.45802635591535
3.77266994766666,3.45632745839586
3.77883578124744,3.45463006792787
3.78501250268033,3.45293418284445
3.79120013283485,3.45123980148097
3.79739869262413,3.4495469221749
3.80360820300485,3.44785554326593
3.80982868497656,3.44616566309591
3.81606015958318,3.44447728000894
3.82230264791172,3.44279039235123
3.82855617109449,3.44110499847116
3.83482075030618,3.43942109671936
3.84109640676634,3.43773868544854
3.84738316173961,3.43605776301363
3.85368103653287,3.43437832777166
3.85999005249891,3.43270037808193
3.86631023103516,3.43102391230578
3.87264159358261,3.42934892880674
3.87898416162784,3.42767542595054
3.88533795670197,3.42600340210499
3.89170300038049,3.42433285564004
3.89807931428492,3.42266378492784
3.90446692008124,3.42099618834263
3.91086583948031,3.41933006426077
3.91727609423946,3.4176654110608
3.92369770616008,3.41600222712335
3.93013069708999,3.41434051083117
3.93657508892242,3.41268026056913
3.94303090359604,3.41102147472426
3.94949816309559,3.40936415168564
3.95597688945176,3.4077082898445
3.96246710474171,3.40605388759415
3.96896883108738,3.40440094333005
3.97548209065849,3.40274945544972
3.98200690567025,3.40109942235276
3.98854329838412,3.39945084244094
3.99509129110908,3.39780371411804
4.00165090619991,3.39615803578996
4.0082221660585,3.39451380586472
4.01480509313359,3.39287102275236
4.02139970992103,3.39122968486503
4.028006038963,3.38958979061695
4.03462410285006,3.38795133842443
4.041253924219,3.38631432670583
4.04789552575478,3.38467875388157
4.05454893018964,3.38304461837413
4.061214160303,3.3814119186081
4.06789123892264,3.37978065301008
4.07458018892383,3.3781508200087
4.08128103322983,3.37652241803472
4.08799379481215,3.37489544552089
4.09471849669028,3.37326990090198
4.10145516193133,3.3716457826149
4.10820381365231,3.3700230890985
4.11496447501784,3.36840181879369
4.1217371692403,3.36678197014346
4.1285219195822,3.36516354159278
4.13531874935457,3.36354653158866
4.14212768191661,3.36193093858011
4.14894874067717,3.36031676101823
4.15578194909427,3.35870399735606
4.16262733067485,3.35709264604868
4.16948490897561,3.35548270555321
4.17635470760242,3.35387417432874
4.1832367502109,3.35226705083639
4.19013106050666,3.35066133353924
4.19703766224421,3.34905702090245
4.20395657922918,3.3474541113931
4.21088783531645,3.34585260348027
4.2178314544113,3.3442524956351
4.22478746046946,3.34265378633064
4.23175587749668,3.34105647404195
4.23873672954952,3.33946055724606
4.245730040735,3.33786603442203
4.25273583521098,3.33627290405083
4.25975413718635,3.33468116461543
4.26678497092022,3.33309081460079
4.27382836072383,3.3315018524938
4.28088433095896,3.32991427678333
4.28795290603862,3.32832808596019
4.29503411042781,3.32674327851721
4.30212796864263,3.32515985294912
4.309234505251,3.32357780775258
4.31635374487254,3.32199714142628
4.3234857121786,3.32041785247079
4.33063043189327,3.31883993938863
4.33778792879211,3.31726340068431
4.34495822770277,3.31568823486421
4.35214135350612,3.31411444043668
4.35933733113448,3.31254201591201
4.36654618557381,3.3109709598024
4.37376794186236,3.30940127062199
4.3810026250909,3.3078329468868
4.38825026040352,3.30626598711485
4.39551087299762,3.30470038982602
4.40278448812286,3.30313615354211
4.41007113108419,3.30157327678682
4.4173708272375,3.30001175808583
4.42468360199452,3.29845159596664
4.43200948081943,3.29689278895867
4.43934848922996,3.2953353355933
4.44670065279889,3.29377923440374
4.45406599715237,3.29222448392511
4.46144454797104,3.29067108269446
4.46883633098959,3.28911902925069
4.47624137199761,3.2875683221346
4.48365969683854,3.28601895988884
4.49109133141099,3.28447094105802
4.49853630166827,3.28292426418855
4.50599463361905,3.28137892782875
4.51346635332665,3.27983493052879
4.52095148690896,3.27829227084076
4.52845006054058,3.27675094731857
4.53596210045074,3.27521095851798
4.54348763292415,3.27367230299668
4.55102668430181,3.27213497931416
4.5585792809797,3.27059898603176
4.56614544941043,3.26906432171274
4.57372521610248,3.26753098492214
4.58131860762075,3.26599897422686
4.58892565058607,3.26446828819569
4.59654637167578,3.26293892539922
4.60418079762462,3.26141088440988
4.61182895522278,3.25988416380193
4.61949087131844,3.25835876215152
4.62716657281617,3.25683467803657
4.63485608667801,3.25531191003684
4.64255943992258,3.25379045673395
4.6502766596267,3.25227031671131
4.65800777292403,3.25075148855415
4.66575280700663,3.24923397084952
4.67351178912398,3.24771776218632
4.68128474658295,3.24620286115522
4.68907170674889,3.24468926634869
4.69687269704606,3.24317697636108
4.70468774495532,3.24166598978846
4.71251687801812,3.24015630522872
4.72036012383226,3.23864792128162
4.72821751005599,3.23714083654862
4.73608906440573,3.23563504963304
4.74397481465668,3.23413055913993
4.75187478864349,3.23262736367621
4.75978901425986,3.23112546185052
4.76771751945949,3.22962485227331
4.77566033225456,3.22812553355678
4.78361748071784,3.22662750431496
4.79158899298102,3.22513076316363
4.79957489723683,3.22363530872031
4.80757522173709,3.22214113960436
4.81558999479485,3.22064825443685
4.82361924478194,3.21915665184061
4.83166300013246,3.2176663304403
4.83972128934015,3.21617728886227
4.8477941409593,3.21468952573464
4.8558815836059,3.21320303968732
4.86398364595651,3.21171782935194
4.87210035674892,3.21023389336188
4.88023174478265,3.20875123035227
4.88837783891768,3.20726983896001
4.89653866807684,3.20578971782371
4.90471426124411,3.20431086558372
4.91290464746536,3.20283328088213
4.92110985584824,3.2013569623628
4.92932991556312,3.19988190867127
4.9375648558432,3.19840811845481
4.94581470598242,3.19693559036248
4.95407949533851,3.195464323045
4.96235925333245,3.19399431515481
4.97065400944701,3.19252556534612
4.97896379322844,3.19105807227482
4.98728863428672,3.18959183459851
4.9956285622943,3.1881268509765
5.00398360698745,3.18666312006986
5.01235379816643,3.18520064054129
5.02073916569481,3.18373941105524
5.02913973950038,3.18227943027784
5.03755554957494,3.18082069687695
5.04598662597443,3.1793632095221
5.05443299881901,3.1779069668845
5.06289469829373,3.17645196763709
5.07137175464855,3.17499821045448
5.07986419819738,3.17354569401295
5.08837205931942,3.1720944169905
5.09689536845956,3.17064437806677
5.10543415612741,3.1691955759231
5.11398845289805,3.16774800924253
5.12255828941237,3.16630167670974
5.131143696377,3.16485657701107
5.13974470456382,3.16341270883456
5.14836134481161,3.16197007086993
5.15699364802495,3.16052866180852
5.16564164517462,3.15908848034335
5.1743053672978,3.15764952516912
5.18298484549891,3.15621179498215
5.19168011094875,3.15477528848045
5.20039119488502,3.15334000436365
5.2091181286126,3.15190594133306
5.21786094350355,3.15047309809163
5.2266196709981,3.14904147334391
5.23539434260258,3.14761106579617
5.24418498989231,3.14618187415627
5.25299164450996,3.1447538971337
5.26181433816639,3.14332713343963
5.27065310264109,3.14190158178682
5.27950796978097,3.14047724088969
5.28837897150217,3.13905410946424
5.2972661397889,3.13763218622817
5.3061695066951,3.13621146990076
5.31508910434332,3.1347919592029
5.32402496492502,3.1333736528571
5.33297712070108,3.13195654958754
5.34194560400181,3.13054064811994
5.35093044722724,3.12912594718168
5.35993168284796,3.12771244550174
5.36894934340288,3.12630014181069
5.3779834615026,3.12488903484072
5.38703406982706,3.12347912332563
5.39610120112708,3.1220704060008
5.40518488822455,3.12066288160319
5.4142851640109,3.11925654887144
5.42340206144931,3.11785140654568
5.43253561357416,3.11644745336769
5.44168585349109,3.1150446880808
5.4508528143767,3.11364310943
5.46003652947965,3.11224271616177
5.46923703212054,3.11084350702423
5.47845435569151,3.10944548076705
5.48768853365661,3.10804863614152
5.49693959955266,3.10665297190046
5.50620758698899,3.10525848679825
5.5154925296476,3.10386517959091
5.52479446128219,3.10247304903598
5.53411341572095,3.10108209389253
5.5434494268642,3.09969231292128
5.55280252868577,3.09830370488445
5.56217275523339,3.09691626854582
5.57156014062754,3.09553000267076
5.58096471906364,3.09414490602616
5.5903865248102,3.09276097738047
5.59982559221001,3.09137821550374
5.60928195568096,3.08999661916745
5.61875564971434,3.08861618714475
5.62824670887707,3.08723691821026
5.63775516781005,3.08585881114016
5.64728106122993,3.08448186471219
5.65682442392786,3.0831060777056
5.66638529077149,3.08173144890115
5.67596369670274,3.0803579770812
5.6855596767402,3.07898566102958
5.69517326597777,3.07761449953167
5.70480449958584,3.07624449137438
5.71445341281078,3.07487563534615
5.72412004097515,3.07350793023689
5.73380441947951,3.0721413748381
5.74350658379919,3.07077596794275
5.75322656948803,3.06941170834533
5.76296441217606,3.06804859484186
5.77272014757151,3.06668662622984
5.78249381145991,3.06532580130832
5.79228543970396,3.06396611887782
5.80209506824431,3.06260757774036
5.81192273310037,3.0612501766995
5.82176847036911,3.05989391456026
5.83163231622674,3.05853879012916
5.84151430692655,3.05718480221426
5.85141447880265,3.05583194962505
5.86133286826624,3.05448023117253
5.87126951180906,3.05312964566923
5.88122444600159,3.05178019192911
5.89119770749388,3.05043186876765
5.90118933301592,3.04908467500176
5.91119935937732,3.04773860944992
5.92122782346749,3.04639367093201
5.93127476225748,3.0450498582694
5.94134021279754,3.04370717028495
5.95142421221864,3.042365605803
5.96152679773324,3.04102516364933
5.97164800663458,3.03968584265119
5.98178787629682,3.03834764163733
5.99194644417606,3.03701055943792
6.00212374780969,3.0356745948846
6.01231982481672,3.03433974681051
6.02253471289877,3.03300601405018
6.03276844983898,3.03167339543963
6.04302107350364,3.03034188981636
6.05329262184052,3.02901149601926
6.06358313288142,3.02768221288871
6.07389264474052,3.02635403926649
6.08422119561454,3.02502697399591
6.09456882378469,3.02370101592164
6.10493556761518,3.02237616388982
6.11532146555369,3.02105241674802
6.12572655613252,3.01972977334527
6.13615087796726,3.01840823253199
6.14659446975917,3.01708779316007
6.15705737029245,3.01576845408283
6.167539618437,3.01445021415498
6.17804125314783,3.01313307223267
6.18856231346448,3.01181702717352
6.19910283851149,3.01050207783651
6.20966286750075,3.00918822308205
6.22024243972745,3.007875461772
6.23084159457496,3.00656379276961
6.24146037151113,3.00525321493952
6.25209881009092,3.00394372714787
6.26275694995589,3.00263532826207
6.27343483083405,3.00132801715107
6.28413249254105,3.00002179268515
6.2948499749785,2.998716653736
6.30558731813619,2.99741259917675
6.31634456209182,2.99610962788188
6.32712174701026,2.99480773872729
6.33791891314385,2.9935069305903
6.34873610083455,2.99220720234957
6.3595733505121,2.99090855288517
6.37043070269423,2.9896109810786
6.38130819798789,2.98831448581269
6.39220587709,2.98701906597168
6.40312378078538,2.98572472044121
6.41406194994889,2.98443144810827
6.42502042554519,2.98313924786123
6.43599924862831,2.98184811858988
6.44699846034299,2.98055805918531
6.45801810192352,2.97926906854007
6.4690582146958,2.97798114554802
6.48011884007573,2.97669428910439
6.49120001956993,2.97540849810584
6.50230179477686,2.97412377145032
6.51342420738592,2.97284010803717
6.52456729917767,2.97155750676712
6.5357311120261,2.97027596654222
6.54691568789513,2.96899548626589
6.5581210688423,2.96771606484291
6.56934729701731,2.96643770117943
6.58059441466266,2.96516039418291
6.59186246411313,2.96388414276218
6.60315148779716,2.96260894582746
6.61446152823693,2.96133480229024
6.62579262804715,2.96006171106341
6.63714482993663,2.95878967106117
6.64851817670917,2.95751868119909
6.65991271126171,2.95624874039407
6.67132847658569,2.9549798475643
6.68276551576778,2.9537120016294
6.69422387198925,2.95244520151023
6.70570358852689,2.95117944612901
6.71720470875148,2.94991473440933
6.72872727613116,2.94865106527606
6.74027133422913,2.94738843765538
6.75183692670446,2.94612685047487
6.7634240973121,2.94486630266336
6.77503288990476,2.94360679315102
6.78666334843094,2.94234832086933
6.79831551693552,2.94109088475113
6.80998943956218,2.93983448373052
6.82168516055057,2.93857911674293
6.83340272423882,2.93732478272509
6.84514217506247,2.93607148061508
6.8569035575556,2.93481920935224
6.86868691634967,2.93356796787723
6.8804922961762,2.93231775513203
6.89231974186435,2.93106857005989
6.90416929834248,2.92982041160537
6.9160410106385,2.92857327871435
6.92793492388027,2.92732717033398
6.93985108329425,2.92608208541269
6.95178953420791,2.92483802290026
6.96375032204804,2.9235949817477
6.97573349234303,2.92235296090732
6.98773909072062,2.92111195933277
6.99976716291135,2.91987197597888
7.01181775474426,2.91863300980187
7.02389091215275,2.91739505975917
7.03598668116965,2.91615812480951
7.04810510793081,2.91492220391293
7.06024623867392,2.91368729603069
7.07241011973883,2.91245340012535
7.08459679756859,2.91122051516076
7.09680631870882,2.909988640102
7.10903872980819,2.90875777391544
7.12129407761881,2.90752791556873
7.13357240899609,2.90629906403077
7.1458737709001,2.9050712182717
7.15819821039396,2.90384437726297
7.17054577464655,2.90261853997726
7.18291651092963,2.90139370538849
7.1953104666216,2.90016987247188
7.2077276892043,2.89894704020385
7.22016822626639,2.89772520756213
7.23263212550088,2.89650437352567
7.24511943470744,2.89528453707465
7.25763020179146,2.89406569719054
7.27016447476561,2.89284785285604
7.2827223017478,2.89163100305505
7.29530373096332,2.89041514677278
7.30790881074502,2.88920028299564
7.32053758953317,2.88798641071127
7.33319011587463,2.88677352890859
7.34586643842565,2.88556163657771
7.3585666059495,2.88435073270999
7.37129066731836,2.88314081629801
7.38403867151274,2.88193188633562
7.39681066762288,2.88072394181785
7.40960670484689,2.87951698174097
7.4224268324939,2.87831100510247
7.4352710999813,2.8771060109011
7.44813955683769,2.87590199813678
7.46103225270098,2.87469896581066
7.4739492373203,2.87349691292515
7.48689056055474,2.87229583848382
7.49985627237579,2.87109574149147
7.51284642286455,2.86989662095414
7.52586106221449,2.86869847587905
7.53890024073159,2.86750130527463
7.55196400883311,2.86630510815054
7.56505241704829,2.86510988351763
7.57816551602028,2.86391563038795
7.59130335650422,2.86272234777474
7.60446598936844,2.86153003469249
7.61765346559508,2.86033869015684
7.63086583627991,2.85914831318464
7.64410315263322,2.85795890279393
7.65736546597818,2.85677045800398
7.67065282775348,2.8555829778352
7.68396528951315,2.8543964613092
7.69730290292508,2.85321090744883
7.71066571977353,2.85202631527807
7.72405379195747,2.85084268382209
7.73746717149298,2.84966001210729
7.75090591051123,2.8484782991612
7.7643700612608,2.84729754401255
7.77785967610634,2.84611774569126
7.79137480752962,2.84493890322841
7.80491550813023,2.84376101565625
7.81848183062453,2.84258408200825
7.83207382784839,2.84140810131896
7.84569155275378,2.84023307262421
7.85933505841254,2.83905899496093
7.8730043980146,2.83788586736722
7.88669962486931,2.83671368888238
7.900420792405,2.83554245854684
7.91416795417044,2.8343721754022
7.92794116383274,2.83320283849124
7.94174047518044,2.83203444685789
7.95556594212233,2.8308669995472
7.96941761868741,2.82970049560544
7.98329555902655,2.82853493408
7.99719981741189,2.8273703140194
8.01113044823593,2.82620663447336
8.0250875060144,2.82504389449272
8.03907104538489,2.82388209312947
8.05308112110759,2.82272122943673
8.06711778806514,2.82156130246882
8.08118110126381,2.82040231128115
8.09527111583274,2.81924425493028
8.10938788702558,2.81808713247392
8.12353147021831,2.81693094297092
8.13770192091319,2.81577568548127
8.15189929473598,2.81462135906606
8.16612364743733,2.81346796278757
8.18037503489386,2.81231549570917
8.1946535131063,2.81116395689536
8.20895913820231,2.81001334541181
8.22329196643584,2.80886366032528
8.23765205418629,2.80771490070365
8.25203945796016,2.80656706561593
8.26645423439109,2.80542015413229
8.28089644024018,2.80427416532397
8.29536613239561,2.80312909826337
8.30986336787439,2.80198495202395
8.3243882038208,2.80084172568037
8.33894069750827,2.79969941830833
8.35352090633915,2.79855802898467
8.36812888784458,2.79741755678737
8.38276469968557,2.79627800079548
8.39742839965258,2.79513936008915
8.41212004566606,2.79400163374969
8.42683969577765,2.79286482085947
8.44158740816933,2.79172892050197
8.45636324115388,2.7905939317618
8.47116725317545,2.78945985372464
8.4859995028111,2.78832668547728
8.50086004876754,2.78719442610761
8.51574894988629,2.78606307470461
8.53066626513965,2.78493263035837
8.54561205363414,2.78380309216005
8.56058637460962,2.78267445920191
8.57558928743791,2.78154673057732
8.59062085162684,2.78041990538071
8.60568112681762,2.77929398270761
8.62077017278531,2.77816896165464
8.63588804944128,2.7770448413195
8.65103481683191,2.77592162080096
8.66621053513727,2.7747992991989
8.68141526467618,2.77367787561425
8.69664906590193,2.77255734914903
8.71191199940467,2.77143771890634
8.72720412591128,2.77031898399036
8.74252550628674,2.76920114350633
8.75787620153228,2.76808419656056
8.7732562727885,2.76696814226043
8.78866578133288,2.76585297971443
8.80410478858222,2.76473870803206
8.81957335609229,2.76362532632392
8.83507154555723,2.76251283370166
8.85059941881178,2.76140122927801
8.86615703783004,2.76029051216674
8.88174446472667,2.7591806814827
8.89736176175615,2.75807173634179
8.91300899131542,2.75696367586096
8.92868621594075,2.75585649915823
8.94439349831196,2.75475020535267
8.96013090124951,2.75364479356439
8.97589848771664,2.75254026291458
8.99169632081863,2.75143661252545
9.0075244638049,2.75033384152028
9.02338298006771,2.74923194902337
9.03927193314228,2.74813093416012
9.05519138670903,2.74703079605691
9.07114140459213,2.7459315338412
9.08712205076074,2.74483314664147
9.10313338932873,2.74373563358728
9.11917548455605,2.74263899380919
9.13524840084773,2.74154322643879
9.15135220275567,2.74044833060876
9.1674869549774,2.73935430545275
9.18365272235855,2.73826115010548
9.19984956989076,2.73716886370271
9.21607756271398,2.7360774453812
9.23233676611576,2.73498689427875
9.24862724553251,2.73389720953418
9.26494906654871,2.73280839028736
9.28130229489785,2.73172043567917
9.2976869964631,2.73063334485151
9.31410323727734,2.7295471169473
9.33055108352349,2.72846175111048
9.34703060153553,2.72737724648603
9.36354185779707,2.7262936022199
9.38008491894393,2.72521081745912
9.39665985176307,2.72412889135169
9.41326672319422,2.72304782304661
9.42990560032794,2.72196761169395
9.44657655040844,2.72088825644474
9.46327964083372,2.71980975645103
9.48001493915356,2.7187321108659
9.49678251307286,2.7176553188434
9.51358243044995,2.7165793795386
9.53041475929815,2.71550429210761
9.54727956778625,2.71443005570748
9.56417692423647,2.71335666949629
9.58110689712938,2.71228413263314
9.5980695550995,2.71121244427807
9.61506496693907,2.7101416035922
9.63209320159593,2.70907160973757
9.64915432817683,2.70800246187724
9.66624841594444,2.70693415917529
9.68337553432111,2.70586670079674
9.700535752886,2.70480008590764
9.7177291413781,2.70373431367502
9.73495576969471,2.70266938326688
9.7522157078939,2.70160529385221
9.76950902619266,2.70054204460102
9.78683579496843,2.69947963468425
9.80419608475974,2.69841806327387
9.82158996626653,2.69735732954278
9.83901751034896,2.69629743266489
9.85647878803053,2.69523837181511
9.87397387049615,2.69418014616928
9.89150282909399,2.69312275490422
9.90906573533493,2.69206619719777
9.92666266089358,2.6910104722287
9.944293677608,2.68995557917674
9.96195885748116,2.68890151722265
9.97965827268043,2.6878482855481
9.99739199553905,2.68679588333573
10.0151600985537,2.6857443097692
10.0329626543889,2.68469356403307
10.0507997358759,2.68364364531289
10.0686714160103,2.68259455279519
10.0865777679569,2.68154628566743
10.104518865047,2.68049884311804
10.1224947807812,2.67945222433641
10.1405055888263,2.67840642851289
10.1585513630201,2.67736145483879
10.176632177368,2.67631730250634
10.1947481060462,2.67527397070876
10.2128992233995,2.67423145864022
10.2310856039448,2.67318976549582
10.2493073223689,2.67214889047161
10.2675644535296,2.67110883276461
10.2858570724571,2.67006959157276
10.3041852543539,2.66903116609495
10.3225490745938,2.66799355553104
10.3409486087249,2.6669567590818
10.3593839324684,2.66592077594895
10.3778551217189,2.66488560533515
10.3963622525448,2.66385124644401
10.414905401191,2.66281769848007
10.4334846440753,2.6617849606488
10.4521000577932,2.66075303215659
10.4707517191138,2.65972191221082
10.4894397049846,2.65869160001973
10.5081640925293,2.65766209479253
10.5269249590483,2.65663339573938
10.5457223820203,2.65560550207132
10.5645564391022,2.65457841300034
10.5834272081285,2.65355212773936
10.6023347671144,2.65252664550222
10.6212791942534,2.65150196550368
10.6402605679189,2.65047808695943
10.6592789666649,2.64945500908608
10.6783344692267,2.64843273110113
10.6974271545194,2.64741125222306
10.7165571016416,2.64639057167121
10.7357243898725,2.64537068866585
10.7549290986747,2.64435160242819
10.7741713076936,2.64333331218031
10.7934510967576,2.64231581714525
10.8127685458807,2.64129911654692
10.832123735259,2.64028320961016
10.8515167452746,2.63926809556072
10.8709476564948,2.63825377362525
10.8904165496735,2.6372402430313
10.9099235057489,2.63622750300735
10.9294686058472,2.63521555278275
10.9490519312815,2.63420439158776
10.9686735635525,2.63319401865358
10.9883335843485,2.63218443321225
11.008032075547,2.63117563449675
11.027769119214,2.63016762174095
11.0475447976054,2.62916039417958
11.0673591931657,2.62815395104833
11.0872123885319,2.62714829158373
11.1071044665302,2.62614341502323
11.1270355101781,2.62513932060516
11.1470056026858,2.62413600756875
11.167014827456,2.62313347515409
11.1870632680822,2.6221317226022
11.2071510083535,2.62113074915496
11.2272781322513,2.62013055405514
11.2474447239508,2.6191311365464
11.2676508678232,2.61813249587328
11.2878966484345,2.61713463128117
11.3081821505446,2.61613754201641
11.3285074591119,2.61514122732617
11.3488726592902,2.61414568645849
11.36927783643,2.61315091866231
11.38972307608,2.61215692318746
11.4102084639869,2.6111636992846
11.4307340860959,2.61017124620531
11.4513000285509,2.60917956320199
11.4719063776952,2.60818864952797
11.492553220073,2.60719850443741
11.513240642428,2.60620912718534
11.5339687317055,2.60522051702769
11.5547375750517,2.60423267322123
11.5755472598164,2.60324559502357
11.5963978735492,2.60225928169324
11.6172895040046,2.60127373248961
11.6382222391406,2.60028894667289
11.6591961671186,2.59930492350417
11.6802113763044,2.59832166224541
11.7012679552695,2.5973391621594
11.7223659927895,2.59635742250983
11.7435055778487,2.59537644256117
11.7646867996348,2.59439622157884
11.7859097475443,2.59341675882905
11.8071745111815,2.59243805357887
11.828481180358,2.59146010509624
11.8498298450935,2.59048291264995
11.8712205956185,2.5895064755096
11.8926535223717,2.5885307929457
11.9141287160027,2.58755586422957
11.9356462673712,2.58658168863335
11.9572062675483,2.58560826543009
11.9788088078168,2.58463559389364
12.0004539796726,2.58366367329868
12.0221418748225,2.58269250292077
12.0438725851882,2.58172208203629
12.0656462029043,2.58075240992246
12.0874628203207,2.57978348585733
12.1093225300016,2.57881530911979
12.1312254247261,2.57784787898959
12.15317159749,2.57688119474728
12.1751611415058,2.57591525567425
12.197194150202,2.57495006105274
12.2192707172255,2.57398561016582
12.2413909364416,2.57302190229735
12.2635549019326,2.57205893673208
12.2857627080019,2.57109671275555
12.3080144491715,2.57013522965411
12.3303102201846,2.56917448671498
12.3526501160036,2.56821448322619
12.375034231814,2.56725521847657
12.3974626630229,2.56629669175578
12.4199355052587,2.56533890235433
12.4424528543739,2.56438184956352
12.4650148064448,2.56342553267548
12.4876214577709,2.56246995098315
12.5102729048772,2.5615151037803
12.5329692445133,2.56056099036151
12.5557105736554,2.55960761002215
12.5784969895049,2.55865496205845
12.6013285894913,2.55770304576743
12.6242054712714,2.55675186044689
12.6471277327295,2.5558014053955
12.6700954719789,2.5548516799127
12.6931087873628,2.55390268329873
12.7161677774522,2.55295441485468
12.739272541051,2.5520068738824
12.7624231771916,2.55106005968457
12.7856197851401,2.55011397156466
12.8088624643932,2.54916860882696
12.8321513146805,2.54822397077655
12.8554864359651,2.5472800567193
12.8788679284444,2.5463368659619
12.9022958925489,2.54539439781183
12.9257704289454,2.54445265157737
12.9492916385356,2.54351162656758
12.9728596224568,2.54257132209235
12.9964744820842,2.54163173746232
13.0201363190302,2.54069287198895
13.0438452351439,2.53975472498449
13.0676013325148,2.53881729576199
13.0914047134698,2.53788058363525
13.1152554805758,2.53694458791891
13.1391537366415,2.53600930792837
13.1630995847149,2.53507474297981
13.1870931280853,2.53414089239023
13.2111344702864,2.53320775547735
13.2352237150916,2.53227533155976
13.2593609665198,2.53134361995675
13.2835463288331,2.53041261998845
13.3077799065383,2.52948233097575
13.3320618043862,2.52855275224031
13.3563921273756,2.52762388310457
13.3807709807496,2.52669572289177
13.4051984699994,2.52576827092591
13.4296747008635,2.52484152653175
13.4541997793285,2.52391548903485
13.4787738116302,2.52299015776154
13.5033969042535,2.5220655320389
13.5280691639336,2.5211416111948
13.5527906976566,2.52021839455789
13.5775616126592,2.51929588145757
13.6023820164307,2.518374071224
13.6272520167134,2.51745296318813
13.6521717215017,2.51653255668167
13.6771412390443,2.51561285103709
13.7021606778453,2.51469384558761
13.7272301466625,2.51377553966726
13.7523497545105,2.51285793261078
13.77751961066,2.51194102375369
13.8027398246387,2.51102481243229
13.8280105062317,2.5101092979836
13.8533317654833,2.50919447974542
13.8787037126959,2.50828035705633
13.9041264584321,2.50736692925562
13.929600113514,2.50645419568336
13.9551247890263,2.50554215568036
13.9807005963133,2.50463080858822
14.0063276469827,2.50372015374925
14.0320060529046,2.50281019050653
14.0577359262139,2.50190091820387
14.0835173793076,2.50099233618587
14.1093505248491,2.50008444379784
14.1352354757674,2.49917724038584
14.1611723452564,2.49827072529671
14.1871612467785,2.49736489787801
14.2132022940629,2.49645975747802
14.2392956011068,2.49555530344581
14.265441282176,2.49465153513117
14.2916394518071,2.49374845188462
14.3178902248061,2.49284605305745
14.3441937162497,2.49194433800166
14.3705500414867,2.49104330606999
14.3969593161381,2.49014295661593
14.4234216560979,2.48924328899372
14.4499371775327,2.48834430255831
14.4765059968856,2.48744599666538
14.5031282308729,2.48654837067136
14.5298039964869,2.48565142393342
14.556533410997,2.48475515580944
14.5833165919491,2.48385956565803
14.6101536571666,2.48296465283856
14.6370447247527,2.4820704167111
14.6639899130883,2.48117685663644
14.6909893408347,2.48028397197613
14.7180431269341,2.47939176209242
14.74515139061,2.47850022634829
14.7723142513674,2.47760936410746
14.7995318289946,2.47671917473434
14.8268042435624,2.47582965759408
14.8541316154268,2.47494081205258
14.8815140652285,2.47405263747639
14.9089517138927,2.47316513323285
14.9364446826321,2.47227829868998
14.9639930929458,2.47139213321651
14.9915970666204,2.47050663618192
15.0192567257317,2.46962180695638
15.0469721926445,2.46873764491078
15.0747435900124,2.46785414941673
15.1025710407807,2.46697131984654
15.1304546681864,2.46608915557323
15.1583945957572,2.46520765597056
15.1863909473146,2.46432682041296
15.2144438469742,2.46344664827558
15.2425534191442,2.46256713893431
15.2707197885286,2.46168829176571
15.2989430801281,2.46081010614705
15.3272234192386,2.45993258145631
15.3555609314548,2.45905571707218
15.3839557426673,2.45817951237406
15.412407979067,2.45730396674203
15.4409177671444,2.45642907955687
15.4694852336889,2.45555485020009
15.4981105057921,2.45468127805389
15.5267937108476,2.45380836250113
15.5555349765506,2.45293610292543
15.5843344309003,2.45206449871105
15.6131922021994,2.45119354924299
15.6421084190555,2.45032325390691
15.6710832103827,2.44945361208919
15.7001167054004,2.44858462317689
15.729209033636,2.44771628655775
15.7583603249237,2.44684860162023
15.7875707094073,2.44598156775347
15.8168403175399,2.44511518434729
15.8461692800851,2.44424945079219
15.8755577281163,2.44338436647939
15.9050057930204,2.44251993080077
15.9345136064961,2.4416561431489
15.9640813005551,2.44079300291704
15.993709007524,2.43993050949915
16.023396860044,2.43906866228982
16.0531449910722,2.43820746068439
16.0829535338817,2.43734690407884
16.1128226220637,2.43648699186983
16.1427523895276,2.43562772345472
16.172742970501,2.43476909823154
16.2027944995322,2.43391111559899
16.2329071114895,2.43305377495644
16.2630809415625,2.43219707570397
16.2933161252627,2.43134101724231
16.3236127984261,2.43048559897286
16.3539710972111,2.42963082029769
16.384391158101,2.42877668061958
16.4148731179045,2.42792317934194
16.4454171137573,2.42707031586886
16.4760232831215,2.42621808960512
16.5066917637868,2.42536649995615
16.5374226938731,2.42451554632805
16.5682162118283,2.42366522812759
16.5990724564311,2.42281554476222
16.6299915667929,2.42196649564002
16.660973682355,2.42111808016977
16.6920189428927,2.4202702977609
16.7231274885157,2.41942314782349
16.7542994596667,2.41857662976833
16.7855349971255,2.4177307430068
16.8168342420072,2.41688548695099
16.8481973357644,2.41604086101364
16.8796244201884,2.41519686460813
16.9111156374073,2.41435349714853
16.9426711298906,2.41351075804955
16.9742910404492,2.41266864672654
17.0059755122325,2.41182716259554
17.037724688735,2.41098630507321
17.0695387137938,2.41014607357688
17.1014177315884,2.40930646752454
17.1333618866444,2.40846748633482
17.1653713238345,2.40762912942699
17.1974461883757,2.40679139622101
17.2295866258331,2.40595428613745
17.2617927821218,2.40511779859754
17.2940648035044,2.40428193302315
17.3264028365942,2.40344668883683
17.358807028356,2.40261206546174
17.3912775261055,2.4017780623217
17.4238144775135,2.40094467884115
17.4564180306012,2.40011191444522
17.4890883337469,2.39927976855965
17.5218255356845,2.39844824061082
17.5546297855021,2.39761733002578
17.5875012326476,2.39678703623219
17.6204400269264,2.39595735865834
17.6534463185015,2.3951282967332
17.6865202578981,2.39429984988636
17.7196619960012,2.39347201754802
17.7528716840582,2.39264479914904
17.7861494736786,2.39181819412094
17.8194955168364,2.39099220189582
17.8529099658698,2.39016682190645
17.8863929734827,2.38934205358621
17.9199446927449,2.38851789636914
17.9535652770942,2.3876943496899
17.9872548803374,2.38687141298376
18.0210136566491,2.38604908568665
18.0548417605749,2.3852273672351
18.0887393470321,2.38440625706629
18.1227065713082,2.38358575461802
18.1567435890659,2.38276585932872
18.1908505563416,2.38194657063742
18.2250276295445,2.38112788798381
18.2592749654617,2.38030981080819
18.2935927212574,2.37949233855147
18.3279810544716,2.37867547065521
18.3624401230255,2.37785920656156
18.3969700852173,2.3770435457133
18.4315710997283,2.37622848755386
18.4662433256201,2.37541403152723
18.5009869223371,2.37460017707807
18.5358020497076,2.37378692365165
18.5706888679448,2.37297427069382
18.6056475376453,2.37216221765109
18.6406782197952,2.37135076397056
18.6757810757663,2.37053990909994
18.7109562673182,2.36972965248759
18.7462039566022,2.36891999358243
18.7815243061586,2.36811093183402
18.8169174789186,2.36730246669255
18.8523836382066,2.36649459760878
18.8879229477414,2.36568732403409
18.9235355716333,2.36488064542051
18.9592216743918,2.3640745612206
18.9949814209197,2.36326907088761
19.0308149765186,2.36246417387534
19.0667225068888,2.36165986963821
19.1027041781288,2.36085615763126
19.1387601567389,2.36005303731011
19.1748906096204,2.359250508131
19.2110957040764,2.35844856955077
19.2473756078149,2.35764722102686
19.2837304889474,2.3568464620173
19.3201605159908,2.35604629198074
19.3566658578697,2.35524671037642
19.393246683916,2.35444771666416
19.4299031638685,2.35364931030441
19.4666354678787,2.35285149075821
19.5034437665066,2.35205425748717
19.5403282307253,2.35125760995351
19.5772890319197,2.35046154762008
19.6143263418886,2.34966606995027
19.6514403328471,2.34887117640808
19.6886311774255,2.34807686645811
19.7258990486701,2.34728313956557
19.7632441200473,2.34648999519622
19.8006665654415,2.34569743281642
19.8381665591566,2.34490545189316
19.8757442759194,2.34411405189398
19.9133998908792,2.343323232287
19.9511335796065,2.34253299254095
19.9889455180985,2.34174333212515
20.0268358827773,2.34095425050949
20.0648048504922,2.34016574716444
20.1028525985188,2.33937782156108
20.1409793045635,2.33859047317104
20.1791851467611,2.33780370146657
20.217470303679,2.33701750592046
20.2558349543147,2.33623188600611
20.2942792781008,2.33544684119751
20.332803454904,2.33466237096919
20.371407665025,2.3338784747963
20.4100920892025,2.33309515215453
20.448856908613,2.33231240252018
20.4877023048706,2.33153022537012
20.5266284600301,2.33074862018178
20.565635556588,2.32996758643317
20.6047237774809,2.32918712360289
20.6438933060907,2.32840723117011
20.6831443262435,2.32762790861454
20.7224770222094,2.32684915541651
20.7618915787063,2.32607097105689
20.8013881809004,2.32529335501714
20.8409670144055,2.32451630677927
20.8806282652875,2.32373982582587
20.9203721200607,2.32296391164011
20.9601987656943,2.3221885637057
21.0001083896101,2.32141378150695
21.040101179684,2.32063956452871
21.0801773242493,2.31986591225641
21.1203370120946,2.31909282417603
21.1605804324678,2.31832029977415
21.2009077750754,2.31754833853786
21.2413192300859,2.31677693995486
21.2818149881268,2.31600610351338
21.3223952402915,2.31523582870224
21.3630601781356,2.31446611501079
21.4038099936795,2.31369696192897
21.4446448794124,2.31292836894725
21.4855650282887,2.31216033555668
21.5265706337322,2.31139286124887
21.5676618896382,2.31062594551596
21.6088389903705,2.30985958785068
21.6501021307673,2.30909378774629
21.6914515061403,2.30832854469661
21.7328873122752,2.30756385819604
21.7744097454336,2.3067997277395
21.8160190023555,2.30603615282247
21.8577152802578,2.30527313294101
21.8994987768385,2.30451066759169
21.9413696902761,2.30374875627164
21.9833282192304,2.30298739847859
22.0253745628447,2.30222659371074
22.0675089207482,2.3014663414669
22.1097314930553,2.3007066412464
22.1520424803653,2.29994749254912
22.1944420837693,2.2991888948755
22.2369305048455,2.29843084772651
22.2795079456641,2.29767335060366
22.3221746087864,2.29691640300904
22.3649306972674,2.29616000444525
22.4077764146575,2.29540415441543
22.4507119650009,2.29464885242329
22.4937375528407,2.29389409797307
22.5368533832184,2.29313989056953
22.5800596616728,2.292386229718
22.6233565942462,2.29163311492434
22.6667443874819,2.29088054569495
22.7102232484276,2.29012852153675
22.7537933846337,2.28937704195723
22.7974550041581,2.28862610646439
22.8412083155662,2.28787571456678
22.8850535279318,2.28712586577347
22.9289908508376,2.2863765595941
22.9730204943786,2.28562779553881
23.0171426691624,2.28487957311828
23.0613575863097,2.28413189184373
23.1056654574559,2.28338475122692
23.1500664947551,2.28263815078011
23.194560910876,2.28189209001613
23.2391489190086,2.28114656844832
23.2838307328637,2.28040158559054
23.3286065666712,2.27965714095721
23.3734766351867,2.27891323406325
23.4184411536894,2.2781698644241
23.4635003379832,2.27742703155578
23.5086544043999,2.27668473497477
23.5539035698006,2.27594297419811
23.5992480515746,2.27520174874337
23.6446880676442,2.27446105812862
23.6902238364614,2.27372090187248
23.7358555770145,2.27298127949408
23.7815835088267,2.27224219051305
23.8274078519565,2.2715036344496
23.8733288270013,2.27076561082441
23.9193466550976,2.27002811915869
23.9654615579227,2.26929115897418
24.0116737576957,2.26855472979314
24.0579834771801,2.26781883113832
24.1043909396826,2.26708346253304
24.150896369057,2.26634862350109
24.1974999897057,2.26561431356679
24.2442020265778,2.26488053225501
24.2910027051757,2.26414727909105
24.3379022515514,2.26341455360082
24.3849008923108,2.26268235531069
24.4319988546155,2.26195068374755
24.479196366181,2.26121953843882
24.5264936552824,2.26048891891241
24.5738909507531,2.25975882469675
24.621388481986,2.25902925532078
24.6689864789364,2.25830021031397
24.7166851721236,2.25757168920625
24.76448479263,2.25684369152811
24.8123855721053,2.25611621681052
24.8603877427667,2.25538926458496
24.9084915373993,2.25466283438343
24.9566971893594,2.25393692573842
25.0050049325758,2.25321153818294
25.0534150015505,2.25248667125047
25.1019276313585,2.25176232447506
25.150543057653,2.25103849739121
25.199261516665,2.25031518953392
25.2480832452046,2.24959240043873
25.2970084806607,2.24887012964165
25.3460374610074,2.24814837667921
25.3951704248006,2.24742714108842
25.4444076111817,2.24670642240682
25.493749259879,2.24598622017242
25.5431956112095,2.24526653392373
25.5927469060786,2.2445473631998
25.6424033859835,2.24382870754011
25.6921652930148,2.24311056648469
25.7420328698572,2.24239293957403
25.79200635979,2.24167582634916
25.8420860066902,2.24095922635155
25.8922720550343,2.24024313912321
25.942564749899,2.23952756420661
25.9929643369616,2.23881250114475
26.0434710625048,2.23809794948108
26.0940851734149,2.23738390875956
26.1448069171839,2.23667037852465
26.195636541914,2.2359573583213
26.2465742963162,2.23524484769493
26.2976204297109,2.23453284619147
26.3487751920334,2.23382135335734
26.4000388338326,2.23311036873941
26.4514116062727,2.23239989188508
26.5028937611356,2.23168992234224
26.5544855508234,2.23098045965922
26.6061872283563,2.23027150338489
26.6579990473788,2.22956305306856
26.7099212621583,2.22885510826005
26.7619541275872,2.22814766850966
26.8140978991866,2.22744073336816
26.8663528331032,2.22673430238683
26.9187191861162,2.2260283751174
26.9711972156361,2.22532295111209
27.0237871797057,2.22461802992363
27.0764893370044,2.22391361110519
27.1293039468477,2.22320969421044
27.1822312691878,2.22250627879352
27.2352715646186,2.22180336440906
27.2884250943759,2.22110095061215
27.3416921203362,2.22039903695839
27.3950729050228,2.21969762300382
27.4485677116054,2.21899670830496
27.5021768039016,2.21829629241883
27.555900446377,2.21759637490291
27.6097389041517,2.21689695531515
27.6636924429959,2.21619803321398
27.7177613293376,2.2154996081583
27.7719458302579,2.21480167970748
27.8262462134982,2.21410424742138
27.8806627474601,2.21340731086029
27.9351957012039,2.21271086958502
27.9898453444555,2.21201492315683
28.044611947606,2.21131947113741
28.0994957817106,2.210624513089
28.1544971184947,2.20993004857424
28.2096162303538,2.20923607715626
28.2648533903533,2.20854259839867
28.3202088722334,2.20784961186553
28.3756829504093,2.20715711712137
28.4312758999735,2.20646511373117
28.4869879966954,2.20577360126042
28.5428195170257,2.20508257927503
28.5987707380975,2.20439204734138
28.6548419377282,2.20370200502633
28.7110333944184,2.20301245189721
28.7673453873576,2.20232338752177
28.8237781964252,2.20163481146825
28.880332102189,2.20094672330537
28.9370073859117,2.20025912260227
28.9938043295494,2.19957200892856
29.0507232157531,2.19888538185434
29.1077643278738,2.19819924095014
29.1649279499614,2.19751358578694
29.2222143667663,2.1968284159362
29.279623863743,2.19614373096982
29.3371567270518,2.19545953046017
29.3948132435572,2.19477581398008
29.4525937008365,2.1940925811028
29.5104983871729,2.19340983140207
29.5685275915651,2.19272756445208
29.6266816037258,2.19204577982745
29.6849607140806,2.19136447710329
29.7433652137759,2.19068365585512
29.8018953946773,2.19000331565894
29.8605515493701,2.18932345609121
29.9193339711646,2.1886440767288
29.9782429540963,2.18796517714906
30.0372787929252,2.1872867569298
30.096441783143,2.18660881564925
30.1557322209713,2.18593135288609
30.2151504033628,2.18525436821949
30.2746966280062,2.18457786122901
30.3343711933262,2.18390183149469
30.394174398485,2.18322627859701
30.4541065433867,2.18255120211689
30.5141679286743,2.18187660163571
30.5743588557369,2.18120247673528
30.6346796267092,2.18052882699785
30.6951305444722,2.17985565200613
30.755711912658,2.17918295134327
30.8164240356502,2.17851072459283
30.8772672185836,2.17783897133887
30.9382417673501,2.17716769116585
30.9993479886004,2.17649688365867
31.0605861897402,2.17582654840269
31.1219566789396,2.17515668498369
31.183459765131,2.17448729298792
31.2450957580118,2.17381837200202
31.3068649680453,2.17314992161311
31.368767706465,2.17248194140874
31.4308042852755,2.17181443097687
31.492975017253,2.17114738990593
31.5552802159488,2.17048081778477
31.6177201956914,2.16981471420268
31.6802952715887,2.16914907874936
31.7430057595278,2.168483911015
31.8058519761794,2.16781921059016
31.8688342390003,2.16715497706588
31.9319528662307,2.16649121003361
31.9952081769023,2.16582790908524
32.0586004908381,2.16516507381308
32.1221301286508,2.16450270380989
32.1857974117505,2.16384079866884
32.2496026623432,2.16317935798355
32.313546203435,2.16251838134805
32.3776283588301,2.16185786835682
32.4418494531386,2.16119781860475
32.506209811774,2.16053823168717
32.5707097609582,2.15987910719981
32.63534962772,2.15922044473887
32.7001297399011,2.15856224390096
32.7650504261565,2.15790450428309
32.8301120159556,2.15724722548273
32.8953148395856,2.15659040709775
32.9606592281541,2.15593404872646
33.0261455135879,2.1552781499676
33.09177402864,2.1546227104203
33.1575451068888,2.15396772968414
33.2234590827384,2.15331320735913
33.2895162914248,2.15265914304567
33.3557170690171,2.1520055363446
33.4220617524149,2.1513523868572
33.4885506793585,2.15069969418512
33.5551841884243,2.15004745793047
33.6219626190284,2.14939567769578
33.6888863114332,2.14874435308396
33.7559556067416,2.14809348369839
33.8231708469067,2.14744306914282
33.8905323747302,2.14679310902145
33.9580405338634,2.14614360293888
34.0256956688141,2.14549455050014
34.0934981249437,2.14484595131065
34.161448248472,2.14419780497628
34.2295463864785,2.14355011110327
34.297792886907,2.14290286929832
34.3661880985625,2.14225607916852
34.4347323711194,2.14160974032136
34.5034260551197,2.14096385236478
34.5722695019769,2.14031841490709
34.6412630639788,2.13967342755703
34.7104070942856,2.13902888992377
34.7797019469385,2.13838480161686
34.8491479768579,2.13774116224627
34.9187455398453,2.13709797142238
34.9884949925872,2.13645522875599
35.0583966926592,2.13581293385829
35.1284509985213,2.13517108634089
35.1986582695284,2.1345296858158
35.2690188659281,2.13388873189543
35.339533148863,2.13324822419263
35.4102014803745,2.13260816232062
35.4810242234039,2.13196854589303
35.5520017417961,2.13132937452391
35.6231344002996,2.13069064782772
35.694422564571,2.13005236541929
35.7658666011766,2.12941452691388
35.8374668775944,2.12877713192715
35.9092237622156,2.12814018007516
35.9811376243498,2.12750367097437
36.0532088342242,2.12686760424163
36.1254377629867,2.12623197949423
36.19782478271,2.12559679634982
36.2703702663933,2.12496205442646
36.3430745879605,2.12432775334262
36.4159381222698,2.12369389271716
36.488961245112,2.12306047216934
36.5621443332104,2.12242749131882
36.6354877642286,2.12179494978566
36.7089919167697,2.12116284719031
36.7826571703801,2.12053118315361
36.8564839055478,2.11989995729682
36.9304725037119,2.11926916924159
37.0046233472593,2.11863881860993
37.0789368195302,2.11800890502429
37.1534133048169,2.11737942810749
37.2280531883708,2.11675038748275
37.3028568564033,2.11612178277369
37.3778246960842,2.1154936136043
37.4529570955502,2.11486587959899
37.5282544439062,2.11423858038254
37.6037171312213,2.11361171558013
37.6793455485406,2.11298528481735
37.7551400878821,2.11235928772013
37.8311011422386,2.11173372391485
37.9072291055844,2.11110859302824
37.9835243728748,2.11048389468742
38.059987340046,2.10985962851993
38.1366184040264,2.10923579415365
38.2134179627282,2.10861239121689
38.2903864150572,2.10798941933833
38.3675241609144,2.10736687814703
38.4448316011942,2.10674476727245
38.5223091377925,2.10612308634442
38.5999571736078,2.10550183499317
38.6777761125386,2.10488101284931
38.7557663594938,2.10426061954383
38.8339283203911,2.1036406547081
38.9122624021576,2.1030211179739
38.9907690127366,2.10240200897336
39.0694485610897,2.10178332733899
39.1483014571946,2.10116507270372
39.227328112053,2.10054724470083
39.3065289376921,2.09992984296399
39.3859043471642,2.09931286712725
39.4654547545547,2.09869631682503
39.5451805749767,2.09808019169215
39.6250822245826,2.0974644913638
39.7051601205619,2.09684921547554
39.7854146811413,2.09623436366332
39.8658463255942,2.09561993556346
39.9464554742384,2.09500593081266
40.0272425484381,2.09439234904801
40.1082079706111,2.09377918990695
40.1893521642283,2.0931664530273
40.2706755538144,2.09255413804729
40.3521785649562,2.09194224460549
40.4338616242999,2.09133077234085
40.5157251595579,2.0907197208927
40.5977695995063,2.09010908990074
40.6799953739945,2.08949887900506
40.7624029139422,2.08888908784609
40.844992651346,2.08827971606465
40.9277650192762,2.08767076330195
41.0107204518881,2.08706222919955
41.0938593844193,2.08645411339937
41.1771822531907,2.08584641554373
41.2606894956141,2.08523913527531
41.3443815501942,2.08463227223713
41.4282588565262,2.08402582607263
41.5123218553048,2.08341979642558
41.596570988325,2.08281418294013
41.6810066984813,2.08220898526081
41.7656294297768,2.08160420303251
41.8504396273211,2.08099983590046
41.935437737336,2.0803958835103
42.0206242071542,2.07979234550801
42.1059994852276,2.07918922153994
42.1915640211266,2.07858651125282
42.2773182655444,2.0779842142937
42.3632626702971,2.07738233031006
42.4493976883307,2.0767808589497
42.535723773722,2.07617979986078
42.6222413816789,2.07557915269186
42.7089509685482,2.07497891709182
42.7958529918157,2.07437909270992
42.882947910107,2.0737796791958
42.9702361831955,2.07318067619943
43.0577182720019,2.07258208337115
43.1453946385953,2.07198390036168
43.2332657462011,2.07138612682208
43.3213320592019,2.07078876240377
43.4095940431352,2.07019180675855
43.498052164707,2.06959525953853
43.5867068917836,2.06899912039625
43.6755586934026,2.06840338898454
43.7646080397725,2.06780806495662
43.8538554022733,2.06721314796608
43.943301253465,2.06661863766683
44.032946067088,2.06602453371316
44.1227903180617,2.06543083575972
44.2128344824963,2.0648375434615
44.303079037689,2.06424465647384
44.3935244621269,2.06365217445247
44.4841712354964,2.06306009705344
44.5750198386785,2.06246842393315
44.6660707537559,2.06187715474838
44.7573244640165,2.06128628915624
44.8487814539532,2.06069582681421
44.9404422092723,2.0601057673801
45.0323072168884,2.05951611051211
45.124376964936,2.05892685586874
45.2166519427678,2.05833800310887
45.3091326409595,2.05774955189173
45.4018195513092,2.0571615018769
45.4947131668468,2.0565738527243
45.587813981833,2.05598660409421
45.6811224917602,2.05539975564724
45.7746391933621,2.05481330704438
45.8683645846129,2.05422725794692
45.962299164727,2.05364160801656
46.0564434341698,2.05305635691529
46.1507978946548,2.05247150430547
46.2453630491508,2.0518870498498
46.3401394018792,2.05130299321135
46.4351274583242,2.0507193340535
46.5303277252322,2.05013607204
46.6257407106159,2.04955320683492
46.721366923754,2.04897073810271
46.8172068752006,2.04838866550812
46.913261076785,2.04780698871627
47.0095300416125,2.04722570739263
47.106014284073,2.046644821203
47.2027143198413,2.0460643298135
47.299630665877,2.04548423289063
47.396763840435,2.04490453010122
47.4941143630644,2.04432522111242
47.5916827546089,2.04374630559175
47.6894695372167,2.04316778320705
47.7874752343409,2.0425896536265
47.8857003707382,2.04201191651863
47.98414547248,2.0414345715523
48.0828110669503,2.04085761839671
48.181697682851,2.0402810567214
48.2808058502059,2.03970488619624
48.3801361003588,2.03912910649145
48.4796889659858,2.03855371727758
48.5794649810917,2.03797871822551
48.6794646810133,2.03740410900647
48.779688602428,2.03682988929201
48.8801372833529,2.03625605875402
48.9808112631469,2.03568261706473
49.0817110825189,2.03510956389671
49.1828372835287,2.03453689892284
49.2841904095869,2.03396462181636
49.3857710054643,2.03339273225082
49.4875796172939,2.03282122990012
49.5896167925674,2.0322501144385
49.6918830801517,2.03167938554049
49.7943790302778,2.031109042881
49.8971051945551,2.03053908613525
50.0000621259707,2.02996951497877
50.1032503788904,2.02940032908746
50.2066705090669,2.02883152813754
50.3103230736421,2.02826311180552
50.4142086311453,2.0276950797683
50.5183277415057,2.02712743170307
50.6226809660492,2.02656016728735
50.7272688675013,2.025993286199
50.8320920099966,2.0254267881162
50.9371509590782,2.02486067271746
51.0424462816984,2.02429493968162
51.1479785462291,2.02372958868784
51.2537483224605,2.02316461941561
51.3597561816067,2.02260003154474
51.4660026963057,2.02203582475538
51.5724884406279,2.02147199872798
51.6792139900772,2.02090855314333
51.7861799215957,2.02034548768256
51.8933868135626,2.01978280202709
52.0008352458045,2.01922049585868
52.108525799597,2.01865856885942
52.2164590576623,2.01809702071171
52.3246356041831,2.01753585109829
52.4330560247988,2.01697505970219
52.5417209066092,2.01641464620679
52.6506308381825,2.01585461029579
52.7597864095558,2.01529495165319
52.8691882122402,2.01473566996332
52.9788368392213,2.01417676491084
53.0887328849669,2.01361823618072
53.1988769454295,2.01306008345826
53.3092696180495,2.01250230642905
53.4199115017556,2.01194490477903
53.5308031969756,2.01138787819445
53.6419453056356,2.01083122636186
53.7533384311614,2.01027494896815
53.8649831784877,2.00971904570052
53.9768801540601,2.00916351624648
54.0890299658342,2.00860836029386
54.201433223287,2.00805357753081
54.3140905374152,2.00749916764578
54.427002520739,2.00694513032756
54.5401697873096,2.00639146526524
54.6535929527106,2.00583817214821
54.7672726340595,2.0052852506662
54.8812094500161,2.00473270050925
54.9954040207837,2.00418052136769
55.1098569681129,2.0036287129322
55.2245689153074,2.00307727489372
55.339540487222,2.00252620694356
55.4547723102749,2.0019755087733
55.5702650124459,2.00142518007485
55.6860192232803,2.00087522054042
55.8020355738955,2.00032562986256
55.9183146969845,1.99977640773408
56.034857226815,1.99922755384814
56.1516637992404,1.9986790678982
56.2687350516998,1.99813094957802
56.3860716232196,1.99758319858168
56.5036741544237,1.99703581460356
56.6215432875326,1.99648879733834
56.7396796663654,1.99594214648104
56.8580839363548,1.99539586172695
56.976756744534,1.99484994277169
57.0956987395553,1.99430438931118
57.2149105716887,1.99375920104163
57.3343928928215,1.9932143776596
57.4541463564707,1.99266991886191
57.5741716177829,1.99212582434569
57.6944693335332,1.99158209380841
57.8150401621389,1.99103872694781
57.9358847636592,1.99049572346195
58.0570037997943,1.98995308304918
58.1783979338973,1.98941080540818
58.3000678309764,1.98886889023789
58.4220141576914,1.9883273372376
58.5442375823695,1.98778614610687
58.6667387750009,1.98724531654557
58.789518407248,1.98670484825387
58.9125771524427,1.98616474093227
59.0359156855981,1.98562499428152
59.1595346834086,1.98508560800271
59.2834348242566,1.9845465817972
59.4076167882094,1.98400791536668
59.5320812570336,1.98346960841313
59.6568289141946,1.9829316606388
59.7818604448552,1.9823940717463
59.9071765358903,1.98185684143847
60.0327778758845,1.9813199694185
60.1586651551345,1.98078345538985
60.2848390656597,1.98024729905628
60.4113003012017,1.97971150012186
60.5380495572316,1.97917605829094
60.665087530947,1.97864097326819
60.7924149212875,1.97810624475854
60.9200324289295,1.97757187246726
61.0479407562972,1.97703785609987
61.1761406075582,1.97650419536222
61.3046326886378,1.97597088996043
61.4334177072179,1.97543793960094
61.5624963727385,1.97490534399046
61.6918693964094,1.974373102836
61.8215374912102,1.97384121584487
61.9515013718903,1.97330968272468
62.0817617549828,1.9727785031833
62.2123193588028,1.97224767692893
62.3431749034502,1.97171720367004
62.4743291108182,1.97118708311539
62.6057827045974,1.97065731497405
62.7375364102752,1.97012789895536
62.8695909551464,1.96959883476897
63.0019470683138,1.9690701221248
63.1346054806944,1.96854176073307
63.2675669250232,1.96801375030428
63.4008321358537,1.96748609054925
63.53440184957,1.96695878117906
63.6682768043874,1.96643182190506
63.8024577403526,1.96590521243895
63.9369453993553,1.96537895249266
64.0717405251305,1.96485304177842
64.2068438632574,1.96432748000878
64.3422561611717,1.96380226689653
64.4779781681685,1.96327740215478
64.6140106353988,1.96275288549692
64.7503543158857,1.96222871663661
64.8870099645229,1.9617048952878
65.0239783380739,1.96118142116475
65.1612601951926,1.96065829398197
65.2988562964069,1.96013551345428
65.4367674041402,1.95961307929676
65.5749942827095,1.9590909912248
65.7135376983248,1.95856924895407
65.8523984191044,1.9580478522005
65.9915772150729,1.95752680068031
66.1310748581635,1.95700609411003
66.2708921222291,1.95648573220645
66.4110297830445,1.95596571468662
66.5514886183058,1.95544604126793
66.6922694076434,1.95492671166799
66.8333729326226,1.95440772560472
66.9747999767444,1.95388908279633
67.1165513254581,1.95337078296129
67.2586277661604,1.95285282581835
67.4010300882022,1.95233521108656
67.5437590828898,1.95181793848524
67.6868155434954,1.95130100773397
67.830200265258,1.95078441855263
67.9739140453899,1.95026817066137
68.117957683076,1.94975226378063
68.2623319794878,1.94923669763111
68.4070377377827,1.94872147193379
68.5520757631046,1.94820658640994
68.6974468625984,1.94769204078109
68.8431518454093,1.94717783476906
68.9891915226833,1.94666396809594
69.135566707581,1.9461504404841
69.2822782152765,1.94563725165617
69.4293268629662,1.94512440133507
69.5767134698647,1.944611889244
69.7244388572232,1.94409971510642
69.8725038483196,1.94358787864607
70.0209092684805,1.94307637958696
70.1696559450672,1.94256521765338
70.3187447074937,1.94205439256989
70.4681763872298,1.94154390406131
70.6179518177979,1.94103375185277
70.7680718347884,1.94052393566963
70.9185372758602,1.94001445523754
71.0693489807406,1.93950531028242
71.2205077912394,1.93899650053047
71.3720145512496,1.93848802570815
71.5238701067469,1.93797988554218
71.6760753058055,1.93747207975959
71.8286309985956,1.93696460808762
71.9815380373877,1.93645747025384
72.1347972765624,1.93595066598605
72.2884095726135,1.93544419501234
72.4423757841501,1.93493805706105
72.5966967719077,1.9344322518608
72.751373398743,1.93392677914049
72.9064065296514,1.93342163862925
73.0617970317655,1.93291683005652
73.2175457743551,1.93241235315199
73.3736536288431,1.93190820764561
73.5301214688061,1.9314043932676
73.6869501699718,1.93090090974845
73.8441406102374,1.93039775681892
74.001693669667,1.92989493421002
74.1596102304939,1.92939244165305
74.3178911771333,1.92889027887956
74.4765373961849,1.92838844562134
74.6355497764312,1.9278869416105
74.7949292088538,1.92738576657937
74.9546765866301,1.92688492026056
75.1147928051428,1.92638440238693
75.2752787619841,1.92588421269163
75.4361353569564,1.92538435090806
75.5973634920863,1.92488481676986
75.7589640716245,1.92438561001096
75.9209380020461,1.92388673036556
76.0832861920672,1.92338817756809
76.246009552644,1.92288995135325
76.4091089969714,1.92239205145602
76.5725854405023,1.92189447761164
76.7364398009444,1.92139722955557
76.9006729982611,1.92090030702358
77.0652859546878,1.92040370975168
77.2302795947301,1.91990743747613
77.3956548451721,1.91941148993346
77.5614126350743,1.91891586686046
77.7275538957915,1.91842056799417
77.8940795609683,1.91792559307191
78.0609905665495,1.91743094183122
78.2282878507789,1.91693661400993
78.3959723542139,1.91644260934613
78.5640450197267,1.91594892757813
78.7325067925028,1.91545556844455
78.901358620059,1.91496253168422
79.0706014522424,1.91446981703624
79.2402362412298,1.91397742423998
79.4102639415452,1.91348535303506
79.5806855100598,1.91299360316135
79.75150190599,1.91250217435897
79.9227140909159,1.9120110663683
80.0943230287806,1.91152027892999
80.266329685888,1.91102981178493
80.4387350309286,1.91053966467424
80.6115400349596,1.91004983733934
80.7847456714301,1.90956032952188
80.9583529161801,1.90907114096376
81.1323627474385,1.90858227140714
81.3067761458429,1.90809372059443
81.4815940944363,1.90760548826829
81.6568175786685,1.90711757417163
81.8324475864137,1.90662997804763
82.0084851079687,1.90614269963969
82.1849311360543,1.90565573869149
82.3617866658316,1.90516909494695
82.5390526949007,1.90468276815023
82.7167302233029,1.90419675804576
82.8948202535365,1.9037110643782
83.0733237905544,1.90322568689248
83.2522418417723,1.90274062533376
83.4315754170759,1.90225587944746
83.6113255288198,1.90177144897924
83.7914931918425,1.90128733367503
83.9720794234692,1.90080353328099
84.1530852435085,1.90032004754352
84.3345116742727,1.89983687620928
84.5163597405759,1.89935401902519
84.698630469734,1.89887147573839
84.8813248915828,1.89838924609629
85.0644440384772,1.89790732984653
85.2479889452913,1.897425726737
85.4319606494357,1.89694443651585
85.6163601908584,1.89646345893145
85.8011886120428,1.89598279373244
85.9864469580273,1.8955024406677
86.1721362764012,1.89502239948634
86.3582576173139,1.89454266993772
86.5448120334824,1.89406325177146
86.7318005801892,1.89358414473741
86.9192243152991,1.89310534858566
87.1070842992607,1.89262686306655
87.2953815951048,1.89214868793068
87.4841172684626,1.89167082292886
87.6732923875667,1.89119326781215
87.8629080232492,1.89071602233189
88.0529652489609,1.89023908623961
88.2434651407702,1.8897624592871
88.4344087773639,1.88928614122642
88.6257972400646,1.88881013180983
88.8176316128283,1.88833443078985
89.0099129822554,1.88785903791924
89.2026424375876,1.887383952951
89.3958210707266,1.88690917563838
89.5894499762309,1.88643470573484
89.7835302513278,1.88596054299411
89.9780629959089,1.88548668717015
90.1730493125498,1.88501313801716
90.3684903065096,1.88453989528956
90.5643870857311,1.88406695874205
90.7607407608579,1.88359432812952
90.9575524452362,1.88312200320713
91.1548232549129,1.88264998373027
91.3525543086546,1.88217826945457
91.5507467279483,1.88170686013588
91.7494016370005,1.88123575553031
91.948520162754,1.8807649553942
92.148103434892,1.88029445948411
92.3481525858321,1.87982426755686
92.5486687507562,1.87935437936949
92.7496530675885,1.87888479467929
92.9511066770236,1.87841551324376
93.1530307225245,1.87794653482065
93.3554263503224,1.87747785916797
93.5582947094359,1.87700948604392
93.7616369516703,1.87654141520695
93.9654542316174,1.87607364641577
94.1697477066749,1.87560617942928
94.3745185370465,1.87513901400664
94.5797678857395,1.87467214990725
94.785496918587,1.87420558689072
94.991706804245,1.8737393247169
95.1983987141946,1.87327336314589
95.4055738227593,1.872807701938
95.6132333071022,1.87234234085379
95.8213783472369,1.87187727965402
96.0300101260341,1.87141251809972
96.2391298292184,1.87094805595214
96.4487386453904,1.87048389297273
96.6588377660245,1.87002002892322
96.8694283854675,1.86955646356553
97.0805117009614,1.86909319666184
97.2920889126399,1.86863022797453
97.5041612235301,1.86816755726624
97.7167298395724,1.86770518429981
97.9297959696173,1.86724310883833
98.1433608254286,1.86678133064511
98.3574256217005,1.86631984948369
98.5719915760575,1.86585866511784
98.7870599090626,1.86539777731156
99.0026318442177,1.86493718582907
99.2187086079795,1.86447689043482
99.4352914297614,1.86401689089349
99.6523815419411,1.86355718696998
99.8699801798597,1.86309777842943
100.088088581841,1.86263866503719
100.306707989191,1.86217984655886
100.525839646199,1.86172132276024
100.745484800155,1.86126309340736
100.965644701353,1.86080515826649
101.186320603087,1.86034751710412
101.407513761673,1.85989016968695
101.629225436449,1.85943311578193
101.851456889775,1.85897635515621
102.074209387051,1.85851988757717
102.297484196714,1.85806371281244
102.521282590256,1.85760783062982
102.745605842211,1.8571522407974
102.970455230184,1.85669694308343
103.195832034845,1.85624193725643
103.421737539937,1.85578722308511
103.64817303228,1.85533280033843
103.875139801786,1.85487866878555
104.102639141462,1.85442482819586
104.330672347406,1.85397127833897
104.559240718834,1.85351801898472
104.788345558071,1.85306504990315
105.01798817056,1.85261237086456
105.248169864872,1.85215998163942
105.478891952716,1.85170788199846
105.710155748934,1.85125607171261
105.941962571519,1.85080455055304
106.174313741621,1.8503533182911
106.407210583539,1.84990237469841
106.640654424755,1.84945171954676
106.874646595909,1.8490013526082
107.109188430831,1.84855127365498
107.344281266538,1.84810148245956
107.579926443233,1.84765197879464
107.816125304329,1.84720276243313
108.052879196443,1.84675383314813
108.290189469403,1.846305190713
108.52805747626,1.84585683490129
108.766484573299,1.84540876548678
109.005472120027,1.84496098224345
109.245021479203,1.84451348494553
109.485134016831,1.84406627336742
109.725811102166,1.84361934728378
109.96705410773,1.84317270646946
110.208864409313,1.84272635069953
110.45124338598,1.84228027974926
110.694192420073,1.84183449339418
110.937712897232,1.84138899140999
111.181806206387,1.84094377357262
111.426473739775,1.84049883965822
111.671716892938,1.84005418944314
111.917537064738,1.83960982270397
112.163935657365,1.83916573921748
112.410914076326,1.83872193876068
112.65847373048,1.83827842111077
112.906616032026,1.83783518604519
113.155342396508,1.83739223334157
113.404654242835,1.83694956277776
113.65455299328,1.83650717413182
113.905040073491,1.83606506718203
114.156116912486,1.83562324170688
114.407784942679,1.83518169748506
114.660045599871,1.83474043429547
114.91290032327,1.83429945191724
115.166350555481,1.83385875012971
115.420397742531,1.8334183287124
115.675043333869,1.83297818744507
115.930288782364,1.83253832610768
116.186135544327,1.83209874448041
116.442585079515,1.83165944234361
116.699638851122,1.83122041947791
116.957298325809,1.83078167566408
117.215564973698,1.83034321068313
117.474440268378,1.82990502431628
117.733925686919,1.82946711634496
117.994022709879,1.82902948655079
118.254732821299,1.82859213471562
118.516057508724,1.8281550606215
118.777998263207,1.82771826405067
119.040556579312,1.8272817447856
119.303733955126,1.82684550260896
119.567531892254,1.82640953730363
119.831951895847,1.82597384865268
120.096995474595,1.8255384364394
120.36266414073,1.8251033004473
120.628959410048,1.82466844046007
120.895882801908,1.82423385626162
121.163435839232,1.82379954763605
121.431620048526,1.82336551436769
121.700436959882,1.82293175624105
121.969888106978,1.82249827304086
122.239975027095,1.82206506455205
122.510699261124,1.82163213055976
122.782062353558,1.82119947084933
123.054065852528,1.82076708520629
123.326711309777,1.82033497341639
123.600000280692,1.81990313526558
123.873934324304,1.81947157054002
124.148515003286,1.81904027902605
124.423743883973,1.81860926051024
124.699622536371,1.81817851477935
124.976152534143,1.81774804162033
125.253335454643,1.81731784082036
125.53117287891,1.81688791216679
125.809666391669,1.81645825544719
126.088817581353,1.81602887044935
126.368628040105,1.81559975696121
126.649099363774,1.81517091477095
126.93023315194,1.81474234366695
127.212031007913,1.81431404343778
127.49449453874,1.8138860138722
127.777625355206,1.81345825475919
128.061425071857,1.81303076588792
128.345895306996,1.81260354704776
128.631037682695,1.81217659802828
128.916853824793,1.81174991861925
129.203345362918,1.81132350861064
129.490513930488,1.8108973677926
129.778361164709,1.81047149595552
130.066888706599,1.81004589288995
130.356098200988,1.80962055838664
130.645991296516,1.80919549223657
130.936569645657,1.80877069423089
131.227834904718,1.80834616416094
131.519788733849,1.80792190181828
131.812432797037,1.80749790699466
132.105768762136,1.80707417948203
132.399798300863,1.80665071907251
132.694523088804,1.80622752555845
132.989944805418,1.80580459873238
133.286065134056,1.80538193838704
133.582885761965,1.80495954431533
133.880408380281,1.80453741631038
134.17863468406,1.80411555416552
134.477566372271,1.80369395767423
134.777205147799,1.80327262663024
135.077552717468,1.80285156082743
135.378610792041,1.8024307600599
135.680381086217,1.80201022412194
135.982865318655,1.80158995280803
136.28606521198,1.80116994591284
136.589982492772,1.80075020323124
136.894618891597,1.80033072455828
137.199976143002,1.79991150968923
137.506055985523,1.79949255841953
137.812860161701,1.79907387054481
138.12039041807,1.79865544586092
138.428648505189,1.79823728416387
138.737636177637,1.79781938524987
139.047355194013,1.79740174891535
139.357807316963,1.79698437495688
139.668994313173,1.79656726317126
139.980917953374,1.79615041335549
140.293580012366,1.79573382530671
140.606982269013,1.7953174988223
140.921126506245,1.79490143369982
141.236014511084,1.794485629737
141.55164807464,1.79407008673177
141.868028992108,1.79365480448227
142.18515906281,1.79323978278679
142.503040090159,1.79282502144385
142.821673881697,1.79241052025213
143.141062249097,1.79199627901051
143.461207008157,1.79158229751807
143.782109978826,1.79116857557405
144.103772985204,1.79075511297791
144.42619785554,1.79034190952928
144.749386422258,1.78992896502798
145.073340521954,1.78951627927402
145.398061995397,1.7891038520676
145.723552687554,1.78869168320909
146.049814447587,1.78827977249908
146.376849128855,1.78786811973831
146.704658588935,1.78745672472775
147.033244689623,1.78704558726851
147.362609296943,1.7866347071619
147.692754281146,1.78622408420945
148.023681516732,1.78581371821284
148.355392882451,1.78540360897393
148.687890261313,1.7849937562948
149.021175540582,1.78458415997769
149.355250611807,1.78417481982503
149.690117370818,1.78376573563942
150.025777717721,1.78335690722369
150.362233556931,1.78294833438081
150.699486797165,1.78254001691395
151.037539351442,1.78213195462646
151.376393137112,1.78172414732188
151.716050075847,1.78131659480393
152.056512093657,1.78090929687652
152.397781120885,1.78050225334373
152.739859092235,1.78009546400983
153.082747946765,1.77968892867928
153.426449627902,1.77928264715671
153.770966083436,1.77887661924694
154.116299265548,1.77847084475498
154.46245113081,1.77806532348599
154.809423640177,1.77766005524535
155.157218759022,1.77725503983861
155.505838457128,1.77685027707149
155.855284708689,1.7764457667499
156.205559492335,1.77604150867994
156.556664791133,1.77563750266786
156.908602592583,1.77523374852012
157.261374888644,1.77483024604337
157.614983675735,1.77442699504439
157.969430954733,1.7740239953302
158.324718730996,1.77362124670795
158.680849014362,1.77321874898501
159.037823819159,1.7728165019689
159.395645164216,1.77241450546733
159.754315072855,1.7720127592882
160.113835572923,1.77161126323957
160.474208696788,1.77121001712968
160.835436481334,1.77080902076698
161.197520967994,1.77040827396004
161.560464202744,1.77000777651767
161.9242682361,1.76960752824882
162.28893512315,1.76920752896262
162.65446692355,1.76880777846839
163.020865701516,1.76840827657563
163.388133525863,1.768009023094
163.756272469993,1.76761001783335
164.125284611893,1.76721126060371
164.495172034182,1.76681275121526
164.865936824067,1.7664144894784
165.237581073392,1.76601647520366
165.610106878628,1.76561870820178
165.983516340876,1.76522118828367
166.35781156589,1.7648239152604
166.732994664078,1.76442688894322
167.109067750498,1.76403010914358
167.486032944885,1.76363357567306
167.863892371655,1.76323728834346
168.242648159891,1.76284124696673
168.622302443382,1.76244545135499
169.002857360617,1.76204990132055
169.384315054778,1.76165459667588
169.766677673776,1.76125953723365
170.14994737024,1.76086472280667
170.534126301534,1.76047015320793
170.919216629747,1.76007582825063
171.305220521726,1.75968174774809
171.69214014907,1.75928791151384
172.079977688142,1.75889431936156
172.468735320061,1.75850097110512
172.858415230737,1.75810786655855
173.249019610865,1.75771500553607
173.640550655919,1.75732238785205
174.033010566187,1.75693001332105
174.426401546764,1.75653788175777
174.820725807548,1.75614599297713
175.215985563275,1.75575434679419
175.612183033507,1.75536294302418
176.009320442649,1.75497178148251
176.40740001994,1.75458086198477
176.806423999488,1.75419018434669
177.206394620256,1.75379974838419
177.607314126086,1.75340955391337
178.00918476568,1.7530196007505
178.41200879264,1.75262988871198
178.815788465464,1.75224041761443
179.220526047534,1.75185118727461
179.626223807157,1.75146219750946
180.032884017554,1.75107344813608
180.440508956858,1.75068493897175
180.849100908146,1.75029666983392
181.258662159438,1.74990864054019
181.669195003684,1.74952085090836
182.080701738804,1.74913330075635
182.49318466768,1.7487459899023
182.906646098153,1.74835891816448
183.321088343054,1.74797208536136
183.736513720194,1.74758549131154
184.152924552379,1.74719913583381
184.570323167422,1.74681301874713
184.988711898128,1.74642713987062
185.408093082336,1.74604149902357
185.828469062905,1.74565609602542
186.249842187715,1.7452709306958
186.672214809699,1.7448860028545
187.095589286836,1.74450131232146
187.519967982147,1.74411685891681
187.945353263728,1.74373264246083
188.371747504747,1.74334866277395
188.799153083436,1.74296491967681
189.227572383124,1.74258141299018
189.657007792234,1.742198142535
190.087461704278,1.74181510813239
190.518936517887,1.74143230960361
190.951434636803,1.74104974677009
191.384958469896,1.74066741945346
191.819510431168,1.74028532747546
192.255092939746,1.73990347065803
192.691708419918,1.73952184882326
193.129359301126,1.7391404617934
193.568048017959,1.73875930939089
194.007777010191,1.73837839143829
194.448548722768,1.73799770775836
194.890365605813,1.737617258174
195.333230114648,1.7372370425083
195.777144709798,1.73685706058446
196.222111856981,1.7364773122259
196.668134027143,1.73609779725618
197.115213696445,1.73571851549901
197.563353346286,1.73533946677826
198.012555463285,1.734960650918
198.46282253932,1.73458206774242
198.914157071518,1.73420371707588
199.366561562269,1.73382559874291
199.820038519215,1.7334477125682
200.274590455289,1.7330700583766
200.730219888703,1.73269263599311
201.186929342947,1.73231544524291
201.64472134682,1.73193848595132
202.103598434428,1.73156175794383
202.563563145171,1.7311852610461
203.024618023785,1.73080899508392
203.486765620333,1.73043295988326
203.950008490196,1.73005715527026
204.414349194111,1.7296815810712
204.879790298166,1.72930623711252
205.346334373785,1.72893112322083
205.813983997787,1.72855623922288
206.282741752333,1.72818158494561
206.752610224977,1.72780716021609
207.223592008664,1.72743296486156
207.695689701713,1.7270589987094
208.16890590786,1.72668526158719
208.64324323625,1.72631175332261
209.118704301426,1.72593847374355
209.595291723371,1.72556542267803
210.073008127496,1.72519259995422
210.551856144635,1.72482000540047
211.03183841108,1.72444763884528
211.512957568577,1.7240755001173
211.995216264315,1.72370358904533
212.478617150964,1.72333190545834
212.963162886663,1.72296044918545
213.448856135031,1.72258922005594
213.93569956518,1.72221821789924
214.423695851705,1.72184744254494
214.912847674712,1.72147689382278
215.403157719824,1.72110657156266
215.894628678162,1.72073647559464
216.387263246385,1.72036660574892
216.881064126686,1.71999696185587
217.37603402678,1.719627543746
217.872175659941,1.71925835124999
218.369491744998,1.71888938419866
218.867985006325,1.718520642423
219.367658173874,1.71815212575414
219.868513983175,1.71778383402337
220.370555175321,1.71741576706213
220.873784497012,1.71704792470201
221.378204700535,1.71668030677477
221.883818543779,1.7163129131123
222.390628790249,1.71594574354666
222.89863820905,1.71557879791006
223.407849574927,1.71521207603485
223.918265668253,1.71484557775356
224.429889275024,1.71447930289884
224.942723186897,1.71411325130351
225.456770201179,1.71374742280054
225.972033120819,1.71338181722305
226.488514754448,1.71301643440432
227.00621791637,1.71265127417776
227.525145426547,1.71228633637695
228.045300110651,1.71192162083562
228.566684800033,1.71155712738764
229.089302331757,1.71119285586704
229.61315554857,1.71082880610801
230.138247298954,1.71046497794486
230.664580437103,1.71010137121208
231.192157822944,1.7097379857443
231.720982322122,1.70937482137629
232.251056806038,1.709011877943
232.782384151842,1.70864915527948
233.314967242419,1.70828665322098
233.848808966434,1.70792437160287
234.383912218318,1.70756231026068
234.920279898262,1.70720046903008
235.457914912251,1.70683884774691
235.996820172061,1.70647744624712
236.536998595244,1.70611626436685
237.07845310517,1.70575530194237
237.621186631016,1.70539455881009
238.165202107754,1.70503403480659
238.710502476213,1.70467372976857
239.25709068301,1.7043136435329
239.804969680621,1.7039537759366
240.354142427361,1.70359412681681
240.904611887376,1.70323469601084
241.456381030681,1.70287548335615
242.009452833155,1.70251648869033
242.563830276523,1.70215771185114
243.1195163484,1.70179915267646
243.676514042286,1.70144081100433
244.234826357543,1.70108268667295
244.794456299447,1.70072477952064
245.355406879173,1.70036708938587
245.917681113782,1.70000961610728
246.481282026266,1.69965235952363
247.046212645527,1.69929531947384
247.612476006394,1.69893849579697
248.180075149631,1.69858188833223
248.749013121923,1.69822549691896
249.319292975915,1.69786932139667
249.890917770201,1.69751336160499
250.463890569313,1.69715761738371
251.038214443766,1.69680208857276
251.613892470039,1.69644677501221
252.190927730571,1.6960916765423
252.769323313799,1.69573679300336
253.349082314145,1.69538212423592
253.930207832008,1.69502767008063
254.512702973802,1.69467343037827
255.09657085195,1.69431940496979
255.681814584866,1.69396559369626
256.268437296998,1.69361199639892
256.856442118815,1.69325861291913
257.445832186811,1.69290544309839
258.036610643526,1.69255248677836
258.62878063752,1.69219974380084
259.222345323421,1.69184721400777
259.817307861909,1.69149489724121
260.413671419705,1.6911427933434
261.011439169614,1.69079090215671
261.610614290512,1.69043922352362
262.211199967333,1.6900877572868
262.813199391114,1.68973650328903
263.416615758979,1.68938546137324
264.021452274128,1.6890346313825
264.627712145881,1.68868401316003
265.235398589655,1.68833360654918
265.844514826988,1.68798341139343
266.455064085517,1.68763342753644
267.067049599017,1.68728365482197
267.680474607389,1.68693409309393
268.295342356674,1.68658474219639
268.911656099034,1.68623560197353
269.529419092795,1.6858866722697
270.148634602435,1.68553795292937
270.76930589857,1.68518944379715
271.391436257997,1.6848411447178
272.015028963681,1.68449305553621
272.64008730474,1.68414517609741
273.266614576492,1.68379750624658
273.89461408044,1.68345004582902
274.524089124255,1.68310279469019
275.155043021824,1.68275575267567
275.787479093233,1.68240891963119
276.42140066475,1.68206229540261
277.056811068899,1.68171587983593
277.693713644375,1.6813696727773
278.332111736119,1.68102367407299
278.972008695302,1.68067788356941
279.613407879307,1.68033230111313
280.256312651773,1.67998692655083
280.900726382582,1.67964175972934
281.546652447845,1.67929680049562
282.194094229945,1.67895204869678
282.843055117524,1.67860750418005
283.493538505467,1.67826316679281
284.145547794947,1.67791903638258
284.79908639341,1.67757511279699
285.454157714561,1.67723139588384
286.110765178409,1.67688788549104
286.768912211243,1.67654458146665
287.428602245646,1.67620148365886
288.089838720507,1.675858591916
288.752625080996,1.67551590608654
289.416964778614,1.67517342601907
290.082861271171,1.67483115156233
290.750318022777,1.67448908256518
291.419338503884,1.67414721887663
292.089926191271,1.67380556034582
292.762084568028,1.67346410682201
293.435817123603,1.67312285815463
294.111127353786,1.67278181419321
294.788018760688,1.67244097478742
295.466494852798,1.67210033978709
296.146559144955,1.67175990904214
296.828215158338,1.67141968240267
297.511466420511,1.67107965971888
298.196316465402,1.67073984084111
298.88276883331,1.67040022561986
299.570827070919,1.67006081390572
300.260494731274,1.66972160554944
300.95177537383,1.66938260040191
301.644672564428,1.66904379831413
302.339189875289,1.66870519913725
303.035330885051,1.66836680272254
303.733099178756,1.66802860892141
304.432498347835,1.66769061758541
305.133531990152,1.6673528285662
305.836203709986,1.66701524171559
306.540517118016,1.66667785688552
307.24647583137,1.66634067392806
307.954083473594,1.66600369269541
308.663343674678,1.66566691303989
309.374260071024,1.66533033481397
310.086836305501,1.66499395787025
310.801076027412,1.66465778206145
311.516982892519,1.66432180724042
312.234560563016,1.66398603326016
312.953812707572,1.66365045997378
313.674743001323,1.66331508723452
314.397355125841,1.66297991489578
315.121652769195,1.66264494281105
315.847639625924,1.66231017083397
316.575319397019,1.66197559881832
317.304695789976,1.66164122661799
318.035772518774,1.661307054087
318.768553303856,1.66097308107952
319.503041872181,1.66063930744984
320.239241957198,1.66030573305236
320.977157298829,1.65997235774164
321.716791643548,1.65963918137235
322.45814874428,1.65930620379929
323.201232360493,1.65897342487739
323.946046258165,1.65864084446172
324.692594209765,1.65830846240746
325.440879994307,1.65797627856993
326.190907397325,1.65764429280457
326.942680210858,1.65731250496697
327.696202233495,1.65698091491281
328.451477270358,1.65664952249793
329.208509133081,1.6563183275783
329.967301639861,1.65598733000998
330.727858615436,1.65565652964919
331.490183891065,1.65532592635228
332.254281304581,1.6549955199757
333.020154700356,1.65466531037606
333.787807929328,1.65433529741006
334.557244848967,1.65400548093457
335.328469323328,1.65367586080654
336.101485223019,1.65334643688308
336.876296425223,1.65301720902142
337.65290681367,1.65268817707891
338.431320278681,1.65235934091303
339.211540717157,1.65203070038137
339.993572032548,1.65170225534168
340.77741813491,1.65137400565181
341.563082940882,1.65104595116973
342.350570373662,1.65071809175356
343.139884363064,1.65039042726152
343.931028845489,1.65006295755198
344.724007763908,1.64973568248342
345.518825067914,1.64940860191444
346.315484713687,1.64908171570377
347.11399066401,1.64875502371028
347.914346888276,1.64842852579294
348.716557362458,1.64810222181085
349.520626069166,1.64777611162326
350.326556997614,1.6474501950895
351.134354143608,1.64712447206907
351.944021509592,1.64679894242155
352.755563104627,1.64647360600668
353.568982944368,1.64614846268431
354.384285051116,1.6458235123144
355.201473453797,1.64549875475705
356.020552187936,1.64517418987249
356.84152529571,1.64484981752105
357.664396825926,1.6445256375632
358.489170833999,1.64420164985952
359.315851381999,1.64387785427073
360.144442538627,1.64355425065766
360.974948379218,1.64323083888127
361.807372985755,1.64290761880263
362.641720446837,1.64258459028294
363.477994857731,1.64226175318353
364.316200320347,1.64193910736584
365.156340943217,1.64161665269143
365.998420841545,1.641294389022
366.842444137185,1.64097231621934
367.688414958614,1.64065043414541
368.536337440988,1.64032874266223
369.386215726119,1.64000724163199
370.238053962444,1.63968593091699
371.091856305087,1.63936481037963
371.947626915825,1.63904387988246
372.805369963064,1.63872313928813
373.665089621929,1.63840258845941
374.526790074148,1.63808222725921
375.390475508143,1.63776205555054
376.256150119005,1.63744207319654
377.12381810846,1.63712228006047
377.993483684931,1.63680267600571
378.865151063505,1.63648326089574
379.738824465913,1.63616403459421
380.614508120582,1.63584499696484
381.49220626261,1.63552614787148
382.371923133739,1.63520748717811
383.25366298241,1.63488901474883
384.137430063739,1.63457073044786
385.023228639487,1.63425263413952
385.911062978118,1.63393472568827
386.800937354764,1.63361700495868
387.692856051241,1.63329947181543
388.586823356013,1.63298212612334
389.482843564251,1.63266496774733
390.380920977794,1.63234799655245
391.281059905172,1.63203121240386
392.183264661562,1.63171461516684
393.087539568851,1.63139820470679
393.993888955605,1.63108198088921
394.902317157044,1.63076594357976
395.812828515097,1.63045009264418
396.72542737837,1.63013442794833
397.640118102129,1.62981894935821
398.556905048343,1.62950365673992
399.475792585659,1.62918854995967
400.396785089411,1.62887362888381
401.31988694159,1.62855889337878
402.245102530895,1.62824434331116
403.172436252701,1.62792997854763
404.10189250907,1.627615798955
405.033475708722,1.62730180440019
405.967190267085,1.62698799475024
406.90304060627,1.62667436987228
407.841031155041,1.6263609296336
408.78116634887,1.62604767390158
409.723450629913,1.6257346025437
410.66788844698,1.6254217154276
411.614484255584,1.625109012421
412.563242517922,1.62479649339175
413.514167702845,1.6244841582078
414.467264285908,1.62417200673723
415.422536749346,1.62386003884824
416.379989582043,1.62354825440912
417.339627279591,1.62323665328831
418.301454344249,1.62292523535433
419.265475284952,1.62261400047584
420.231694617323,1.62230294852159
421.200116863626,1.62199207936047
422.170746552834,1.62168139286146
423.143588220589,1.62137088889369
424.118646409181,1.62106056732636
425.095925667595,1.62075042802881
426.075430551494,1.62044047087048
427.057165623175,1.62013069572095
428.041135451638,1.61982110244988
429.02734461255,1.61951169092706
430.015797688211,1.6192024610224
431.006499267619,1.61889341260591
431.999453946439,1.61858454554771
432.994666326956,1.61827585971806
433.992141018187,1.61796735498728
434.99188263574,1.61765903122587
435.993895801923,1.6173508883044
436.998185145702,1.61704292609354
438.004755302666,1.61673514446412
439.013610915094,1.61642754328704
440.024756631915,1.61612012243333
441.03819710868,1.61581288177414
442.053937007621,1.6155058211807
443.07198099762,1.61519894052439
444.092333754174,1.61489223967668
445.114999959455,1.61458571850916
446.139984302282,1.61427937689352
447.167291478079,1.61397321470157
448.196926188947,1.61366723180523
449.22889314361,1.61336142807654
450.263197057441,1.61305580338763
451.299842652415,1.61275035761076
452.33883465717,1.61244509061829
453.380177806964,1.6121400022827
454.423876843695,1.61183509247656
455.469936515851,1.61153036107257
456.518361578579,1.61122580794355
457.569156793647,1.6109214329624
458.622326929408,1.61061723600215
459.677876760867,1.61031321693594
460.735811069642,1.610009375637
461.796134643929,1.6097057119787
462.85885227857,1.6094022258345
463.923968775001,1.60909891707797
464.991488941272,1.6087957855828
466.061417592007,1.60849283122277
467.133759548459,1.60819005387179
468.208519638467,1.60788745340388
469.285702696478,1.60758502969314
470.365313563495,1.60728278261381
471.447357087145,1.60698071204022
472.531838121638,1.60667881784682
473.618761527738,1.60637709990817
474.70813217282,1.60607555809892
475.799954930837,1.60577419229385
476.894234682283,1.60547300236784
477.990976314259,1.60517198819586
479.090184720431,1.60487114965302
480.191864800998,1.60457048661452
481.296021462757,1.60426999895567
482.402659619063,1.60396968655189
483.511784189791,1.6036695492787
484.623400101405,1.60336958701173
485.737512286907,1.60306979962673
486.854125685843,1.60277018699954
487.973245244317,1.60247074900611
489.094875914933,1.60217148552251
490.219022656868,1.6018723964249
491.345690435832,1.60157348158956
492.474884224028,1.60127474089287
493.60660900022,1.60097617421132
494.740869749691,1.6006777814215
495.87767146421,1.60037956240011
497.017019142094,1.60008151702396
498.158917788171,1.59978364516996
499.30337241374,1.59948594671513
500.450388036639,1.59918842153659
501.599969681205,1.59889106951157
502.752122378222,1.59859389051742
503.906851165048,1.59829688443156
505.064161085448,1.59800005113155
506.224057189726,1.59770339049504
507.386544534621,1.59740690239978
508.551628183378,1.59711058672365
509.719313205708,1.5968144433446
510.889604677796,1.5965184721407
512.062507682254,1.59622267299015
513.238027308189,1.59592704577121
514.416168651161,1.59563159036227
515.596936813148,1.59533630664182
516.780336902602,1.59504119448847
517.966374034422,1.5947462537809
519.155053329906,1.59445148439792
520.346379916817,1.59415688621844
521.540358929338,1.59386245912148
522.736995508084,1.59356820298613
523.93629480005,1.59327411769164
525.138261958686,1.59298020311731
526.342902143835,1.59268645914257
527.550220521758,1.59239288564696
528.760222265079,1.5920994825101
529.972912552849,1.59180624961173
531.188296570515,1.5915131868317
532.406379509868,1.59122029404994
533.627166569116,1.59092757114649
534.850662952844,1.59063501800151
536.076873871966,1.59034263449525
537.305804543804,1.59005042050806
538.53746019202,1.5897583759204
539.77184604665,1.58946650061282
541.008967344037,1.58917479446598
542.24882932692,1.58888325736064
543.491437244315,1.58859188917769
544.736796351659,1.58830068979806
545.98491191063,1.58800965910284
547.235789189277,1.5877187969732
548.489433461972,1.5874281032904
549.745850009354,1.58713757793582
551.005044118415,1.58684722079094
552.267021082442,1.58655703173733
553.53178620098,1.58626701065666
554.799344779905,1.58597715743073
556.06970213138,1.5856874719414
557.342863573801,1.58539795407065
558.618834431882,1.58510860370058
559.897620036602,1.58481942071335
561.179225725162,1.58453040499126
562.463656841061,1.58424155641668
563.750918734031,1.5839528748721
565.041016760053,1.5836643602401
566.333956281356,1.58337601240337
567.629742666361,1.5830878312447
568.928381289759,1.58279981664695
570.229877532457,1.58251196849313
571.534236781541,1.58222428666631
572.841464430339,1.58193677104968
574.151565878389,1.58164942152651
575.464546531377,1.58136223798021
576.780411801223,1.58107522029424
578.099167106031,1.58078836835218
579.42081787004,1.58050168203773
580.745369523702,1.58021516123465
582.072827503629,1.57992880582683
583.403197252559,1.57964261569825
584.736484219416,1.57935659073297
586.072693859256,1.57907073081519
587.411831633291,1.57878503582917
588.753903008821,1.57849950565928
590.098913459313,1.57821414019
591.446868464342,1.57792893930589
592.79777350961,1.57764390289162
594.151634086877,1.57735903083197
595.508455694052,1.57707432301178
596.868243835131,1.57678977931603
598.231004020158,1.57650539962977
599.596741765294,1.57622118383816
600.965462592774,1.57593713182646
602.337172030857,1.57565324348001
603.711875613902,1.57536951868428
605.089578882306,1.5750859573248
606.470287382523,1.57480255928721
607.854006667003,1.57451932445727
609.240742294272,1.57423625272081
610.63049982886,1.57395334396377
612.023284841331,1.57367059807217
613.419102908217,1.57338801493215
614.817959612092,1.57310559442994
616.219860541527,1.57282333645185
617.624811291037,1.5725412408843
619.032817461161,1.57225930761382
620.443884658411,1.57197753652701
621.858018495224,1.57169592751058
623.275224590034,1.57141448045133
624.695508567233,1.57113319523617
626.11887605711,1.57085207175208
627.545332695932,1.57057110988617
628.9748841259,1.57029030952562
630.407535995073,1.57000967055771
631.843293957533,1.56972919286982
633.28216367316,1.56944887634942
634.724150807796,1.56916872088409
636.16926103317,1.56888872636148
637.617500026858,1.56860889266936
639.068873472347,1.56832921969559
640.523387059002,1.5680497073281
641.981046481995,1.56777035545495
643.441857442404,1.56749116396428
644.905825647147,1.56721213274431
646.372956808938,1.56693326168338
647.843256646362,1.56665455066991
649.316730883829,1.56637599959242
650.793385251517,1.56609760833951
652.273225485455,1.5658193767999
653.756257327453,1.56554130486239
655.242486525117,1.56526339241586
656.731918831843,1.5649856393493
658.22456000676,1.56470804555181
659.720415814809,1.56443061091254
661.21949202669,1.56415333532078
662.721794418801,1.56387621866588
664.227328773333,1.56359926083729
665.736100878213,1.56332246172458
667.248116527041,1.56304582121737
668.763381519188,1.56276933920541
670.281901659725,1.56249301557853
671.803682759386,1.56221685022664
673.328730634639,1.56194084303976
674.85705110764,1.561664993908
676.388650006172,1.56138930272155
677.923533163734,1.56111376937072
679.461706419466,1.56083839374588
681.003175618178,1.56056317573751
682.547946610274,1.56028811523618
684.096025251841,1.56001321213256
685.647417404573,1.55973846631739
687.202128935799,1.55946387768153
688.760165718408,1.55918944611591
690.321533630942,1.55891517151157
691.886238557525,1.55864105375961
693.454286387825,1.55836709275127
695.025683017129,1.55809328837784
696.600434346292,1.55781964053071
698.178546281674,1.55754614910139
699.760024735236,1.55727281398144
701.344875624462,1.55699963506254
702.933104872384,1.55672661223644
704.524718407503,1.55645374539501
706.119722163892,1.55618103443018
707.718122081106,1.555908479234
709.319924104215,1.55563607969857
710.925134183727,1.55536383571613
712.533758275678,1.55509174717898
714.145802341575,1.5548198139795
715.761272348335,1.5545480360102
717.380174268381,1.55427641316366
719.002514079573,1.55400494533252
720.628297765162,1.55373363240957
722.257531313872,1.55346247428764
723.890220719843,1.55319147085967
725.526371982574,1.5529206220187
727.165991107012,1.55264992765783
728.809084103497,1.55237938767028
730.455656987677,1.55210900194934
732.105715780695,1.5518387703884
733.759266508936,1.55156869288094
735.416315204209,1.55129876932053
737.076867903665,1.55102899960081
738.740930649741,1.55075938361553
740.408509490251,1.55048992125852
742.079610478331,1.55022061242371
743.754239672366,1.54995145700511
745.432403136098,1.54968245489682
747.114106938557,1.54941360599302
748.799357154005,1.54914491018799
750.488159862021,1.54887636737611
752.180521147456,1.54860797745181
753.876447100355,1.54833974030966
755.575943816062,1.54807165584426
757.279017395142,1.54780372395036
758.985673943376,1.54753594452275
760.695919571793,1.54726831745632
762.409760396566,1.54700084264606
764.127202539122,1.54673351998705
765.84825212608,1.54646634937444
767.57291528918,1.54619933070347
769.301198165392,1.54593246386949
771.03310689684,1.54566574876791
772.768647630752,1.54539918529424
774.507826519548,1.54513277334408
776.250649720782,1.54486651281311
777.997123397081,1.54460040359711
779.747253716237,1.54433444559193
781.501046851147,1.54406863869351
783.25850897975,1.54380298279789
785.019646285128,1.54353747780118
786.784464955416,1.5432721235996
788.552971183823,1.54300692008943
790.325171168631,1.54274186716705
792.101071113117,1.54247696472893
793.880677225651,1.54221221267162
795.663995719633,1.54194761089175
797.45103281343,1.54168315928605
799.241794730472,1.54141885775134
801.036287699197,1.54115470618449
802.834517952972,1.54089070448251
804.636491730207,1.54062685254246
806.442215274284,1.54036315026148
808.251694833495,1.54009959753683
810.06493666114,1.53983619426582
811.881947015445,1.53957294034586
813.702732159592,1.53930983567446
815.527298361633,1.53904688014919
817.355651894591,1.53878407366772
819.18779903638,1.5385214161278
821.023746069827,1.53825890742727
822.863499282596,1.53799654746406
824.707064967277,1.53773433613616
826.554449421341,1.53747227334167
828.405658947054,1.53721035897877
830.260699851592,1.53694859294573
832.119578446972,1.53668697514087
833.982301049983,1.53642550546265
835.848873982297,1.53616418380956
837.719303570394,1.53590301008022
839.593596145505,1.5356419841733
841.471758043705,1.53538110598757
843.353795605861,1.53512037542189
845.23971517753,1.5348597923752
847.129523109174,1.5345993567465
849.023225755876,1.53433906843491
850.920829477535,1.53407892733962
852.8223406388,1.53381893335989
854.727765608975,1.53355908639508
856.637110762151,1.53329938634463
858.55038247712,1.53303983310806
860.467587137319,1.53278042658498
862.388731130932,1.53252116667508
864.31382085082,1.53226205327813
866.242862694462,1.53200308629398
868.175863064049,1.53174426562258
870.112828366432,1.53148559116393
872.053765013043,1.53122706281816
873.998679419999,1.53096868048545
875.947578008032,1.53071044406606
877.900467202499,1.53045235346034
879.857353433308,1.53019440856874
881.81824313502,1.52993660929178
883.783142746762,1.52967895553004
885.752058712257,1.52942144718422
887.724997479738,1.52916408415507
889.701965502051,1.52890686634345
891.682969236598,1.52864979365029
893.668015145255,1.52839286597659
895.657109694485,1.52813608322344
897.650259355283,1.52787944529203
899.647470603083,1.52762295208361
901.648749917888,1.52736660349951
903.654103784195,1.52711039944116
905.663538690919,1.52685433981006
907.677061131512,1.52659842450779
909.694677603875,1.52634265343601
911.716394610358,1.52608702649648
913.742218657783,1.525831543591
915.772156257347,1.52557620462151
917.806213924733,1.52532100948998
919.844398180053,1.52506595809848
921.886715547753,1.52481105034916
923.933172556755,1.52455628614427
925.983775740363,1.52430166538609
928.038531636207,1.52404718797704
930.097446786351,1.52379285381959
932.160527737223,1.52353866281627
934.227781039545,1.52328461486975
936.299213248444,1.52303070988272
938.374830923387,1.52277694775798
940.454640628108,1.52252332839841
942.538648930722,1.52226985170697
944.62686240363,1.52201651758668
946.719287623537,1.52176332594067
948.815931171462,1.52151027667212
950.916799632639,1.52125736968432
953.021899596647,1.52100460488061
955.131237657325,1.52075198216444
957.244820412705,1.52049950143932
959.362654465135,1.52024716260884
961.484746421197,1.51999496557667
963.611102891639,1.51974291024656
965.741730491496,1.51949099652236
967.876635840018,1.51923922430795
970.015825560588,1.51898759350735
972.159306280855,1.51873610402462
974.307084632648,1.51848475576389
976.45916725189,1.51823354862941
978.615560778827,1.51798248252547
980.776271857706,1.51773155735647
982.94130713702,1.51748077302685
985.110673269399,1.51723012944117
987.284376911546,1.51697962650404
989.462424724354,1.51672926412017
991.644823372833,1.51647904219432
993.831579526032,1.51622896063135
996.02269985717,1.51597901933621
998.218191043558,1.51572921821388
1000.41805976653,1.51547955716948
1002.62231271154,1.51523003610816
1004.83095656813,1.51498065493516
1007.04399802982,1.51473141355582
1009.26144379427,1.51448231187553
1011.48330056312,1.51423334979978
1013.7095750421,1.5139845272341
1015.94027394087,1.51373584408415
1018.17540397321,1.51348730025562
1020.41497185684,1.51323889565432
1022.65898431355,1.51299063018609
1024.907448069,1.51274250375689
1027.16036985297,1.51249451627274
1029.41775639915,1.51224666763973
1031.67961444516,1.51199895776403
1033.94595073266,1.5117513865519
1036.21677200724,1.51150395390967
1038.49208501837,1.51125665974373
1040.77189651953,1.51100950396057
1043.05621326813,1.51076248646675
1045.34504202541,1.51051560716889
1047.63838955662,1.51026886597372
1049.93626263088,1.51002226278802
1052.23866802119,1.50977579751865
1054.5456125045,1.50952947007255
1056.85710286152,1.50928328035673
1059.17314587695,1.50903722827829
1061.49374833933,1.5087913137444
1063.81891704099,1.50854553666229
1066.1486587782,1.5082998969393
1068.48298035105,1.5080543944828
1070.82188856339,1.50780902920028
1073.165390223,1.50756380099929
1075.51349214145,1.50731870978743
1077.86620113407,1.50707375547242
1080.22352402006,1.50682893796203
1082.58546762241,1.50658425716409
1084.95203876786,1.50633971298655
1087.32324428695,1.50609530533739
1089.69909101403,1.50585103412469
1092.07958578719,1.5056068992566
1094.46473544831,1.50536290064134
1096.85454684296,1.50511903818721
1099.24902682051,1.5048753118026
1101.64818223409,1.50463172139594
1104.05201994049,1.50438826687575
1106.46054680029,1.50414494815065
1108.8737696778,1.50390176512929
1111.29169544097,1.50365871772044
1113.71433096151,1.5034158058329
1116.14168311486,1.50317302937558
1118.57375878004,1.50293038825744
1121.01056483987,1.50268788238753
1123.45210818083,1.50244551167497
1125.89839569297,1.50220327602896
1128.34943427018,1.50196117535874
1130.80523080985,1.50171920957368
1133.2657922131,1.50147737858318
1135.73112538471,1.50123568229673
1138.20123723302,1.50099412062389
1140.67613467009,1.5007526934743
1143.15582461159,1.50051140075767
1145.64031397675,1.50027024238378
1148.12960968847,1.50002921826248
1150.62371867328,1.49978832830371
1153.12264786122,1.49954757241746
1155.62640418601,1.49930695051382
1158.13499458497,1.49906646250293
1160.64842599889,1.49882610829502
1163.16670537226,1.49858588780037
1165.68983965309,1.49834580092937
1168.21783579299,1.49810584759244
1170.75070074704,1.4978660277001
1173.28844147397,1.49762634116294
1175.83106493601,1.49738678789162
1178.37857809899,1.49714736779686
1180.93098793216,1.49690808078948
1183.48830140842,1.49666892678035
1186.05052550415,1.49642990568041
1188.61766719922,1.4961910174007
1191.18973347705,1.4959522618523
1193.7667313246,1.49571363894637
1196.34866773224,1.49547514859416
1198.93554969392,1.49523679070698
1201.52738420709,1.4949985651962
1204.12417827258,1.49476047197328
1206.72593889483,1.49452251094976
1209.33267308168,1.49428468203721
1211.94438784448,1.49404698514731
1214.56109019805,1.49380942019181
1217.18278716062,1.49357198708251
1219.80948575392,1.4933346857313
1222.44119300315,1.49309751605013
1225.07791593689,1.49286047795102
1227.71966158723,1.49262357134609
1230.36643698969,1.49238679614748
1233.01824918316,1.49215015226746
1235.67510521003,1.49191363961831
1238.3370121161,1.49167725811243
1241.00397695053,1.49144100766228
1243.67600676597,1.49120488818036
1246.35310861848,1.49096889957928
1249.03528956744,1.4907330417717
1251.72255667572,1.49049731467036
1254.41491700954,1.49026171818807
1257.11237763854,1.49002625223769
1259.81494563577,1.48979091673218
1262.52262807757,1.48955571158456
1265.23543204374,1.48932063670791
1267.95336461748,1.48908569201539
1270.67643288527,1.48885087742024
1273.40464393703,1.48861619283574
1276.13800486605,1.48838163817527
1278.8765227689,1.48814721335226
1281.62020474561,1.48791291828023
1284.36905789952,1.48767875287275
1287.12308933727,1.48744471704348
1289.88230616892,1.48721081070612
1292.64671550789,1.48697703377446
1295.41632447079,1.48674338616238
1298.19114017779,1.48650986778377
1300.9711697522,1.48627647855266
1303.75642032074,1.4860432183831
1306.5468990135,1.48581008718921
1309.34261296378,1.48557708488523
1312.14356930828,1.4853442113854
1314.94977518704,1.48511146660407
1317.76123774332,1.48487885045567
1320.57796412375,1.48464636285466
1323.39996147831,1.48441400371559
1326.22723696017,1.48418177295309
1329.0597977259,1.48394967048185
1331.89765093536,1.4837176962166
1334.74080375164,1.48348585007219
1337.5892633412,1.4832541319635
1340.44303687375,1.48302254180549
1343.30213152234,1.4827910795132
1346.16655446319,1.48255974500172
1349.03631287594,1.48232853818622
1351.91141394343,1.48209745898194
1354.79186485185,1.48186650730416
1357.67767279055,1.48163568306828
1360.56884495227,1.48140498618973
1363.46538853301,1.48117441658401
1366.36731073195,1.4809439741667
1369.27461875163,1.48071365885344
1372.18731979786,1.48048347055995
1375.10542107964,1.48025340920199
1378.0289298093,1.48002347469543
1380.95785320241,1.47979366695617
1383.89219847786,1.47956398590019
1386.83197285766,1.47933443144355
1389.7771835672,1.47910500350235
1392.72783783509,1.47887570199279
1395.68394289323,1.47864652683111
1398.64550597667,1.47841747793363
1401.61253432382,1.47818855521674
1404.58503517633,1.47795975859689
1407.56301577901,1.4777310879906
1410.54648338001,1.47750254331446
1413.53544523074,1.47727412448512
1416.52990858576,1.47704583141929
1419.52988070295,1.47681766403378
1422.53536884346,1.47658962224542
1425.54638027159,1.47636170597115
1428.56292225496,1.47613391512795
1431.58500206445,1.47590624963286
1434.61262697409,1.47567870940302
1437.64580426123,1.47545129435561
1440.68454120645,1.47522400440789
1443.72884509356,1.47499683947716
1446.77872320965,1.47476979948082
1449.83418284495,1.47454288433632
1452.89523129303,1.47431609396117
1455.96187585071,1.47408942827296
1459.03412381795,1.47386288718934
1462.11198249803,1.47363647062803
1465.19545919749,1.4734101785068
1468.28456122602,1.47318401074351
1471.37929589663,1.47295796725606
1474.47967052559,1.47273204796244
1477.5856924323,1.47250625278068
1480.69736893951,1.47228058162891
1483.81470737322,1.47205503442529
1486.93771506255,1.47182961108806
1490.06639933999,1.47160431153553
1493.20076754124,1.47137913568608
1496.34082700526,1.47115408345813
1499.48658507418,1.47092915477019
1502.63804909345,1.47070434954083
1505.79522641178,1.47047966768868
1508.95812438112,1.47025510913243
1512.12675035659,1.47003067379085
1515.30111169666,1.46980636158276
1518.48121576305,1.46958217242705
1521.66706992065,1.46935810624269
1524.85868153769,1.46913416294869
1528.05605798566,1.46891034246413
1531.25920663921,1.46868664470817
1534.46813487636,1.46846306960002
1537.68285007836,1.46823961705896
1540.90335962973,1.46801628700433
1544.12967091818,1.46779307935554
1547.3617913348,1.46756999403206
1550.59972827389,1.46734703095343
1553.84348913306,1.46712419003925
1557.09308131311,1.46690147120918
1560.34851221821,1.46667887438294
1563.60978925579,1.46645639948034
1566.87691983649,1.46623404642123
1570.1499113743,1.46601181512553
1573.42877128653,1.46578970551321
1576.71350699366,1.46556771750433
1580.00412591955,1.46534585101901
1583.30063549137,1.4651241059774
1586.60304313949,1.46490248229976
1589.91135629766,1.46468097990638
1593.22558240294,1.46445959871762
1596.54572889557,1.46423833865393
1599.87180321931,1.46401719963578
1603.20381282103,1.46379618158373
1606.541765151,1.4635752844184
1609.88566766284,1.46335450806047
1613.2355278134,1.46313385243069
1616.59135306291,1.46291331744985
1619.95315087497,1.46269290303884
1623.32092871639,1.46247260911858
1626.69469405741,1.46225243561007
1630.07445437162,1.46203238243437
1633.46021713583,1.4618124495126
1636.85198983033,1.46159263676594
1640.24977993872,1.46137294411564
1643.65359494787,1.461153371483
1647.06344234811,1.46093391878941
1650.4793296331,1.46071458595629
1653.90126429984,1.46049537290513
1657.32925384876,1.4602762795575
1660.76330578355,1.46005730583502
1664.20342761138,1.45983845165937
1667.6496268428,1.45961971695229
1671.10191099164,1.45940110163559
1674.56028757523,1.45918260563115
1678.02476411429,1.45896422886088
1681.49534813284,1.45874597124678
1684.97204715841,1.45852783271092
1688.45486872194,1.45830981317539
1691.94382035766,1.45809191256238
1695.43890960335,1.45787413079414
1698.94014400021,1.45765646779296
1702.44753109274,1.4574389234812
1705.96107842901,1.45722149778129
1709.48079356048,1.45700419061571
1713.00668404209,1.45678700190701
1716.53875743212,1.4565699315778
1720.07702129242,1.45635297955075
1723.62148318827,1.45613614574858
1727.17215068844,1.45591943009409
1730.72903136506,1.45570283251014
1734.29213279388,1.45548635291963
1737.86146255408,1.45526999124554
1741.43702822827,1.45505374741091
1745.01883740265,1.45483762133883
1748.60689766689,1.45462161295246
1752.20121661411,1.45440572217502
1755.80180184102,1.45418994892978
1759.40866094782,1.45397429314008
1763.02180153828,1.45375875472933
1766.64123121958,1.45354333362099
1770.26695760256,1.45332802973857
1773.89898830156,1.45311284300565
1777.53733093453,1.45289777334588
1781.18199312283,1.45268282068297
1784.83298249153,1.45246798494066
1788.49030666926,1.45225326604278
1792.15397328811,1.45203866391322
1795.82398998389,1.45182417847592
1799.50036439598,1.45160980965487
1803.18310416725,1.45139555737415
1806.87221694431,1.45118142155787
1810.56771037736,1.45096740213021
1814.26959212012,1.45075349901542
1817.97786983006,1.4505397121378
1821.69255116826,1.4503260414217
1825.41364379932,1.45011248679156
1829.14115539174,1.44989904817183
1832.87509361743,1.44968572548708
1836.61546615209,1.4494725186619
1840.36228067513,1.44925942762094
1844.1155448695,1.44904645228892
1847.87526642196,1.44883359259062
1851.64145302299,1.44862084845087
1855.41411236662,1.44840821979458
1859.19325215075,1.44819570654669
1862.97888007697,1.44798330863222
1866.77100385051,1.44777102597624
1870.56963118045,1.44755885850388
1874.37476977959,1.44734680614034
1878.18642736441,1.44713486881085
1882.00461165524,1.44692304644073
1885.82933037617,1.44671133895535
1889.66059125504,1.44649974628013
1893.49840202354,1.44628826834055
1897.34277041704,1.44607690506216
1901.19370417482,1.44586565637055
1905.05121104001,1.44565452219139
1908.91529875941,1.4454435024504
1912.7859750838,1.44523259707334
1916.66324776779,1.44502180598606
1920.54712456972,1.44481112911444
1924.43761325192,1.44460056638444
1928.3347215806,1.44439011772207
1932.23845732571,1.44417978305339
1936.14882826123,1.44396956230452
1940.06584216504,1.44375945540166
1943.98950681878,1.44354946227103
1947.91983000816,1.44333958283895
1951.85681952278,1.44312981703176
1955.80048315619,1.44292016477587
1959.75082870581,1.44271062599777
1963.70786397309,1.44250120062398
1967.67159676345,1.44229188858109
1971.64203488632,1.44208268979574
1975.61918615498,1.44187360419463
1979.60305838684,1.44166463170452
1983.59365940333,1.44145577225224
1987.59099702976,1.44124702576464
1991.59507909561,1.44103839216868
1995.60591343439,1.44082987139132
1999.62350788353,1.44062146335962
2003.64787028466,1.44041316800069
2007.67900848345,1.44020498524168
2011.71693032966,1.4399969150098
2015.76164367706,1.43978895723234
2019.81315638361,1.43958111183662
2023.87147631138,1.43937337875002
2027.93661132658,1.4391657579
2032.00856929946,1.43895824921406
2036.08735810452,1.43875085261975
2040.17298562042,1.43854356804468
2044.26545972989,1.43833639541654
2048.36478831995,1.43812933466304
2052.47097928182,1.43792238571196
2056.5840405108,1.43771554849116
2060.70397990652,1.43750882292852
2064.83080537286,1.43730220895199
2068.9645248178,1.4370957064896
2073.1051461537,1.4368893154694
2077.25267729719,1.43668303581951
2081.407126169,1.43647686746812
2085.56850069446,1.43627081034345
2089.73680880287,1.43606486437379
2093.91205842804,1.4358590294875
2098.09425750811,1.43565330561296
2102.28341398539,1.43544769267865
2106.47953580671,1.43524219061307
2110.68263092323,1.43503679934479
2114.89270729036,1.43483151880244
2119.10977286804,1.43462634891469
2123.33383562059,1.43442128961028
2127.56490351662,1.43421634081801
2131.80298452929,1.43401150246672
2136.0480866362,1.43380677448531
2140.30021781926,1.43360215680274
2144.55938606497,1.43339764934803
2148.82559936427,1.43319325205023
2153.09886571259,1.43298896483848
2157.37919310988,1.43278478764196
2161.66658956051,1.43258072038989
2165.96106307347,1.43237676301156
2170.26262166231,1.43217291543633
2174.571273345,1.43196917759358
2178.8870261442,1.43176554941278
2183.20988808714,1.43156203082342
2187.53986720554,1.43135862175508
2191.87697153584,1.43115532213738
2196.22120911909,1.43095213189998
2200.57258800085,1.43074905097261
2204.93111623148,1.43054607928506
2209.29680186596,1.43034321676716
2213.66965296383,1.4301404633488
2218.04967758948,1.42993781895993
2222.4368838119,1.42973528353055
2226.83127970489,1.42953285699072
2231.23287334683,1.42933053927054
2235.64167282096,1.42912833030017
2240.05768621526,1.42892623000984
2244.48092162252,1.42872423832981
2248.91138714016,1.42852235519042
2253.34909087057,1.42832058052203
2257.79404092094,1.42811891425509
2262.24624540314,1.42791735632008
2266.70571243404,1.42771590664754
2271.17245013537,1.42751456516808
2275.64646663357,1.42731333181233
2280.12777006014,1.427112206511
2284.61636855141,1.42691118919485
2289.11227024869,1.42671027979469
2293.61548329808,1.42650947824139
2298.12601585075,1.42630878446585
2302.64387606281,1.42610819839906
2307.16907209539,1.42590771997203
2311.70161211444,1.42570734911585
2316.24150429111,1.42550708576164
2320.78875680152,1.42530692984059
2325.34337782674,1.42510688128395
2329.90537555297,1.42490694002299
2334.47475817155,1.42470710598907
2339.0515338787,1.42450737911358
2343.63571087591,1.42430775932798
2348.22729736979,1.42410824656376
2352.82630157192,1.42390884075249
2357.43273169919,1.42370954182578
2362.04659597362,1.42351034971527
2366.66790262225,1.42331126435271
2371.29665987763,1.42311228566984
2375.93287597718,1.42291341359849
2380.57655916373,1.42271464807054
2385.22771768539,1.4225159890179
2389.88635979534,1.42231743637257
2394.55249375219,1.42211899006657
2399.22612781984,1.42192065003199
2403.90727026736,1.42172241620096
2408.59592936927,1.42152428850567
2413.29211340542,1.42132626687836
2417.9958306609,1.42112835125132
2422.70708942629,1.42093054155691
2427.42589799757,1.42073283772752
2432.15226467595,1.4205352396956
2436.88619776825,1.42033774739365
2441.62770558664,1.42014036075423
2446.3767964488,1.41994307970993
2451.13347867774,1.41974590419343
2455.8977606021,1.41954883413744
2460.66965055597,1.4193518694747
2465.44915687901,1.41915501013804
2470.23628791627,1.41895825606033
2475.0310520185,1.41876160717448
2479.83345754202,1.41856506341345
2484.64351284859,1.41836862471028
2489.46122630573,1.41817229099804
2494.28660628656,1.41797606220984
2499.11966116971,1.41777993827886
2503.96039933961,1.41758391913833
2508.80882918635,1.41738800472154
2513.66495910558,1.4171921949618
2518.52879749881,1.4169964897925
2523.40035277319,1.41680088914707
2528.2796333417,1.416605392959
2533.16664762292,1.41641000116181
2538.06140404135,1.41621471368911
2542.96391102724,1.41601953047452
2547.8741770167,1.41582445145172
2552.79221045153,1.41562947655447
2557.71801977951,1.41543460571655
2562.65161345431,1.4152398388718
2567.59299993532,1.41504517595411
2572.54218768797,1.41485061689743
2577.49918518364,1.41465616163575
2582.46400089948,1.4144618101031
2587.43664331873,1.4142675622336
2592.41712093064,1.41407341796138
2597.40544223028,1.41387937722063
2602.40161571887,1.41368543994561
2607.40564990362,1.41349160607061
2612.41755329781,1.41329787552998
2617.4373344208,1.41310424825812
2622.46500179789,1.41291072418947
2627.50056396065,1.41271730325853
2632.54402944675,1.41252398539986
2637.59540679985,1.41233077054804
2642.65470456994,1.41213765863773
2647.72193131316,1.41194464960363
2652.79709559171,1.41175174338049
2657.88020597413,1.4115589399031
2662.97127103523,1.41136623910632
2668.07029935588,1.41117364092504
2673.17729952339,1.41098114529422
2678.29228013137,1.41078875214885
2683.41524977951,1.41059646142398
2688.54621707419,1.4104042730547
2693.68519062779,1.41021218697618
2698.83217905924,1.4100202031236
2703.98719099385,1.40982832143221
2709.15023506321,1.40963654183731
2714.32131990545,1.40944486427424
2719.50045416516,1.40925328867841
2724.68764649322,1.40906181498525
2729.88290554715,1.40887044313026
2735.08623999099,1.40867917304899
2740.2976584951,1.40848800467703
2745.51716973656,1.40829693795001
2750.744782399,1.40810597280364
2755.98050517247,1.40791510917366
2761.22434675377,1.40772434699585
2766.47631584625,1.40753368620605
2771.73642115998,1.40734312674015
2777.00467141149,1.4071526685341
2782.28107532415,1.40696231152386
2787.56564162799,1.40677205564549
2792.85837905979,1.40658190083506
2798.15929636288,1.40639184702871
2803.46840228756,1.40620189416262
2808.78570559084,1.40601204217301
2814.11121503641,1.40582229099617
2819.44493939489,1.40563264056843
2824.78688744377,1.40544309082616
2830.13706796721,1.40525364170578
2835.49548975641,1.40506429314377
2840.86216160945,1.40487504507665
2846.23709233117,1.404685897441
2851.62029073351,1.40449685017342
2857.01176563529,1.40430790321059
2862.41152586232,1.40411905648922
2867.81958024745,1.40393030994608
2873.23593763037,1.40374166351797
2878.66060685799,1.40355311714175
2884.09359678425,1.40336467075434
2889.53491627001,1.40317632429269
2894.9845741834,1.4029880776938
2900.44257939963,1.40279993089472
2905.90894080093,1.40261188383256
2911.3836672768,1.40242393644447
2916.86676772396,1.40223608866762
2922.35825104612,1.40204834043929
2927.85812615441,1.40186069169674
2933.36640196719,1.40167314237732
2938.88308740988,1.40148569241842
2944.4081914154,1.40129834175748
2949.94172292387,1.40111109033196
2955.48369088275,1.40092393807941
2961.03410424691,1.4007368849374
2966.59297197838,1.40054993084355
2972.16030304677,1.40036307573554
2977.73610642909,1.40017631955108
2983.3203911096,1.39998966222794
2988.91316608018,1.39980310370393
2994.51444034019,1.39961664391692
3000.12422289627,1.39943028280482
3005.74252276279,1.39924402030557
3011.36934896162,1.39905785635718
3017.00471052202,1.39887179089771
3022.64861648098,1.39868582386524
3028.3010758831,1.39849995519792
3033.96209778038,1.39831418483394
3039.63169123282,1.39812851271154
3045.30986530771,1.397942938769
3050.99662908024,1.39775746294466
3056.69199163329,1.39757208517689
3062.39596205729,1.39738680540411
3068.10854945062,1.3972016235648
3073.82976291937,1.39701653959748
3079.55961157729,1.39683155344071
3085.29810454608,1.39664666503309
3091.0452509553,1.3964618743133
3096.80105994217,1.39627718122003
3102.56554065194,1.39609258569203
3108.33870223779,1.3959080876681
3114.12055386061,1.39572368708709
3119.91110468942,1.39553938388788
3125.71036390115,1.39535517800941
3131.51834068073,1.39517106939066
3137.33504422097,1.39498705797066
3143.16048372284,1.39480314368849
3148.99466839532,1.39461932648326
3154.8376074555,1.39443560629415
3160.68931012839,1.39425198306036
3166.54978564731,1.39406845672115
3172.41904325368,1.39388502721583
3178.29709219692,1.39370169448375
3184.18394173479,1.39351845846431
3190.07960113328,1.39333531909694
3195.98407966638,1.39315227632114
3201.89738661654,1.39296933007644
3207.81953127446,1.39278648030242
3213.75052293894,1.39260372693871
3219.6903709173,1.39242106992497
3225.6390845251,1.39223850920092
3231.59667308626,1.39205604470633
3237.56314593316,1.391873676381
3243.53851240638,1.39169140416478
3249.5227818551,1.39150922799758
3255.51596363695,1.39132714781933
3261.51806711784,1.39114516357002
3267.52910167236,1.3909632751897
3273.54907668359,1.39078148261844
3279.57800154299,1.39059978579636
3285.61588565073,1.39041818466364
3291.66273841558,1.39023667916048
3297.7185692547,1.39005526922716
3303.78338759408,1.38987395480397
3309.85720286836,1.38969273583127
3315.94002452063,1.38951161224944
3322.03186200288,1.38933058399894
3328.13272477576,1.38914965102025
3334.24262230863,1.38896881325389
3340.36156407968,1.38878807064043
3346.48955957569,1.38860742312051
3352.62661829245,1.38842687063479
3358.77274973456,1.38824641312397
3364.92796341526,1.3880660505288
3371.0922688569,1.38788578279009
3377.26567559067,1.38770560984867
3383.44819315653,1.38752553164545
3389.63983110353,1.38734554812134
3395.84059898972,1.38716565921732
3402.05050638193,1.38698586487441
3408.26956285617,1.38680616503369
3414.49777799751,1.38662655963625
3420.7351613998,1.38644704862325
3426.98172266641,1.3862676319359
3433.23747140939,1.38608830951542
3439.50241725019,1.38590908130312
3445.77656981919,1.38572994724031
3452.0599387561,1.38555090726837
3458.35253370977,1.38537196132873
3464.65436433832,1.38519310936284
3470.96544030894,1.38501435131221
3477.28577129824,1.3848356871184
3483.61536699213,1.38465711672298
3489.95423708563,1.38447864006762
3496.30239128328,1.38430025709398
3502.65983929898,1.38412196774379
3509.02659085581,1.38394377195882
3515.40265568644,1.38376566968089
3521.78804353289,1.38358766085184
3528.18276414671,1.3834097454136
3534.5868272887,1.38323192330808
3541.00024272936,1.3830541944773
3547.42302024864,1.38287655886327
3553.85516963609,1.38269901640806
3560.29670069063,1.38252156705381
3566.74762322096,1.38234421074267
3573.20794704537,1.38216694741684
3579.67768199162,1.38198977701858
3586.15683789728,1.38181269949017
3592.64542460964,1.38163571477395
3599.14345198546,1.3814588228123
3605.65092989144,1.38128202354764
3612.16786820402,1.38110531692242
3618.69427680923,1.38092870287917
3625.23016560306,1.38075218136044
3631.77554449137,1.3805757523088
3638.33042338953,1.38039941566691
3644.89481222331,1.38022317137743
3651.46872092785,1.3800470193831
3658.0521594485,1.37987095962667
3664.64513774052,1.37969499205096
3671.24766576896,1.37951911659881
3677.85975350903,1.37934333321313
3684.48141094595,1.37916764183683
3691.11264807479,1.37899204241291
3697.75347490085,1.37881653488439
3704.40390143951,1.37864111919432
3711.06393771606,1.37846579528582
3717.73359376612,1.37829056310204
3724.41287963545,1.37811542258616
3731.10180537977,1.37794037368142
3737.80038106523,1.3777654163311
3744.50861676809,1.37759055047851
3751.22652257488,1.37741577606702
3757.95410858247,1.37724109304003
3764.6913848978,1.37706650134099
3771.43836163834,1.37689200091337
3778.19504893188,1.37671759170072
3784.9614569164,1.37654327364661
3791.73759574044,1.37636904669464
3798.52347556297,1.37619491078848
3805.31910655317,1.37602086587183
3812.12449889089,1.37584691188842
3818.93966276648,1.37567304878203
3825.76460838057,1.3754992764965
3832.59934594451,1.37532559497568
3839.44388568024,1.37515200416349
3846.29823782004,1.37497850400387
3853.16241260702,1.37480509444082
3860.03642029482,1.37463177541837
3866.92027114783,1.37445854688059
3873.81397544087,1.37428540877161
3880.71754345969,1.37411236103557
3887.63098550067,1.37393940361668
3894.55431187103,1.37376653645918
3901.48753288854,1.37359375950736
3908.43065888194,1.37342107270553
3915.38370019085,1.37324847599806
3922.34666716545,1.37307596932937
3929.31957016705,1.37290355264389
3936.30241956782,1.37273122588612
3943.29522575063,1.3725589890006
3950.29799910953,1.37238684193188
3957.31075004941,1.37221478462459
3964.33348898626,1.37204281702338
3971.36622634684,1.37187093907295
3978.40897256917,1.37169915071803
3985.46173810225,1.3715274519034
3992.52453340623,1.37135584257389
3999.59736895215,1.37118432267434
4006.68025522241,1.37101289214967
4013.77320271055,1.37084155094481
4020.87622192107,1.37067029900475
4027.98932336989,1.37049913627451
4035.11251758416,1.37032806269915
4042.24581510207,1.37015707822379
4049.38922647329,1.36998618279356
4056.5427622588,1.36981537635366
4063.70643303066,1.36964465884931
4070.88024937254,1.36947403022577
4078.06422187943,1.36930349042837
4085.25836115747,1.36913303940245
4092.46267782471,1.36896267709339
4099.67718251011,1.36879240344663
4106.90188585445,1.36862221840764
4114.13679850995,1.36845212192193
4121.38193114014,1.36828211393506
4128.63729442033,1.3681121943926
4135.90289903738,1.36794236324021
4143.17875568953,1.36777262042354
4150.46487508683,1.36760296588832
4157.761267951,1.36743339958028
4165.0679450152,1.36726392144524
4172.38491702447,1.36709453142902
4179.71219473559,1.3669252294775
4187.04978891684,1.36675601553658
4194.3977103485,1.36658688955223
4201.75596982253,1.36641785147043
4209.12457814274,1.36624890123723
4216.50354612482,1.36608003879868
4223.8928845961,1.36591126410092
4231.29260439602,1.36574257709008
4238.70271637592,1.36557397771237
4246.12323139886,1.36540546591401
4253.55416034008,1.36523704164128
4260.99551408679,1.36506870484049
4268.44730353798,1.364900455458
4275.9095396049,1.36473229344019
4283.38223321087,1.36456421873349
4290.86539529102,1.36439623128439
4298.35903679286,1.36422833103938
4305.86316867599,1.36406051794502
4313.37780191195,1.3638927919479
4320.90294748469,1.36372515299464
4328.43861639027,1.36355760103192
4335.98481963706,1.36339013600643
4343.54156824545,1.36322275786494
4351.10887324833,1.36305546655423
4358.68674569083,1.36288826202111
4366.27519663046,1.36272114421246
4373.87423713685,1.36255411307518
4381.48387829225,1.36238716855622
4389.10413119128,1.36222031060255
4396.73500694079,1.36205353916119
4404.37651666026,1.36188685417922
4412.02867148168,1.36172025560372
4419.69148254929,1.36155374338183
4427.36496102009,1.36138731746074
4435.04911806352,1.36122097778766
4442.7439648617,1.36105472430984
4450.4495126091,1.36088855697459
4458.16577251304,1.36072247572922
4465.89275579341,1.36055648052112
4473.63047368284,1.36039057129769
4481.37893742641,1.36022474800639
4489.13815828218,1.3600590105947
4496.90814752092,1.35989335901014
4504.68891642596,1.35972779320029
4512.48047629365,1.35956231311275
4520.28283843313,1.35939691869516
4528.09601416618,1.35923160989519
4535.92001482765,1.35906638666058
4543.75485176532,1.35890124893908
4551.60053633961,1.35873619667848
4559.45707992414,1.35857122982662
4567.32449390548,1.35840634833137
4575.20278968288,1.35824155214065
4583.09197866916,1.35807684120239
4590.99207228961,1.3579122154646
4598.90308198292,1.3577476748753
4606.82501920087,1.35758321938254
4614.75789540807,1.35741884893444
4622.70172208257,1.35725456347914
4630.65651071555,1.3570903629648
4638.62227281112,1.35692624733966
4646.59901988687,1.35676221655196
4654.58676347362,1.35659827055
4662.5855151152,1.35643440928211
4670.59528636898,1.35627063269665
4678.61608880564,1.35610694074204
4686.64793400895,1.35594333336671
4694.69083357627,1.35577981051915
4702.74479911828,1.35561637214789
4710.80984225907,1.35545301820146
4718.88597463625,1.35528974862848
4726.97320790062,1.35512656337758
4735.07155371674,1.35496346239742
4743.18102376267,1.35480044563672
4751.30162972974,1.35463751304422
4759.43338332311,1.3544746645687
4767.57629626151,1.35431190015899
4775.73038027703,1.35414921976394
4783.89564711566,1.35398662333246
4792.07210853702,1.35382411081346
4800.2597763142,1.35366168215593
4808.45866223419,1.35349933730887
4816.66877809779,1.35333707622133
4824.89013571924,1.35317489884239
4833.12274692685,1.35301280512118
4841.36662356264,1.35285079500684
4849.62177748256,1.35268886844857
4857.88822055614,1.35252702539561
4866.16596466706,1.35236526579722
4874.45502171285,1.35220358960271
4882.755403605,1.35204199676142
4891.06712226874,1.35188048722274
4899.39018964354,1.35171906093608
4907.72461768285,1.35155771785089
4916.07041835392,1.35139645791666
4924.42760363831,1.35123528108293
4932.79618553164,1.35107418729925
4941.17617604342,1.35091317651523
4949.5675871975,1.35075224868052
4957.97043103183,1.35059140374477
4966.38471959864,1.35043064165771
4974.81046496406,1.35026996236908
4983.24767920877,1.35010936582867
4991.69637442756,1.3499488519863
5000.15656272965,1.34978842079183
5008.62825623825,1.34962807219516
5017.11146709118,1.34946780614621
5025.60620744065,1.34930762259496
5034.11248945294,1.34914752149141
5042.63032530902,1.3489875027856
5051.15972720429,1.34882756642761
5059.70070734835,1.34866771236755
5068.25327796553,1.34850794055558
5076.81745129467,1.34834825094187
5085.3932395889,1.34818864347666
5093.98065511613,1.34802911811021
5102.57971015889,1.3478696747928
5111.19041701392,1.34771031347477
5119.81278799326,1.34755103410649
5128.44683542295,1.34739183663837
5137.09257164408,1.34723272102084
5145.75000901244,1.34707368720438
5154.4191598983,1.3469147351395
5163.10003668692,1.34675586477675
5171.79265177838,1.34659707606672
5180.49701758729,1.34643836896003
5189.21314654333,1.34627974340733
5197.94105109107,1.34612119935931
5206.68074368968,1.34596273676671
5215.43223681351,1.34580435558028
5224.19554295184,1.34564605575083
5232.97067460863,1.34548783722919
5241.7576443031,1.34532969996624
5250.55646456938,1.34517164391288
5259.36714795675,1.34501366902005
5268.18970702922,1.34485577523874
5277.02415436622,1.34469796251995
5285.87050256215,1.34454023081474
5294.72876422665,1.34438258007419
5303.59895198425,1.34422501024942
5312.48107847492,1.34406752129159
5321.37515635386,1.34391011315189
5330.2811982912,1.34375278578155
5339.19921697263,1.34359553913183
5348.12922509912,1.34343837315402
5357.07123538667,1.34328128779947
5366.02526056687,1.34312428301954
5374.99131338668,1.34296735876563
5383.96940660821,1.34281051498918
5392.95955300918,1.34265375164168
5401.96176538272,1.34249706867461
5410.97605653746,1.34234046603954
5420.00243929728,1.34218394368805
5429.04092650182,1.34202750157173
5438.09153100618,1.34187113964226
5447.1542656811,1.3417148578513
5456.22914341262,1.34155865615059
5465.31617710269,1.34140253449188
5474.4153796689,1.34124649282695
5483.5267640442,1.34109053110763
5492.65034317751,1.34093464928579
5501.78613003348,1.34077884731331
5510.9341375922,1.34062312514213
5520.0943788498,1.34046748272421
5529.26686681821,1.34031192001155
5538.45161452489,1.34015643695618
5547.64863501341,1.34000103351018
5556.85794134312,1.33984570962564
5566.07954658926,1.3396904652547
5575.31346384305,1.33953530034954
5584.55970621141,1.33938021486237
5593.81828681748,1.33922520874542
5603.0892188004,1.33907028195097
5612.37251531501,1.33891543443133
5621.66818953254,1.33876066613885
5630.97625464022,1.33860597702591
5640.29672384112,1.33845136704491
5649.6296103547,1.33829683614832
5658.97492741657,1.33814238428861
5668.33268827822,1.3379880114183
5677.7029062076,1.33783371748994
5687.0855944889,1.33767950245612
5696.48076642218,1.33752536626946
5705.88843532439,1.33737130888261
5715.30861452815,1.33721733024825
5724.74131738277,1.33706343031912
5734.18655725389,1.33690960904797
5743.64434752324,1.33675586638759
5753.11470158924,1.3366022022908
5762.59763286673,1.33644861671047
5772.0931547867,1.33629510959948
5781.6012807969,1.33614168091076
5791.12202436158,1.33598833059728
5800.65539896121,1.33583505861203
5810.20141809313,1.33568186490804
5819.76009527122,1.33552874943836
5829.33144402568,1.3353757121561
5838.91547790362,1.33522275301439
5848.5122104687,1.33506987196639
5858.12165530137,1.33491706896529
5867.74382599847,1.33476434396433
5877.37873617387,1.33461169691678
5887.02639945807,1.33445912777593
5896.68682949847,1.33430663649512
5906.36003995898,1.3341542230277
5916.04604452059,1.33400188732709
5925.74485688121,1.33384962934671
5935.45649075525,1.33369744904003
5945.18095987441,1.33354534636055
5954.91827798725,1.33339332126181
5964.66845885901,1.33324137369736
5974.43151627222,1.33308950362082
5984.2074640264,1.3329377109858
5993.99631593781,1.33278599574599
6003.79808584006,1.33263435785509
6013.61278758375,1.33248279726682
6023.4404350367,1.33233131393494
6033.28104208352,1.33217990781328
6043.13462262632,1.33202857885565
6053.00119058429,1.33187732701592
6062.8807598939,1.33172615224799
6072.7733445086,1.3315750545058
6082.67895839938,1.3314240337433
6092.5976155545,1.33127308991451
6102.52932997925,1.33112222297345
6112.47411569657,1.33097143287418
6122.43198674674,1.33082071957081
6132.40295718715,1.33067008301746
6142.38704109288,1.3305195231683
6152.38425255647,1.33036903997753
6162.39460568764,1.33021863339937
6172.41811461386,1.33006830338809
6182.45479348006,1.32991804989798
6192.50465644869,1.32976787288338
6202.56771769988,1.32961777229863
6212.64399143103,1.32946774809813
6222.73349185749,1.32931780023632
6232.83623321226,1.32916792866765
6242.95222974567,1.32901813334661
6253.08149572609,1.32886841422772
6263.22404543961,1.32871877126554
6273.37989318974,1.32856920441467
6283.54905329809,1.32841971362971
6293.73154010405,1.32827029886533
6303.92736796457,1.32812096007622
6314.13655125471,1.32797169721709
6324.35910436744,1.32782251024269
6334.59504171321,1.32767339910781
6344.84437772114,1.32752436376726
6355.10712683754,1.32737540417589
6365.38330352716,1.32722652028859
6375.67292227273,1.32707771206027
6385.97599757471,1.32692897944586
6396.29254395194,1.32678032240036
6406.62257594132,1.32663174087877
6416.96610809756,1.32648323483612
6427.32315499384,1.32633480422751
6437.69373122145,1.32618644900802
6448.07785138961,1.32603816913281
6458.47553012604,1.32588996455703
6468.8867820767,1.3257418352359
6479.3116219055,1.32559378112465
6489.75006429496,1.32544580217854
6500.20212394582,1.32529789835288
6510.66781557726,1.32515006960299
6521.1471539265,1.32500231588423
6531.64015374949,1.324854637152
6542.1468298205,1.32470703336173
6552.66719693235,1.32455950446887
6563.20126989598,1.32441205042891
6573.7490635412,1.32426467119738
6584.3105927163,1.32411736672983
6594.88587228785,1.32397013698183
6605.47491714126,1.32382298190902
6616.07774218058,1.32367590146703
6626.69436232817,1.32352889561155
6637.32479252534,1.32338196429828
6647.96904773212,1.32323510748298
6658.62714292687,1.32308832512141
6669.29909310707,1.32294161716938
6679.98491328879,1.32279498358273
6690.68461850705,1.32264842431732
6701.39822381531,1.32250193932907
6712.12574428622,1.32235552857389
6722.86719501118,1.32220919200776
6733.62259110058,1.32206292958666
6744.39194768341,1.32191674126663
6755.17527990792,1.32177062700371
6765.97260294133,1.32162458675401
6776.78393196954,1.32147862047363
6787.60928219778,1.32133272811873
6798.44866885034,1.3211869096455
6809.30210717025,1.32104116501014
6820.16961241996,1.32089549416889
6831.05119988106,1.32074989707805
6841.94688485396,1.3206043736939
6852.85668265856,1.32045892397279
6863.78060863387,1.3203135478711
6874.71867813814,1.32016824534521
6885.67090654896,1.32002301635156
6896.6373092629,1.31987786084661
6907.61790169614,1.31973277878685
6918.61269928423,1.31958777012881
6929.62171748174,1.31944283482904
6940.64497176292,1.31929797284413
6951.6824776215,1.31915318413069
6962.73425057028,1.31900846864537
6973.80030614187,1.31886382634485
6984.88065988836,1.31871925718584
6995.97532738105,1.31857476112507
7007.08432421109,1.31843033811932
7018.20766598925,1.31828598812538
7029.3453683454,1.3181417111001
7040.49744692985,1.31799750700032
7051.66391741178,1.31785337578294
7062.84479548048,1.3177093174049
7074.04009684496,1.31756533182312
7085.24983723361,1.31742141899462
7096.47403239494,1.31727757887639
7107.71269809722,1.31713381142549
7118.9658501282,1.31699011659898
7130.23350429581,1.31684649435398
7141.51567642786,1.31670294464762
7152.81238237168,1.31655946743708
7164.12363799487,1.31641606267953
7175.44945918499,1.31627273033222
7186.7898618492,1.3161294703524
7198.14486191504,1.31598628269736
7209.51447532992,1.31584316732442
7220.89871806143,1.31570012419092
7232.2976060969,1.31555715325425
7243.7111554441,1.31541425447181
7255.13938213082,1.31527142780105
7266.58230220513,1.31512867319942
7278.03993173492,1.31498599062444
7289.51228680865,1.31484338003362
7300.99938353501,1.31470084138454
7312.50123804262,1.31455837463477
7324.01786648072,1.31441597974195
7335.54928501889,1.31427365666371
7347.09550984669,1.31413140535774
7358.6565571744,1.31398922578174
7370.23244323271,1.31384711789346
7381.82318427237,1.31370508165066
7393.42879656494,1.31356311701115
7405.04929640236,1.31342122393274
7416.68470009716,1.31327940237331
7428.33502398208,1.31313765229073
7440.00028441073,1.31299597364293
7451.68049775725,1.31285436638785
7463.37568041646,1.31271283048348
7475.08584880348,1.31257136588781
7486.81101935447,1.31242997255888
7498.55120852627,1.31228865045476
7510.30643279606,1.31214739953355
7522.07670866218,1.31200621975337
7533.86205264372,1.31186511107238
7545.66248128018,1.31172407344875
7557.4780111323,1.31158310684072
7569.30865878164,1.3114422112065
7581.15444083032,1.31130138650439
7593.01537390169,1.31116063269268
7604.89147464007,1.31101994972971
7616.78275971035,1.31087933757383
7628.68924579881,1.31073879618343
7640.61094961261,1.31059832551694
7652.54788787996,1.31045792553281
7664.50007735026,1.3103175961895
7676.46753479365,1.31017733744553
7688.45027700176,1.31003714925945
7700.44832078739,1.3098970315898
7712.46168298413,1.30975698439519
7724.49038044716,1.30961700763424
7736.53443005291,1.3094771012656
7748.59384869868,1.30933726524796
7760.66865330345,1.30919749954003
7772.75886080751,1.30905780410055
7784.86448817212,1.30891817888828
7796.98555238032,1.30877862386203
7809.12207043637,1.30863913898063
7821.27405936601,1.30849972420292
7833.44153621652,1.3083603794878
7845.62451805632,1.30822110479419
7857.8230219757,1.30808190008101
7870.03706508649,1.30794276530725
7882.26666452172,1.3078037004319
7894.51183743637,1.30766470541401
7906.77260100705,1.30752578021261
7919.04897243164,1.30738692478681
7931.34096893008,1.30724813909571
7943.64860774402,1.30710942309846
7955.97190613643,1.30697077675424
7968.31088139245,1.30683220002225
7980.66555081898,1.30669369286171
7993.03593174426,1.30655525523189
8005.42204151924,1.30641688709208
8017.82389751583,1.30627858840158
8030.24151712838,1.30614035911975
8042.67491777315,1.30600219920596
8055.12411688797,1.30586410861962
8067.58913193303,1.30572608732014
8080.06998039052,1.30558813526699
8092.5666797643,1.30545025241966
8105.07924758067,1.30531243873767
8117.60770138803,1.30517469418055
8130.15205875648,1.30503701870788
8142.71233727869,1.30489941227927
8155.28855456949,1.30476187485433
8167.88072826552,1.30462440639273
8180.48887602605,1.30448700685415
8193.11301553247,1.30434967619831
8205.75316448845,1.30421241438495
8218.40934062013,1.30407522137383
8231.08156167557,1.30393809712476
8243.76984542561,1.30380104159757
8256.47420966349,1.3036640547521
8269.19467220447,1.30352713654825
8281.93125088667,1.30339028694591
8294.68396357067,1.30325350590504
8307.45282813921,1.30311679338559
8320.23786249792,1.30298014934757
8333.03908457501,1.30284357375099
8345.8565123209,1.30270706655591
8358.69016370903,1.3025706277224
8371.54005673546,1.30243425721058
8384.40620941843,1.30229795498057
8397.28863979982,1.30216172099254
8410.18736594329,1.30202555520667
8423.10240593582,1.3018894575832
8436.03377788717,1.30175342808235
8448.98149992952,1.30161746666442
8461.94559021831,1.30148157328969
8474.92606693183,1.30134574791849
8487.92294827092,1.30120999051119
8500.93625245972,1.30107430102817
8513.96599774534,1.30093867942984
8527.01220239749,1.30080312567664
8540.07488470929,1.30066763972903
8553.1540629969,1.30053222154752
8566.24975559918,1.30039687109262
8579.36198087848,1.30026158832488
8592.49075722015,1.30012637320489
8605.63610303285,1.29999122569324
8618.79803674799,1.29985614575058
8631.97657682066,1.29972113333755
8645.17174172913,1.29958618841485
8658.38354997462,1.2994513109432
8671.61202008198,1.29931650088333
8684.85717059933,1.29918175819601
8698.11902009823,1.29904708284204
8711.39758717326,1.29891247478225
8724.69289044281,1.29877793397748
8738.00494854875,1.29864346038861
8751.33378015597,1.29850905397656
8764.6794039533,1.29837471470226
8778.04183865298,1.29824044252665
8791.42110299094,1.29810623741074
8804.81721572629,1.29797209931554
8818.23019564216,1.29783802820208
8831.66006154536,1.29770402403145
8845.10683226596,1.29757008676472
8858.57052665813,1.29743621636304
8872.0511635998,1.29730241278754
8885.54876199224,1.2971686759994
8899.06334076093,1.29703500595984
8912.59491885506,1.29690140263007
8926.14351524778,1.29676786597136
8939.70914893573,1.296634395945
8953.29183893985,1.29650099251229
8966.89160430506,1.29636765563457
8980.50846409981,1.29623438527321
8994.14243741697,1.29610118138961
9007.79354337344,1.29596804394517
9021.46180110975,1.29583497290135
9035.14722979096,1.29570196821963
9048.84984860622,1.29556902986149
9062.56967676842,1.29543615778847
9076.30673351505,1.29530335196212
9090.06103810766,1.29517061234402
9103.83260983203,1.29503793889578
9117.62146799834,1.29490533157903
9131.42763194065,1.29477279035542
9145.25112101777,1.29464031518665
9159.09195461284,1.29450790603443
9172.95015213297,1.29437556286049
9186.82573301012,1.29424328562662
9200.71871670067,1.29411107429458
9214.62912268506,1.29397892882621
9228.55697046862,1.29384684918336
9242.50227958127,1.29371483532788
9256.465069577,1.29358288722169
9270.44536003486,1.2934510048267
9284.44317055849,1.29331918810487
9298.45852077576,1.29318743701817
9312.49143033966,1.29305575152861
9326.54191892772,1.29292413159822
9340.61000624222,1.29279257718906
9354.69571201037,1.2926610882632
9368.7990559837,1.29252966478276
9382.92005793903,1.29239830670988
9397.05873767803,1.2922670140067
9411.21511502683,1.29213578663543
9425.38920983689,1.29200462455827
9439.58104198466,1.29187352773746
9453.79063137106,1.29174249613528
9468.01799792253,1.29161152971401
9482.26316159049,1.29148062843597
9496.52614235102,1.2913497922635
9510.80696020572,1.29121902115898
9525.10563518117,1.2910883150848
9539.42218732912,1.29095767400339
9553.75663672665,1.29082709787718
9568.1090034756,1.29069658666867
9582.47930770352,1.29056614034034
9596.86756956323,1.29043575885472
9611.27380923241,1.29030544217437
9625.69804691453,1.29017519026186
9640.14030283843,1.29004500307979
9654.60059725789,1.28991488059081
9669.07895045258,1.28978482275755
9683.57538272762,1.2896548295427
9698.08991441319,1.28952490090897
9712.62256586541,1.2893950368191
9727.17335746599,1.28926523723583
9741.74230962158,1.28913550212196
9756.32944276553,1.28900583144029
9770.93477735574,1.28887622515366
9785.55833387644,1.28874668322492
9800.20013283752,1.28861720561697
9814.86019477417,1.28848779229272
9829.53854024779,1.28835844321511
9844.23518984559,1.28822915834709
9858.95016418015,1.28809993765166
9873.68348389033,1.28797078109184
9888.43516964093,1.28784168863065
9903.20524212219,1.28771266023117
9917.99372205074,1.28758369585649
9932.80063016922,1.28745479546972
9947.62598724582,1.28732595903401
9962.4698140752,1.28719718651252
9977.33213147797,1.28706847786844
9992.21296030086,1.286939833065
10007.1123214168,1.28681125206542
10022.0302357246,1.28668273483299
10036.9667241496,1.286554281331
10051.9218076433,1.28642589152276
10066.8955071832,1.28629756537162
10081.8878437734,1.28616930284095
10096.8988384444,1.28604110389414
10111.9285122524,1.28591296849461
10126.9768862809,1.28578489660581
10142.0439816393,1.2856568881912
10157.1298194632,1.28552894321429
10172.2344209153,1.28540106163858
10187.3578071845,1.28527324342763
10202.499999486,1.28514548854501
10217.6610190622,1.28501779695431
10232.8408871814,1.28489016861915
10248.039625139,1.28476260350318
10263.2572542571,1.28463510157007
10278.4937958839,1.2845076627835
10293.7492713952,1.28438028710721
10309.0237021928,1.28425297450494
10324.3171097058,1.28412572494045
10339.6295153898,1.28399853837755
10354.9609407277,1.28387141478004
10370.3114072286,1.28374435411178
10385.6809364292,1.28361735633664
10401.0695498928,1.2834904214185
10416.4772692096,1.28336354932129
10431.904115997,1.28323674000896
10447.3501118996,1.28310999344546
10462.8152785888,1.28298330959479
10478.2996377631,1.28285668842097
10493.8032111484,1.28273012988804
10509.3260204976,1.28260363396007
10524.8680875907,1.28247720060115
10540.4294342351,1.2823508297754
10556.0100822655,1.28222452144695
10571.6100535441,1.28209827557998
10587.2293699597,1.28197209213866
10602.8680534293,1.28184597108723
10618.5261258969,1.28171991238991
10634.2036093338,1.28159391601096
10649.9005257392,1.28146798191468
10665.6168971393,1.28134211006538
10681.3527455885,1.2812163004274
10697.1080931679,1.28109055296509
10712.8829619868,1.28096486764284
10728.6773741821,1.28083924442506
10744.491351918,1.28071368327619
10760.3249173868,1.28058818416068
10776.1780928082,1.28046274704302
10792.0509004299,1.28033737188772
10807.9433625272,1.2802120586593
10823.8555014033,1.28008680732231
10839.7873393896,1.27996161784135
10855.7388988446,1.27983649018101
10871.7102021554,1.27971142430593
10887.7012717369,1.27958642018075
10903.7121300317,1.27946147777015
10919.7427995108,1.27933659703884
10935.7933026731,1.27921177795153
10951.8636620454,1.27908702047297
10967.9539001829,1.27896232456795
10984.064039669,1.27883769020125
11000.1941031148,1.2787131173377
11016.3441131601,1.27858860594214
11032.5140924728,1.27846415597944
11048.7040637491,1.27833976741449
11064.9140497135,1.27821544021221
11081.1440731187,1.27809117433755
11097.394156746,1.27796696975546
11113.6643234052,1.27784282643094
11129.9545959341,1.27771874432899
11146.2649971994,1.27759472341466
11162.5955500963,1.277470763653
11178.9462775481,1.2773468650091
11195.3172025073,1.27722302744807
11211.7083479547,1.27709925093503
11228.1197368996,1.27697553543515
11244.5513923802,1.2768518809136
11261.0033374637,1.27672828733558
11277.4755952453,1.27660475466633
11293.9681888495,1.27648128287108
11310.4811414296,1.27635787191513
11327.0144761677,1.27623452176375
11343.5682162749,1.27611123238228
11360.1423849907,1.27598800373606
11376.7370055841,1.27586483579046
11393.3521013531,1.27574172851087
11409.9876956242,1.2756186818627
11426.6438117534,1.2754956958114
11443.320473126,1.27537277032242
11460.0177031555,1.27524990536125
11476.7355252856,1.27512710089341
11493.4739629886,1.27500435688442
11510.2330397661,1.27488167329985
11527.012779149,1.27475905010526
11543.8132046975,1.27463648726627
11560.6343400012,1.2745139847485
11577.4762086792,1.2743915425176
11594.3388343794,1.27426916053924
11611.2222407797,1.27414683877913
11628.1264515873,1.27402457720297
11645.0514905387,1.27390237577652
11661.9973814003,1.27378023446554
11678.9641479678,1.27365815323582
11695.9518140665,1.27353613205317
11712.9604035514,1.27341417088344
11729.9899403074,1.27329226969246
11747.0404482484,1.27317042844614
11764.1119513189,1.27304864711038
11781.2044734928,1.2729269256511
11798.3180387734,1.27280526403426
11815.4526711947,1.27268366222583
11832.6083948199,1.27256212019181
11849.7852337422,1.27244063789822
11866.9832120851,1.2723192153111
11884.2023540016,1.27219785239653
11901.4426836751,1.27207654912059
11918.7042253191,1.2719553054494
11935.9870031766,1.27183412134909
11953.2910415212,1.27171299678582
11970.616364657,1.27159193172577
11987.9629969173,1.27147092613515
12005.3309626664,1.27134997998018
12022.7202862989,1.27122909322712
12040.130992239,1.27110826584225
12057.5631049419,1.27098749779184
12075.016648893,1.27086678904224
12092.491648608,1.27074613955977
12109.9881286332,1.2706255493108
12127.506113545,1.27050501826172
12145.0456279506,1.27038454637894
12162.606696488,1.2702641336289
12180.1893438252,1.27014377997804
12197.7935946611,1.27002348539285
12215.4194737255,1.26990324983983
12233.0670057782,1.2697830732855
12250.7362156106,1.26966295569641
12268.4271280443,1.26954289703913
12286.1397679315,1.26942289728024
12303.8741601558,1.26930295638637
12321.6303296316,1.26918307432415
12339.4083013035,1.26906325106024
12357.2081001479,1.26894348656131
12375.0297511716,1.26882378079409
12392.8732794129,1.26870413372528
12410.7387099404,1.26858454532165
12428.6260678546,1.26846501554996
12446.5353782867,1.268345544377
12464.466666399,1.2682261317696
12482.419957385,1.26810677769459
12500.3952764697,1.26798748211884
12518.3926489093,1.26786824500922
12536.4120999907,1.26774906633265
12554.453655033,1.26762994605605
12572.5173393862,1.26751088414637
12590.6031784317,1.26739188057059
12608.7111975823,1.2672729352957
12626.8414222826,1.26715404828872
12644.9938780086,1.26703521951669
12663.1685902674,1.26691644894666
12681.3655845983,1.26679773654574
12699.5848865721,1.26667908228101
12717.8265217907,1.26656048611961
12736.0905158885,1.26644194802869
12754.3768945311,1.26632346797543
12772.6856834163,1.26620504592701
12791.016908273,1.26608668185066
12809.3705948627,1.26596837571362
12827.7467689785,1.26585012748313
12846.1454564452,1.2657319371265
12864.5666831198,1.26561380461102
12883.0104748915,1.26549572990403
12901.4768576808,1.26537771297286
12919.965857441,1.26525975378489
12938.4775001574,1.26514185230752
12957.0118118469,1.26502400850816
12975.5688185592,1.26490622235425
12994.1485463761,1.26478849381324
13012.7510214111,1.26467082285262
13031.3762698108,1.26455320943989
13050.0243177535,1.26443565354257
13068.6951914503,1.26431815512822
13087.3889171446,1.26420071416439
13106.1055211119,1.26408333061868
13124.8450296604,1.2639660044587
13143.6074691312,1.26384873565208
13162.3928658972,1.26373152416649
13181.2012463645,1.26361436996959
13200.0326369717,1.26349727302908
13218.8870641897,1.2633802333127
13237.7645545226,1.26326325078816
13256.6651345071,1.26314632542325
13275.5888307123,1.26302945718575
13294.5356697406,1.26291264604346
13313.5056782271,1.26279589196421
13332.4988828397,1.26267919491586
13351.5153102796,1.26256255486626
13370.5549872803,1.26244597178333
13389.6179406087,1.26232944563497
13408.7041970652,1.26221297638912
13427.8137834821,1.26209656401373
13446.946726726,1.26198020847679
13466.1030536963,1.2618639097463
13485.2827913251,1.26174766779028
13504.4859665783,1.26163148257677
13523.7126064551,1.26151535407384
13542.9627379875,1.26139928224957
13562.2363882413,1.26128326707208
13581.5335843158,1.26116730850948
13600.8543533429,1.26105140652995
13620.1987224893,1.26093556110163
13639.566718954,1.26081977219274
13658.9583699702,1.26070403977148
13678.3737028046,1.26058836380608
13697.812744757,1.26047274426481
13717.2755231617,1.26035718111595
13736.7620653863,1.26024167432779
13756.2723988318,1.26012622386866
13775.8065509336,1.26001082970689
13795.3645491607,1.25989549181085
13814.9464210155,1.25978021014893
13834.5521940349,1.25966498468953
13854.1818957898,1.25954981540107
13873.8355538844,1.25943470225201
13893.5131959574,1.25931964521081
13913.2148496815,1.25920464424597
13932.9405427635,1.25908969932599
13952.6903029445,1.2589748104194
13972.4641579992,1.25885997749477
13992.2621357369,1.25874520052066
14012.0842640015,1.25863047946567
14031.9305706704,1.25851581429841
14051.8010836559,1.25840120498753
14071.6958309048,1.25828665150168
14091.6148403975,1.25817215380953
14111.5581401496,1.2580577118798
14131.5257582113,1.25794332568119
14151.5177226665,1.25782899518246
14171.5340616344,1.25771472035236
14191.5748032688,1.25760050115967
14211.6399757572,1.25748633757321
14231.7296073235,1.2573722295618
14251.8437262245,1.25725817709427
14271.9823607531,1.25714418013951
14292.1455392366,1.25703023866639
14312.3332900366,1.25691635264383
14332.5456415504,1.25680252204075
14352.7826222099,1.2566887468261
14373.0442604818,1.25657502696885
14393.3305848681,1.256461362438
14413.6416239058,1.25634775320255
14433.9774061667,1.25623419923154
14454.337960258,1.25612070049402
14474.7233148224,1.25600725695907
14495.1334985369,1.25589386859577
14515.5685401146,1.25578053537324
14536.0284683035,1.25566725726063
14556.5133118871,1.25555403422707
14577.0230996843,1.25544086624176
14597.5578605491,1.25532775327388
14618.1176233715,1.25521469529265
14638.7024170762,1.25510169226732
14659.3122706242,1.25498874416714
14679.9472130118,1.25487585096139
14700.6072732712,1.25476301261936
14721.2924804695,1.25465022911038
14742.0028637103,1.25453750040379
14762.7384521327,1.25442482646895
14783.4992749113,1.25431220727523
14804.2853612568,1.25419964279205
14825.0967404161,1.25408713298881
14845.9334416711,1.25397467783497
14866.7954943405,1.25386227729999
14887.6829277787,1.25374993135334
14908.5957713764,1.25363763996453
14929.5340545595,1.25352540310309
14950.497806791,1.25341322073855
14971.4870575699,1.25330109284048
14992.5018364308,1.25318901937846
15013.542172945,1.2530770003221
15034.6080967203,1.25296503564103
15055.6996374005,1.25285312530487
15076.8168246656,1.25274126928331
15097.9596882324,1.25262946754602
15119.1282578543,1.25251772006271
15140.3225633203,1.2524060268031
15161.5426344569,1.25229438773694
15182.7885011269,1.252182802834
15204.0601932297,1.25207127206405
15225.3577407009,1.2519597953969
15246.6811735138,1.25184837280238
15268.0305216773,1.25173700425033
15289.405815238,1.25162568971062
15310.8070842789,1.25151442915314
15332.2343589201,1.25140322254778
15353.6876693188,1.25129206986447
15375.1670456682,1.25118097107315
15396.6725181996,1.2510699261438
15418.2041171811,1.2509589350464
15439.7618729173,1.25084799775094
15461.3458157506,1.25073711422746
15482.9559760605,1.25062628444599
15504.5923842632,1.25051550837661
15526.2550708128,1.2504047859894
15547.9440662005,1.25029411725445
15569.6594009545,1.2501835021419
15591.4011056408,1.25007294062189
15613.169210863,1.24996243266457
15634.9637472614,1.24985197824013
15656.7847455147,1.24974157731878
15678.6322363387,1.24963122987074
15700.5062504868,1.24952093586624
15722.4068187506,1.24941069527556
15744.3339719584,1.24930050806896
15766.287740977,1.24919037421675
15788.2681567111,1.24908029368926
15810.2752501024,1.24897026645682
15832.3090521312,1.24886029248979
15854.3695938158,1.24875037175855
15876.4569062117,1.24864050423349
15898.5710204131,1.24853068988505
15920.7119675522,1.24842092868365
15942.8797787987,1.24831122059976
15965.074485361,1.24820156560384
15987.2961184856,1.2480919636664
16009.5447094572,1.24798241475795
16031.8202895989,1.24787291884903
16054.1228902715,1.24776347591019
16076.4525428747,1.247654085912
16098.8092788469,1.24754474882507
16121.193129664,1.24743546461999
16143.6041268412,1.24732623326742
16166.0423019321,1.24721705473799
16188.5076865283,1.24710792900237
16211.0003122609,1.24699885603127
16233.5202107992,1.24688983579538
16256.067413851,1.24678086826544
16278.6419531633,1.2466719534122
16301.2438605218,1.24656309120642
16323.8731677505,1.24645428161889
16346.5299067135,1.24634552462042
16369.2141093125,1.24623682018182
16391.925807489,1.24612816827396
16414.6650332235,1.24601956886768
16437.4318185349,1.24591102193388
16460.2261954821,1.24580252744346
16483.0481961628,1.24569408536733
16505.8978527135,1.24558569567643
16528.7751973106,1.24547735834174
16551.6802621697,1.24536907333422
16574.6130795451,1.24526084062488
16597.5736817313,1.24515266018472
16620.562101062,1.24504453198479
16643.5783699099,1.24493645599615
16666.6225206879,1.24482843218986
16689.6945858481,1.24472046053702
16712.7945978823,1.24461254100874
16735.9225893223,1.24450467357615
16759.0785927387,1.2443968582104
16782.2626407428,1.24428909488267
16805.4747659856,1.24418138356413
16828.7150011571,1.24407372422601
16851.983378988,1.24396611683951
16875.2799322492,1.24385856137589
16898.6046937504,1.24375105780641
16921.9576963425,1.24364360610236
16945.3389729162,1.24353620623503
16968.7485564016,1.24342885817575
16992.1864797699,1.24332156189585
17015.6527760324,1.24321431736669
17039.1474782396,1.24310712455965
17062.6706194842,1.24299998344613
17086.2222328974,1.24289289399753
17109.802351652,1.2427858561853
17133.4110089609,1.24267886998088
17157.0482380772,1.24257193535574
17180.7140722948,1.24246505228138
17204.4085449487,1.2423582207293
17228.1316894134,1.24225144067103
17251.883539105,1.24214471207811
17275.6641274804,1.24203803492211
17299.4734880364,1.2419314091746
17323.3116543114,1.2418248348072
17347.1786598847,1.24171831179152
17371.0745383759,1.2416118400992
17394.9993234462,1.2415054197019
17418.9530487974,1.24139905057129
17442.935748173,1.24129273267906
17466.9474553565,1.24118646599693
17490.9882041736,1.24108025049664
17515.0580284911,1.24097408614992
17539.1569622161,1.24086797292855
17563.2850392982,1.24076191080432
17587.4422937276,1.24065589974902
17611.6287595366,1.24054993973449
17635.8444707979,1.24044403073257
17660.0894616266,1.24033817271511
17684.3637661792,1.24023236565399
17708.6674186533,1.24012660952112
17733.0004532886,1.24002090428841
17757.3629043664,1.23991524992779
17781.7548062099,1.23980964641121
17806.1761931836,1.23970409371065
17830.6270996941,1.2395985917981
17855.1075601904,1.23949314064555
17879.6176091624,1.23938774022505
17904.1572811427,1.23928239050862
17928.726610706,1.23917709146834
17953.3256324684,1.23907184307629
17977.9543810888,1.23896664530456
18002.6128912681,1.23886149812526
18027.3011977495,1.23875640151054
18052.0193353179,1.23865135543256
18076.7673388012,1.23854635986347
18101.5452430697,1.23844141477547
18126.3530830354,1.23833652014077
18151.1908936534,1.23823167593159
18176.0587099214,1.23812688212018
18200.9565668789,1.2380221386788
18225.8844996089,1.23791744557974
18250.8425432368,1.23781280279528
18275.8307329303,1.23770821029775
18300.8491039003,1.23760366805948
18325.8976914004,1.23749917605282
18350.9765307271,1.23739473425014
18376.0856572201,1.23729034262384
18401.2251062611,1.23718600114631
18426.3949132759,1.23708170978999
18451.595113733,1.23697746852732
18476.8257431436,1.23687327733075
18502.0868370626,1.23676913617277
18527.3784310882,1.23666504502587
18552.700560861,1.23656100386257
18578.0532620659,1.2364570126554
18603.4365704309,1.2363530713769
18628.8505217269,1.23624917999965
18654.2951517688,1.23614533849624
18679.7704964153,1.23604154683926
18705.2765915676,1.23593780500134
18730.8134731714,1.23583411295511
18756.3811772159,1.23573047067325
18781.979739734,1.23562687812841
18807.6091968024,1.23552333529329
18833.2695845413,1.23541984214061
18858.960939115,1.23531639864309
18884.6832967322,1.23521300477348
18910.4366936445,1.23510966050454
18936.2211661484,1.23500636580905
18962.0367505845,1.23490312065982
18987.8834833367,1.23479992502965
19013.761400834,1.23469677889139
19039.6705395494,1.23459368221788
19065.6109359995,1.234490634982
19091.582626746,1.23438763715664
19117.5856483949,1.23428468871469
19143.6200375964,1.23418178962908
19169.6858310455,1.23407893987276
19195.7830654811,1.23397613941867
19221.9117776873,1.2338733882398
19248.0720044929,1.23377068630914
19274.2637827706,1.23366803359969
19300.4871494387,1.23356543008449
19326.7421414603,1.23346287573659
19353.0287958424,1.23336037052904
19379.3471496379,1.23325791443492
19405.6972399445,1.23315550742734
19432.0791039042,1.2330531494794
19458.4927787048,1.23295084056425
19484.9383015794,1.23284858065503
19511.4157098048,1.23274636972491
19537.9250407053,1.23264420774707
19564.4663316483,1.23254209469472
19591.0396200479,1.23244003054108
19617.6449433632,1.23233801525939
19644.2823390982,1.23223604882289
19670.9518448032,1.23213413120486
19697.6534980737,1.23203226237859
19724.3873365504,1.23193044231739
19751.1533979202,1.23182867099459
19777.9517199158,1.23172694838351
19804.7823403147,1.23162527445752
19831.6452969411,1.23152364919
19858.5406276652,1.23142207255433
19885.4683704019,1.23132054452394
19912.4285631134,1.23121906507224
19939.4212438071,1.23111763417268
19966.4464505368,1.23101625179872
19993.5042214027,1.23091491792385
20020.5945945501,1.23081363252155
20047.7176081717,1.23071239556534
20074.8733005062,1.23061120702875
20102.0617098378,1.23051006688533
20129.2828744982,1.23040897510864
20156.5368328652,1.23030793167227
20183.8236233625,1.23020693654981
20211.1432844612,1.23010598971487
20238.4958546787,1.2300050911411
20265.8813725785,1.22990424080214
20293.2998767717,1.22980343867166
20320.7514059159,1.22970268472334
20348.2359987146,1.22960197893088
20375.7536939201,1.229501321268
20403.3045303297,1.22940071170844
20430.888546789,1.22930015022595
20458.5057821895,1.22919963679429
20486.1562754707,1.22909917138725
20513.8400656194,1.22899875397864
20541.5571916684,1.22889838454227
20569.307692699,1.22879806305199
20597.0916078392,1.22869778948164
20624.9089762648,1.22859756380509
20652.7598371983,1.22849738599623
20680.6442299102,1.22839725602897
20708.5621937189,1.22829717387722
20736.5137679893,1.22819713951493
20764.4989921349,1.22809715291604
20792.5179056165,1.22799721405454
20820.5705479432,1.2278973229044
20848.6569586707,1.22779747943963
20876.7771774037,1.22769768363426
20904.9312437948,1.22759793546232
20933.1191975435,1.22749823489786
20961.3410783984,1.22739858191496
20989.5969261559,1.22729897648771
21017.8867806608,1.22719941859021
21046.2106818051,1.22709990819659
21074.5686695302,1.22700044528097
21102.9607838256,1.22690102981752
21131.3870647284,1.22680166178041
21159.8475523249,1.22670234114383
21188.3422867498,1.22660306788198
21216.8713081863,1.22650384196908
21245.4346568657,1.22640466337938
21274.0323730689,1.22630553208712
21302.6644971243,1.22620644806657
21331.3310694101,1.22610741129204
21360.0321303533,1.22600842173781
21388.7677204288,1.22590947937821
21417.5378801613,1.22581058418758
21446.3426501244,1.22571173614027
21475.1820709406,1.22561293521066
21504.0561832818,1.22551418137312
21532.9650278682,1.22541547460207
21561.9086454702,1.22531681487192
21590.8870769074,1.22521820215711
21619.9003630479,1.22511963643209
21648.9485448099,1.22502111767133
21678.0316631614,1.22492264584931
21707.1497591186,1.22482422094054
21736.3028737486,1.22472584291954
21765.4910481678,1.22462751176084
21794.7143235415,1.22452922743899
21823.9727410856,1.22443098992856
21853.2663420657,1.22433279920414
21882.595167797,1.22423465524031
21911.9592596451,1.2241365580117
21941.3586590245,1.22403850749295
21970.7934074008,1.22394050365869
22000.2635462896,1.2238425464836
22029.7691172558,1.22374463594235
22059.3101619153,1.22364677200965
22088.8867219345,1.22354895466021
22118.498839029,1.22345118386875
22148.1465549658,1.22335345961003
22177.8299115623,1.22325578185881
22207.5489506855,1.22315815058986
22237.3037142539,1.22306056577798
22267.0942442365,1.22296302739797
22296.9205826524,1.22286553542468
22326.7827715719,1.22276808983294
22356.6808531162,1.2226706905976
22386.614869457,1.22257333769356
22416.5848628175,1.22247603109568
22446.5908754709,1.2223787707789
22476.6329497421,1.22228155671812
22506.7111280076,1.22218438888828
22536.8254526936,1.22208726726436
22566.9759662789,1.2219901918213
22597.1627112931,1.22189316253411
22627.3857303167,1.22179617937778
22657.6450659821,1.22169924232735
22687.9407609735,1.22160235135783
22718.2728580254,1.22150550644428
22748.641399925,1.22140870756178
22779.0464295107,1.2213119546854
22809.4879896727,1.22121524779025
22839.9661233532,1.22111858685144
22870.4808735453,1.22102197184409
22901.0322832949,1.22092540274337
22931.6203956998,1.22082887952443
22962.245253909,1.22073240216244
22992.9069011244,1.22063597063262
23023.6053806,1.22053958491016
23054.340735641,1.22044324497029
23085.1130096059,1.22034695078825
23115.9222459055,1.22025070233931
23146.768488002,1.22015449959874
23177.6517794107,1.22005834254183
23208.5721636999,1.21996223114387
23239.5296844888,1.21986616538021
23270.5243854515,1.21977014522616
23301.5563103126,1.21967417065708
23332.6255028507,1.21957824164835
23363.7320068973,1.21948235817534
23394.8758663354,1.21938652021347
23426.0571251024,1.21929072773813
23457.2758271883,1.21919498072477
23488.5320166354,1.21909927914882
23519.8257375398,1.21900362298577
23551.1570340512,1.21890801221107
23582.5259503711,1.21881244680023
23613.9325307555,1.21871692672875
23645.3768195137,1.21862145197216
23676.8588610075,1.21852602250601
23708.3786996531,1.21843063830584
23739.9363799199,1.21833529934723
23771.5319463309,1.21824000560577
23803.165443463,1.21814475705705
23834.8369159461,1.21804955367671
23866.5464084647,1.21795439544037
23898.2939657571,1.21785928232368
23930.0796326147,1.21776421430231
23961.9034538837,1.21766919135193
23993.7654744644,1.21757421344825
24025.6657393102,1.21747928056698
24057.6042934298,1.21738439268383
24089.5811818859,1.21728954977457
24121.5964497946,1.21719475181493
24153.6501423275,1.2170999987807
24185.7423047104,1.21700529064767
24217.8729822227,1.21691062739164
24250.0422201993,1.21681600898842
24282.2500640293,1.21672143541386
24314.4965591572,1.2166269066438
24346.7817510807,1.21653242265411
24379.1056853536,1.21643798342067
24411.4684075846,1.21634358891938
24443.8699634363,1.21624923912615
24476.3103986271,1.2161549340169
24508.7897589304,1.21606067356758
24541.3080901749,1.21596645775414
24573.8654382436,1.21587228655257
24606.4618490756,1.21577815993883
24639.0973686656,1.21568407788895
24671.7720430622,1.21559004037893
24704.485918371,1.21549604738482
24737.2390407524,1.21540209888265
24770.0314564229,1.2153081948485
24802.8632116535,1.21521433525844
24835.7343527721,1.21512052008857
24868.6449261623,1.215026749315
24901.5949782623,1.21493302291385
24934.5845555676,1.21483934086126
24967.6137046291,1.21474570313339
25000.6824720541,1.2146521097064
25033.7909045051,1.21455856055649
25066.9390487016,1.21446505565986
25100.1269514194,1.21437159499271
25133.3546594897,1.21427817853128
25166.622219801,1.21418480625182
25199.9296792982,1.21409147813058
25233.2770849817,1.21399819414385
25266.6644839095,1.21390495426791
25300.0919231962,1.21381175847906
25333.5594500121,1.21371860675364
25367.0671115853,1.21362549906797
25400.6149552006,1.2135324353984
25434.2030281989,1.21343941572131
25467.8313779789,1.21334644001307
25501.5000519962,1.21325350825008
25535.2090977631,1.21316062040874
25568.9585628498,1.21306777646549
25602.7484948825,1.21297497639677
25636.5789415458,1.21288222017902
25670.4499505817,1.21278950778873
25704.3615697885,1.21269683920237
25738.313847023,1.21260421439644
25772.3068301998,1.21251163334747
25806.3405672898,1.21241909603198
25840.4151063228,1.21232660242651
25874.5304953863,1.21223415250762
25908.6867826248,1.2121417462519
25942.8840162414,1.21204938363592
25977.1222444971,1.21195706463629
26011.4015157108,1.21186478922964
26045.72187826,1.21177255739258
26080.0833805792,1.21168036910178
26114.4860711621,1.21158822433389
26148.929998561,1.21149612306559
26183.4152113852,1.21140406527358
26217.9417583038,1.21131205093456
26252.5096880442,1.21122008002526
26287.1190493915,1.2111281525224
26321.7698911904,1.21103626840274
26356.4622623443,1.21094442764305
26391.1962118144,1.21085263022011
26425.9717886218,1.21076087611072
26460.7890418466,1.21066916529167
26495.6480206267,1.2105774977398
26530.5487741602,1.21048587343195
26565.491351704,1.21039429234496
26600.4758025742,1.21030275445572
26635.5021761465,1.21021125974109
26670.570521855,1.21011980817798
26705.6808891941,1.21002839974331
26740.8333277178,1.20993703441399
26776.0278870385,1.20984571216696
26811.2646168295,1.20975443297919
26846.5435668235,1.20966319682765
26881.8647868121,1.20957200368931
26917.2283266477,1.20948085354118
26952.6342362428,1.20938974636027
26988.0825655684,1.20929868212361
27023.5733646572,1.20920766080824
27059.1066836011,1.20911668239122
27094.6825725525,1.20902574684963
27130.3010817243,1.20893485416053
27165.9622613888,1.20884400430105
27201.6661618796,1.20875319724828
27237.4128335908,1.20866243297937
27273.202326976,1.20857171147144
27309.0346925505,1.20848103270168
27344.9099808903,1.20839039664723
27380.8282426311,1.2082998032853
27416.7895284703,1.20820925259307
27452.7938891665,1.20811874454778
27488.841375538,1.20802827912664
27524.9320384652,1.2079378563069
27561.0659288897,1.20784747606583
27597.2430978129,1.20775713838068
27633.4635962997,1.20766684322875
27669.7274754742,1.20757659058734
27706.034786523,1.20748638043377
27742.3855806943,1.20739621274536
27778.7799092969,1.20730608749946
27815.217823702,1.20721600467343
27851.6993753428,1.20712596424463
27888.2246157129,1.20703596619047
27924.7935963691,1.20694601048832
27961.4063689298,1.20685609711562
27998.0629850745,1.20676622604979
28034.7634965458,1.20667639726828
28071.5079551485,1.20658661074853
28108.2964127482,1.20649686646803
28145.1289212743,1.20640716440426
28182.0055327178,1.20631750453471
28218.9262991326,1.20622788683691
28255.8912726342,1.20613831128837
28292.9005054015,1.20604877786665
28329.9540496761,1.2059592865493
28367.0519577613,1.20586983731389
28404.1942820241,1.205780430138
28441.3810748942,1.20569106499923
28478.6123888646,1.2056017418752
28515.8882764899,1.20551246074353
28553.2087903892,1.20542322158186
28590.5739832448,1.20533402436784
28627.9839078006,1.20524486907915
28665.4386168656,1.20515575569347
28702.9381633118,1.20506668418849
28740.4826000735,1.20497765454192
28778.0719801497,1.2048886667315
28815.7063566028,1.20479972073495
28853.3857825591,1.20471081653002
28891.1103112073,1.2046219540945
28928.8799958016,1.20453313340615
28966.6948896596,1.20444435444276
29004.5550461619,1.20435561718216
29042.4605187544,1.20426692160215
29080.4113609466,1.20417826768058
29118.4076263128,1.2040896553953
29156.44936849,1.20400108472416
29194.5366411811,1.20391255564504
29232.6694981533,1.20382406813585
29270.8479932371,1.20373562217447
29309.0721803288,1.20364721773884
29347.3421133894,1.20355885480687
29385.6578464432,1.20347053335653
29424.0194335809,1.20338225336576
29462.4269289578,1.20329401481255
29500.8803867929,1.20320581767488
29539.3798613716,1.20311766193075
29577.9254070445,1.20302954755817
29616.5170782255,1.20294147453519
29655.1549293968,1.20285344283982
29693.839015103,1.20276545245015
29732.5693899559,1.20267750334423
29771.3461086326,1.20258959550015
29810.1692258746,1.202501728896
29849.0387964904,1.20241390350991
29887.954875354,1.20232611931998
29926.9175174043,1.20223837630436
29965.926777647,1.20215067444121
30004.9827111538,1.20206301370868
30044.0853730615,1.20197539408496
30083.2348185738,1.20188781554823
30122.431102961,1.20180027807672
30161.6742815582,1.20171278164863
30200.9644097681,1.2016253262422
30240.3015430595,1.20153791183568
30279.6857369677,1.20145053840732
30319.1170470949,1.20136320593541
30358.5955291087,1.20127591439823
30398.1212387449,1.20118866377408
30437.6942318058,1.20110145404127
30477.3145641597,1.20101428517814
30516.9822917429,1.20092715716303
30556.6974705587,1.20084006997428
30596.4601566765,1.20075302359028
30636.2704062339,1.2006660179894
30676.1282754361,1.20057905315004
30716.0338205541,1.20049212905061
30755.9870979279,1.20040524566953
30795.9881639644,1.20031840298524
30836.0370751381,1.20023160097618
30876.1338879917,1.20014483962082
30916.2786591345,1.20005811889764
30956.4714452447,1.19997143878512
30996.7123030685,1.19988479926177
31037.0012894189,1.19979820030611
31077.3384611782,1.19971164189666
31117.7238752968,1.19962512401197
31158.1575887923,1.19953864663059
31198.6396587517,1.1994522097311
31239.1701423305,1.19936581329208
31279.7490967513,1.19927945729212
31320.3765793066,1.19919314170983
31361.0526473577,1.19910686652384
31401.7773583327,1.19902063171278
31442.5507697316,1.19893443725531
31483.3729391204,1.19884828313008
31524.2439241355,1.19876216931578
31565.1637824827,1.19867609579109
31606.1325719354,1.19859006253471
31647.1503503376,1.19850406952536
31688.2171756026,1.19841811674177
31729.3331057117,1.19833220416268
31770.4981987172,1.19824633176685
31811.7125127407,1.19816049953304
31852.9761059722,1.19807470744004
31894.2890366726,1.19798895546664
31935.6513631729,1.19790324359166
31977.0631438724,1.1978175717939
