i,DeltaG_kBT_single_S_1p29,DeltaG_kBT_single_S_1p39,DeltaG_kBT_single_S_1p59
1.00092213149145,0,0,0
1.00241008504967,0.00229425803416516,0.00218316514677097,0.00198313914954618
1.00390038844275,0.0045911517851156,0.00436879056806472,0.00396842268468278
1.0053930456447,0.00689068468794618,0.00655687940226901,0.00595585320957071
1.00688806063666,0.00919286018285215,0.00874743479234308,0.00794543333198394
1.00838543740716,0.0114976817151411,0.0109404598858038,0.0099371656632572
1.00988517995151,0.013805152735308,0.0131359578348493,0.0119310528185017
1.01138729227298,0.0161152766988781,0.0153339317961159,0.0139270974161896
1.01289177838152,0.0184280570666902,0.0175343849310519,0.015925302078712
1.01439864229544,0.0207434973043976,0.0197373204052997,0.0179256694315315
1.01590788803865,0.0230616008833198,0.0219427413897457,0.0199282021045941
1.01741951964382,0.0253823712795933,0.0241506510594416,0.0219329027308439
1.01893354115054,0.0277058119746285,0.0263610525941953,0.0239397739470415
1.02044995660609,0.0300319264549009,0.0285739491783077,0.0259488183934122
1.02196877006393,0.0323607182124621,0.0307893440011915,0.0279600387144621
1.02348998558625,0.0346921907442388,0.0330072402564849,0.029973437557747
1.0250136072426,0.0370263475522918,0.0352276411424093,0.0319890175744177
1.02653963910853,0.0393631921443576,0.037450549862414,0.0340067814200462
1.02806808526894,0.041702728032921,0.0396759696240001,0.0360267317530001
1.02959894981453,0.0440449587361185,0.0419039036398856,0.0380488712360818
1.03113223684456,0.0463898877770079,0.0441343551270714,0.0400732025352286
1.03266795046512,0.0487375186841512,0.0463673273075531,0.0420997283204554
1.03420609479046,0.0510878549912133,0.0486028234078169,0.0441284512651641
1.0357466739418,0.0534409002371876,0.0508408466591628,0.0461593740466419
1.03728969204804,0.0557966579664142,0.0530814002976587,0.0481924993459053
1.03883515324523,0.0581551317286282,0.055324487564238,0.0502278298478793
1.04038306167798,0.0605163250785252,0.0575701117041509,0.052265368240652
1.04193342149748,0.0628802415764551,0.0598182759678152,0.0543051172165945
1.04348623686274,0.0652468847880452,0.0620689836103385,0.05634707947172
1.04504151194065,0.0676162582840862,0.0643222378914068,0.0583912577055576
1.04659925090585,0.0699883656407727,0.0665780420755286,0.0604376546214151
1.04815945793976,0.0723632104398453,0.0688363994322532,0.0624862729267361
1.04972213723253,0.0747407962681472,0.0710973132355814,0.0645371153322367
1.05128729298133,0.0771211267179774,0.0733607867644444,0.0665901845526213
1.05285492939069,0.0795042053871704,0.0756268233027608,0.0686454833065935
1.05442505067365,0.0818900358787364,0.0778954261389879,0.0707030143162481
1.05599766105064,0.0842786218011731,0.080166598566521,0.0727627803076301
1.05757276474961,0.086669966768357,0.0824403438835697,0.0748247840105818
1.05915036600629,0.0890640743996642,0.0847166653932656,0.0768890281588259
1.06073046906398,0.0914609483199245,0.0869955664036262,0.0789555154899531
1.0623130781744,0.0938605921591673,0.0892770502272411,0.0810242487449906
1.06389819759685,0.0962630095530024,0.0915611201817139,0.0830952306689641
1.06548583159751,0.0986682041427267,0.093847779589824,0.0851684640111499
1.06707598445195,0.101076179574612,0.0961370317786199,0.0872439515238299
1.06866866044206,0.103486939500863,0.0984288800806152,0.0893216959639025
1.07026386385816,0.105900487579007,0.100723327833016,0.0914017000918244
1.0718615989991,0.108316827471905,0.103020378377724,0.0934839666716005
1.07346187017035,0.110735962848167,0.105320035061895,0.0955684984716045
1.0750646816865,0.113157897381671,0.107622301237276,0.0976552982635703
1.07667003786886,0.115582634752104,0.109927180260914,0.0997443688236284
1.07827794304817,0.118010178644303,0.11223467549431,0.1018357129311
1.07988840156091,0.120440532749141,0.114544790304568,0.103929333370133
1.08150141775362,0.122873700762585,0.116857528063135,0.106025232927867
1.08311699598004,0.12530968638634,0.119172892146659,0.10812341439568
1.08473514060121,0.127748493327775,0.121490885936908,0.110223880569078
1.08635585598757,0.130190125299571,0.12381151282026,0.112326634246925
1.08797914651635,0.132634586020301,0.126134776188475,0.114431678232546
1.08960501657301,0.135081879213998,0.128460679438162,0.116539015333011
1.09123347055173,0.137532008610211,0.130789225970794,0.118648648359083
1.0928645128546,0.139984977944154,0.133120419192917,0.120760580125535
1.09449814789085,0.142440790956801,0.135454262516308,0.122874813451409
1.09613438007869,0.144899451394647,0.137790759357589,0.124991351159386
1.09777321384437,0.147360963009784,0.14012991313838,0.127110196076063
1.09941465362195,0.149825329560106,0.142471727285526,0.129231351032214
1.10105870385386,0.152292554808999,0.144816205230732,0.131354818862349
1.10270536899049,0.154762642525666,0.147163350410927,0.133480602405127
1.10435465349105,0.157235596484842,0.149513166267917,0.1356087045029
1.10600656182173,0.159711420467139,0.151865656248859,0.137739128002438
1.10766109845812,0.162190118258713,0.154220823805756,0.139871875754086
1.1093182678834,0.164671693651497,0.156578672395819,0.142006950612382
1.11097807458911,0.167156150443204,0.158939205481417,0.144144355435895
1.11264052307494,0.169643492437178,0.161302426529939,0.146284093087118
1.11430561784938,0.172133723442475,0.163668339013831,0.148426166432424
1.11597336342832,0.174626847274129,0.166036946410963,0.150570578342606
1.11764376433699,0.177122867752579,0.168408252203915,0.152717331691919
1.11931682510788,0.179621788704385,0.170782259880844,0.154866429359212
1.12099255028235,0.182123613961779,0.173158972934914,0.157017874227159
1.12267094441067,0.184628347362526,0.175538394864164,0.159171669182101
1.12435201205019,0.187135992750627,0.177920529172333,0.161327817115132
1.12603575776784,0.189646553975552,0.180305379367921,0.163486320920817
1.12772218613844,0.192160034892748,0.182692948964808,0.165647183498044
1.12941130174516,0.194676439363442,0.185083241482038,0.167810407749739
1.13110310917992,0.197195771254684,0.187476260443817,0.169975996582816
1.13279761304258,0.19971803443951,0.189872009379752,0.172143952908521
1.13449481794203,0.202243232796661,0.192270491824476,0.17431427964191
1.13619472849528,0.204771370210802,0.194671711317941,0.176486979702275
1.13789734932798,0.207302450572493,0.197075671405349,0.178662056012985
1.1396026850745,0.209836477778158,0.199482375637114,0.180839511501459
1.14131074037729,0.212373455730141,0.201891827568968,0.183019349099338
1.14302151988801,0.214913388336626,0.204304030761796,0.185201571742187
1.14473502826614,0.217456279511912,0.206718988782012,0.187386182370044
1.14645127017988,0.220002133176086,0.209136705201169,0.189573183926913
1.1481702503067,0.222550953255133,0.211557183596024,0.19176257936076
1.14989197333211,0.225102743681111,0.213980427548808,0.193954371623941
1.15161644395049,0.227657508391915,0.216406440646926,0.196148563672794
1.15334366686515,0.230215251331405,0.218835226483084,0.198345158467757
1.15507364678672,0.232775976449762,0.221266788655755,0.200544158974051
1.15680638843657,0.235339687702671,0.223701130768126,0.202745568160171
1.15854189654291,0.237906389052188,0.226138256429232,0.204949388999534
1.16028017584413,0.240476084466129,0.228578169253117,0.207155624469204
1.16202123108679,0.243048777918422,0.231020872859321,0.209364277550637
1.16376506702553,0.245624473389266,0.233466370873058,0.211575351229881
1.16551168842487,0.248203174864497,0.235914666924433,0.213788848496545
1.16726110005775,0.250784886336231,0.23836576464921,0.216004772344764
1.16901330670558,0.253369611802714,0.240819667688646,0.218223125773034
1.17076831315887,0.255957355268121,0.243276379689251,0.220443911783868
1.17252612421727,0.258548120742729,0.245735904302952,0.222667133383981
1.17428674468862,0.261141912243082,0.248198245187332,0.224892793584632
1.17605017939043,0.263738733791545,0.250663406005073,0.227120895400887
1.17781643314846,0.266338589416851,0.25313139042461,0.229351441852452
1.17958551079743,0.268941483153847,0.255602202119822,0.231584435963272
1.18135741718141,0.271547419043418,0.25807584476993,0.23381988076138
1.18313215715389,0.274156401132396,0.260552322059396,0.236057779278782
1.18490973557559,0.276768433474328,0.263031637678857,0.238298134552687
1.18669015731793,0.27938352012844,0.265513795323833,0.240540949623746
1.18847342726055,0.282001665160405,0.267998798695674,0.242786227537342
1.19025955029248,0.284622872641873,0.270486651501008,0.245033971342867
1.19204853131142,0.287247146650905,0.272977357452227,0.247284184094313
1.19384037522419,0.289874491271763,0.275470920267241,0.249536868849967
1.19563508694741,0.292504910594647,0.277967343669171,0.251792028672006
1.19743267140521,0.29513840871651,0.280466631387323,0.254049666627786
1.19923313353286,0.29777498974002,0.282968787155891,0.256309785788047
1.20103647827327,0.300414657774396,0.285473814715052,0.258572389228494
1.20284271057923,0.303057416935039,0.28798171781042,0.260837480028934
1.20465183541178,0.305703271343865,0.290492500193514,0.263105061273971
1.20646385774289,0.308352225128536,0.29300616562078,0.26537513605167
1.20827878255192,0.311004282423599,0.295522717855,0.267647707455434
1.21009661482818,0.313659447369646,0.298042160664256,0.269922778582633
1.21191735957108,0.316317724113474,0.300564497822081,0.272200352534726
1.21374102178763,0.318979116808496,0.303089733108056,0.274480432418204
1.21556760649535,0.321643629614255,0.305617870307111,0.276763021343484
1.21739711872043,0.324311266696847,0.308148913210078,0.279048122425731
1.21922956349921,0.326982032228379,0.310682865613041,0.281335738783991
1.22106494587649,0.329655930387703,0.313219731318201,0.283625873542291
1.22290327090655,0.332332965359972,0.315759514133352,0.285918529828977
1.22474454365346,0.335013141336678,0.318302217871894,0.288213710776684
1.22658876919053,0.337696462515658,0.32084784635288,0.290511419522461
1.22843595260027,0.340382933101328,0.323396403401263,0.292811659208015
1.23028609897511,0.343072557304421,0.325947892847563,0.29511443297929
1.23213921341632,0.345765339342158,0.328502318528135,0.297419743986876
1.23399530103465,0.348461283438337,0.331059684285202,0.299727595385957
1.2358543669512,0.351160393822987,0.333619993966439,0.302037990335777
1.23771641629569,0.353862674732741,0.33618325142549,0.30435093200039
1.23958145420783,0.356568130410711,0.338749460521728,0.306666423548238
1.24144948583656,0.359276765106571,0.341318625120397,0.308984468152389
1.24332051634094,0.361988583076376,0.343890749092371,0.311305068990183
1.2451945508886,0.364703588582881,0.346465836314583,0.313628229243871
1.24707159465807,0.367421785895152,0.349043890669459,0.315953952099723
1.24895165283613,0.370143179289093,0.351624916045651,0.318282240749135
1.25083473062078,0.372867773046831,0.354208916337196,0.320613098387373
1.2527208332181,0.375595571457337,0.356795895444371,0.322946528214861
1.25460996584505,0.378326578815982,0.359385857273041,0.325282533436143
1.25650213372789,0.381060799424823,0.361978805735061,0.327621117260512
1.25839734210193,0.383798237592587,0.364574744748283,0.32996228290203
1.26029559621314,0.386538897634491,0.367173678236253,0.33230603357903
1.26219690131721,0.389282783872376,0.369775610128411,0.334652372514425
1.26410126267895,0.392029900634828,0.372380544360268,0.337001302935981
1.2660086855738,0.394780252256919,0.374988484873019,0.33935282807571
1.26791917528619,0.397533843080644,0.377599435614119,0.341706951170682
1.26983273711069,0.400290677454459,0.380213400536724,0.344063675462297
1.27174937635257,0.403050759733399,0.382830383599766,0.346423004196306
1.27366909832537,0.405814094279599,0.385450388768665,0.348784940623824
1.27559190835377,0.408580685461586,0.3880734200144,0.351149488000033
1.27751781177197,0.41135053765464,0.390699481313989,0.353516649584875
1.2794468139241,0.414123655240843,0.393328576650516,0.355886428643017
1.2813789201644,0.416900042608968,0.395960710012996,0.358258828443704
1.28331413585688,0.419679704154638,0.398595885396567,0.360633852260986
1.28525246637569,0.422462644280095,0.40123410680223,0.363011503373422
1.28719391710505,0.425248867394444,0.403875378237095,0.365391785064315
1.28913849343865,0.42803837791375,0.406519703714527,0.367774700621955
1.29108620078125,0.430831180260497,0.409167087253481,0.370160253338737
1.29303704454713,0.433627278864239,0.411817532879274,0.372548446512131
1.2949910301604,0.43642667816143,0.414471044623384,0.374939283444453
1.29694816305565,0.439229382595154,0.417127626523145,0.377332767442459
1.29890844867739,0.442035396615538,0.419787282622186,0.379728901817877
1.30087189248106,0.444844724679306,0.42245001696992,0.382127689886743
1.30283849993116,0.447657371250391,0.425115833622292,0.384529134970405
1.3048082765029,0.450473340799386,0.427784736641107,0.386933240394634
1.30678122768172,0.453292637803877,0.430456730094401,0.389340009490058
1.30875735896383,0.456115266748215,0.433131818056169,0.391749445591817
1.31073667585442,0.458941232123987,0.435810004606971,0.394161552040402
1.31271918386996,0.461770538429421,0.438491293833168,0.396576332180599
1.3147048885374,0.464603190169695,0.441175689827287,0.398993789361941
1.31669379539347,0.467439191857139,0.443863196688277,0.401413926939077
1.31868590998504,0.470278548010947,0.446553818521195,0.403836748271392
1.32068123786969,0.473121263157374,0.449247559437359,0.4062622567231
1.32267978461584,0.475967341829504,0.451944423554105,0.408690455662974
1.32468155580129,0.478816788567638,0.454644414995288,0.411121348465041
1.32668655701547,0.481669607918852,0.457347537890668,0.413554938507674
1.32869479385724,0.484525804437542,0.46005379637662,0.415991229174592
1.33070627193676,0.487385382684835,0.462763194595411,0.418430223853885
1.33272099687368,0.490248347229259,0.465475736695996,0.420871925939058
1.33473897429909,0.493114702646173,0.468191426833307,0.423316338828055
1.33676020985411,0.495984453518147,0.470910269168741,0.425763465923933
1.33878470919089,0.498857604434656,0.473632267869775,0.428213310634353
1.34081247797175,0.501734159992472,0.476357427110421,0.430665876372137
1.34284352186956,0.504614124795499,0.47908575107104,0.433121166555041
1.34487784656819,0.507497503454594,0.481817243938123,0.435579184605472
1.34691545776167,0.510384300587959,0.484551909904746,0.438039933951055
1.34895636115514,0.513274520820834,0.487289753170194,0.440503418024133
1.35100056246416,0.516168168785717,0.490030777940234,0.442969640262128
1.35304806741566,0.519065249122022,0.492774988426699,0.445438604107001
1.35509888174569,0.521965766476873,0.495522388848449,0.447910313006513
1.35715301120282,0.524869725504148,0.498272983430164,0.45038477041256
1.35921046154565,0.527777130865045,0.501026776403099,0.45286197978227
1.36127123854341,0.530687987228133,0.503783772005083,0.455341944577912
1.36333534797628,0.533602299269185,0.50654397448033,0.457824668266668
1.36540279563559,0.536520071671076,0.509307388079327,0.460310154320496
1.36747358732278,0.539441309124234,0.512074017059357,0.462798406216788
1.36954772885134,0.542366016326044,0.514843865683762,0.46528942743738
1.37162522604449,0.545294197981508,0.517616938222771,0.46778322146968
1.373706084737,0.548225858802712,0.520393238952841,0.470279791805778
1.37579031077463,0.551161003509126,0.523172772156985,0.472779141942841
1.37787791001376,0.554099636827631,0.525955542124839,0.475281275383227
1.37996888832228,0.557041763492359,0.528741553152431,0.477786195634144
1.38206325157868,0.559987388244808,0.531530809542359,0.480293906207943
1.38416100567214,0.562936515834032,0.534323315603983,0.482804410622301
1.38626215650401,0.565889151016212,0.537119075652882,0.485317712399474
1.38836670998537,0.568845298555153,0.539918094011529,0.487833815067307
1.39047467203965,0.57180496322188,0.542720375008696,0.490352722158287
1.39258604860043,0.574768149795093,0.545525922980075,0.492874437210451
1.39470084561345,0.577734863060559,0.548334742267512,0.495398963766358
1.39681906903469,0.580705107811852,0.551146837219901,0.497926305374237
1.3989407248317,0.583678888849922,0.553962212192644,0.500456465587273
1.40106581898293,0.586656210983176,0.556780871547789,0.502989447963827
1.4031943574792,0.589637079027331,0.559602819653769,0.505525256066988
1.40532634632086,0.592621497806004,0.562428060886206,0.508063893465744
1.40746179152086,0.595609472150064,0.565256599627031,0.510605363733707
1.40960069910313,0.598601006897875,0.568088440264854,0.513149670449687
1.41174307510272,0.601596106895516,0.570923587195167,0.515696817197886
1.41388892556649,0.604594776996463,0.57376204481998,0.518246807567427
1.41603825655189,0.607597022062019,0.576603817548335,0.520799645153053
1.4181910741287,0.610602846960719,0.579448909795589,0.523355333554155
1.42034738437725,0.613612256569055,0.582297325984268,0.525913876375881
1.42250719339024,0.616625255770864,0.58514907054332,0.528475277228135
1.42467050727077,0.619641849457804,0.58800414790873,0.53103953972646
1.42683733213478,0.622662042528934,0.590862562522938,0.533606667491129
1.42900767410801,0.625685839891389,0.593724318835722,0.536176664148435
1.4311815393298,0.628713246459371,0.596589421302907,0.53874953332889
1.43335893394895,0.631744267155404,0.599457874387941,0.541325278669359
1.43553986412739,0.634778906909251,0.602329682560527,0.543903903811191
1.43772433603836,0.637817170658529,0.605204850297379,0.546485412401233
1.43991235586576,0.640859063348708,0.608083382082267,0.549069808091951
1.44210392980675,0.643904589932697,0.610965282405412,0.55165709454048
1.44429906406863,0.646953755371563,0.613850555764432,0.554247275409987
1.44649776487146,0.650006564633739,0.616739206663364,0.556840354368346
1.44870003844662,0.653063022695659,0.619631239613394,0.559436335089059
1.45090589103739,0.65612313454149,0.622526659132559,0.562035221250875
1.45311532889891,0.659186905163208,0.625425469745815,0.56463701653787
1.45532835829727,0.662254339560721,0.628327675985236,0.567241724639767
1.4575449855119,0.665325442741501,0.631233282389461,0.569849349251058
1.45976521683255,0.668400219721248,0.634142293504588,0.572459894072308
1.46198905856235,0.67147867552304,0.637054713883093,0.575073362808664
1.46421651701472,0.674560815178357,0.639970548085086,0.57768975917152
1.46644759851635,0.677646643726214,0.642889800677223,0.580309086877031
1.46868230940542,0.680736166213541,0.645812476233215,0.582931349646869
1.47092065603144,0.683829387695475,0.648738579334136,0.585556551208537
1.47316264475701,0.686926313234749,0.651668114567676,0.588184695294403
1.4754082819562,0.690026947902237,0.654601086528812,0.590815785642576
1.47765757401516,0.693131296776646,0.657537499819451,0.593449825996467
1.47991052733192,0.696239364944824,0.660477359048754,0.596086820105153
1.48216714831712,0.699351157501473,0.663420668832795,0.59872677172292
1.48442744339266,0.702466679549403,0.666367433794917,0.601369684609814
1.48669141899394,0.705585936199231,0.669317658565258,0.604015562530863
1.48895908156689,0.708708932569955,0.672271347781554,0.606664409257273
1.49123043757132,0.711835673788261,0.67522850608819,0.609316228565037
1.49350549347768,0.714966164989153,0.678189138137078,0.611971024236238
1.49578425576953,0.718100411315628,0.681153248587142,0.614628800058218
1.49806673094332,0.721238417918602,0.684120842104264,0.617289559823536
1.50035292550607,0.724380189957436,0.68709192336198,0.619953307330992
1.50264284597841,0.727525732599376,0.690066497040695,0.622620046384417
1.50493649889362,0.730675051019738,0.693044567827942,0.625289780793072
1.50723389079568,0.733828150402298,0.696026140418912,0.627962514372445
1.50953502824266,0.736985035938659,0.699011219515574,0.630638250942898
1.51183991780463,0.740145712828704,0.701999809827278,0.633316994330565
1.51414856606326,0.743310186280723,0.704991916070917,0.635998748367563
1.51646097961383,0.746478461510852,0.707987542970216,0.638683516891013
1.5187771650631,0.749650543743773,0.710986695256582,0.641371303744172
1.52109712903183,0.752826438212026,0.71398937766824,0.644062112775235
1.52342087815106,0.756006150157001,0.716995594951497,0.646755947839098
1.52574841906697,0.759189684827609,0.720005351859052,0.64945281279501
1.52807975843637,0.762377047481618,0.723018653151661,0.652152711508852
1.53041490292955,0.76556824338491,0.726035503597197,0.654855647851806
1.53275385922943,0.768763277811548,0.729055907970761,0.657561625700589
1.53509663403135,0.771962156044113,0.732079871055054,0.660270648937843
1.53744323404341,0.775164883373499,0.73510739764013,0.662982721451853
1.53979366598706,0.778371465098694,0.738138492523144,0.665697847136206
1.54214793659514,0.781581906527513,0.741173160509228,0.668416029890936
1.54450605261509,0.784796212975696,0.744211406410347,0.671137273620948
1.54686802080554,0.788014389767664,0.747253235046312,0.67386158223749
1.54923384793835,0.791236442236305,0.750298651244414,0.676588959657509
1.55160354079936,0.794462375722566,0.753347659838959,0.679319409803089
1.55397710618601,0.797692195576251,0.756400265672244,0.682052936602745
1.5563545509087,0.80092590715546,0.759456473593893,0.684789543990578
1.55873588179167,0.804163515826681,0.762516288460886,0.687529235906181
1.56112110567136,0.807405026965038,0.76557971513793,0.690272016295239
1.56351022939783,0.810650445954054,0.768646758497108,0.693017889108981
1.56590325983279,0.813899778185978,0.771717423418368,0.69576685830493
1.56830020385316,0.817153029061187,0.774791714788642,0.698518927845553
1.57070106834704,0.820410203989083,0.777869637503058,0.701274101700007
1.57310586021684,0.823671308387218,0.780951196463822,0.704032383842611
1.57551458637738,0.82693634768202,0.784036396581093,0.706793778253958
1.57792725375666,0.830205327308493,0.787125242772617,0.709558288920462
1.58034386929635,0.833478252710053,0.790217739963537,0.712325919834095
1.58276443995089,0.836755129338945,0.793313893086868,0.715096674992986
1.58518897268843,0.840035962655902,0.79641370708309,0.717870558400884
1.58761747448967,0.84332075813054,0.799517186900628,0.720647574067796
1.59004995234953,0.846609521240815,0.80262433749519,0.723427726009104
1.59248641327472,0.849902257473854,0.805735163830767,0.726211018246881
1.59492686428746,0.853198972324954,0.808849670878371,0.728997454808143
1.59737131242182,0.856499671298402,0.81196786361711,0.731787039726404
1.59981976472532,0.859804359907338,0.815089747033949,0.734579777041231
1.60227222825951,0.863113043673448,0.818215326123347,0.737375670797795
1.60472871009922,0.86642572812729,0.821344605887643,0.740174725047365
1.60718921733235,0.869742418808183,0.824477591336963,0.742976943847239
1.60965375706073,0.873063121264268,0.827614287489214,0.745782331260622
1.61212233639949,0.876387841052547,0.830754699370175,0.748590891356805
1.61459496247784,0.879716583738634,0.833898832013177,0.751402628210736
1.61707164243789,0.883049354897275,0.83704669045973,0.75421754590381
1.61955238343595,0.886386160111925,0.840198279758984,0.757035648523155
1.6220371926413,0.889727004974993,0.843353604968082,0.759856940162142
1.62452607723771,0.893071895087689,0.84651267115188,0.76268142491991
1.62701904442205,0.896420836060289,0.849675483383327,0.765509106901935
1.62951610140534,0.899773833511792,0.852842046743034,0.768339990219447
1.63201725541238,0.903130893070228,0.856012366319618,0.77117407898983
1.63452251368056,0.906492020372878,0.859186447210004,0.774011377337086
1.63703188346332,0.909857221065476,0.862364294518375,0.776851889390316
1.63954537202572,0.913226500803198,0.865545913357483,0.779695619285627
1.64206298664852,0.916599865249861,0.868731308847558,0.782542571164495
1.64458473462519,0.91997732007861,0.871920486117198,0.785392749175057
1.64711062326305,0.923358870971679,0.875113450303064,0.788246157471643
1.64964065988447,0.926744523619957,0.878310206549346,0.791102800214102
1.65217485182516,0.930134283723717,0.88151076000862,0.793962681568863
1.65471320643475,0.933528156992338,0.88471511584153,0.796825805708562
1.65725573107692,0.936926149144184,0.887923279216659,0.799692176811878
1.65980243312972,0.940328265906799,0.891135255310693,0.802561799063664
1.66235331998504,0.94373451301695,0.89435104930851,0.805434676655102
1.66490839904906,0.94714489622038,0.897570666402893,0.808310813783363
1.66746767774208,0.950559421272152,0.900794111794899,0.811190214651992
1.67003116349869,0.953978093936455,0.904021390693636,0.814072883470661
1.67259886376764,0.957400919986756,0.907252508316437,0.816958824455365
1.67517078601176,0.960827905205651,0.91048746988871,0.819848041828285
1.67774693770856,0.964259055385017,0.913726280644052,0.82274053981781
1.6803273263493,0.96769437632609,0.91696894582439,0.825636322658818
1.6829119594402,0.971133873839258,0.920215470679684,0.828535394592204
1.68550084450137,0.974577553744199,0.923465860468151,0.831437759865256
1.68809398906773,0.978025421869957,0.926720120456265,0.834343422731526
1.69069140068837,0.981477484054915,0.929978255918783,0.837252387450945
1.69329308692656,0.984933746146785,0.933240272138733,0.840164658289809
1.69589905536111,0.988394214002492,0.936506174407193,0.843080239520373
1.69850931358383,0.991858893488712,0.939775968024023,0.845999135421931
1.70112386920248,0.995327790481058,0.943049658296828,0.84892135027937
1.70374272983878,0.998800910864829,0.946327250541861,0.851846888384357
1.70636590312865,1.00227826053484,0.949608750083824,0.854775754035096
1.70899339672378,1.00575984539497,0.952894162255307,0.857707951535553
1.71162521828946,1.00924567135893,0.956183492397733,0.860643485196709
1.71426137550606,1.01273574434981,0.959476745860747,0.863582359335734
1.71690187606885,1.01623007030019,0.962773928002385,0.866524578276185
1.71954672768789,1.01972865515199,0.966075044188946,0.869470146347896
1.72219593808777,1.02323150485691,0.969380099795377,0.872419067887396
1.72484951500789,1.02673862537613,0.972689100205034,0.875371347237633
1.7275074662027,1.03025002268041,0.976002050809718,0.878326988747971
1.73016979944153,1.03376570274996,0.979318957009567,0.881285996774118
1.73283652250873,1.0372856715747,0.982639824213307,0.884248375678347
1.73550764320322,1.04080993515427,0.985964657838293,0.887214129829602
1.73818316933932,1.04433849949767,0.989293463310112,0.890183263602989
1.74086310874606,1.04787137062384,0.992626246063166,0.893155781380451
1.74354746926743,1.05140855456134,0.99596301154038,0.896131687550445
1.74623625876318,1.05495005734816,0.999303765192909,0.899110986507535
1.74892948510744,1.0584958850323,1.00264851248087,0.902093682653313
1.75162715618979,1.06204604367136,1.0059972588728,0.905079780395732
1.75432927991464,1.0656005393328,1.00935000984602,0.908069284149506
1.7570358642019,1.06915937809368,1.01270677088627,0.911062198335705
1.75974691698734,1.07272256604076,1.01606754748781,0.914058527381787
1.76246244622066,1.07629010927096,1.01943234515403,0.917058275722451
1.76518245986797,1.07986201389058,1.02280116939648,0.920061447798364
1.76790696590984,1.08343828601615,1.02617402573582,0.923068048057364
1.77063597234311,1.08701893177374,1.02955091970108,0.926078080953449
1.77336948717909,1.09060395729956,1.03293185683034,0.929091550947744
1.77610751844547,1.09419336873936,1.03631684266997,0.932108462507457
1.77885007418444,1.09778717224914,1.03970588277555,0.935128820107054
1.78159716245436,1.10138537399468,1.04309898271118,0.938152628227355
1.78434879132884,1.10498798015162,1.04649614804975,0.94117989135589
1.78710496889725,1.10859499690563,1.04989738437295,0.944210613986911
1.78986570326378,1.11220643045257,1.05330269727156,0.947244800621743
1.79263100254971,1.1158222869978,1.0567120923446,0.95028245576766
1.79540087489029,1.11944257275721,1.06012557520056,0.953323583939534
1.79817532843822,1.12306729395632,1.06354315145628,0.956368189658231
1.80095437136013,1.12669645683098,1.06696482673788,0.959416277452028
1.8037380118392,1.13033006762708,1.07039060668027,0.962467851855764
1.80652625807479,1.13396813260044,1.07382049692709,0.965522917410853
1.80931911828165,1.1376106580171,1.07725450313107,0.968581478665694
1.81211660069064,1.14125765015308,1.08069263095369,0.971643540175297
1.81491871354776,1.14490911529483,1.08413488606575,0.974709106501954
1.81772546511592,1.14856505973867,1.08758127414664,0.977778182214267
1.8205368636734,1.15222548979132,1.09103180088501,0.980850771888035
1.82335291751414,1.1558904117696,1.09448647197844,0.983926880105892
1.82617363494929,1.15955983200041,1.09794529313332,0.987006511456931
1.82899902430453,1.16323375682127,1.10140827006554,0.990089670537851
1.8318290939229,1.16691219257947,1.10487540849952,0.993176361951486
1.83466385216278,1.17059514563294,1.10834671416911,0.996266590308084
1.8375033073989,1.17428262234983,1.1118221928172,0.999360360224714
1.84034746802234,1.17797462910844,1.11530185019559,1.00245767632517
1.84319634244025,1.18167117229756,1.1187856920654,1.00555854324037
1.84604993907616,1.18537225831625,1.12227372419676,1.0086629656081
1.84890826636954,1.18907789357408,1.12576595236915,1.01177094807328
1.85177133277648,1.1927880844908,1.12926238237096,1.01488249528759
1.8546391467691,1.19650283749677,1.13276302000002,1.01799761190992
1.85751171683698,1.20022215903248,1.13626787106296,1.02111630260566
1.86038905148405,1.20394605554941,1.13977694137636,1.0242385720482
1.86327115923285,1.20767453350883,1.14329023676518,1.0273644249168
1.86615804862156,1.21140759938287,1.14680776306407,1.03049386589833
1.86904972820414,1.21514525965432,1.15032952611718,1.03362689968704
1.87194620655227,1.21888752081608,1.15385553177742,1.03676353098352
1.8748474922533,1.22263438937195,1.15738578590745,1.03990376449606
1.87775359391223,1.22638587183604,1.16092029437893,1.04304760493953
1.88066452014979,1.23014197473314,1.164459063073,1.04619505703618
1.88358027960353,1.23390270459876,1.16800209788028,1.0493461255155
1.88650088092826,1.23766806797887,1.17154940470056,1.05250081511379
1.88942633279535,1.24143807143001,1.17510098944296,1.05565913057449
1.89235664389242,1.24521272151966,1.17865685802633,1.05882107664857
1.89529182292491,1.24899202482566,1.18221701637856,1.06198665809363
1.89823187861411,1.25277598793689,1.18578147043737,1.06515587967501
1.9011768196991,1.25656461745259,1.18935022614953,1.06832874616465
1.90412665493489,1.26035791998305,1.19292328947167,1.07150526234228
1.90708139309462,1.26415590214911,1.19650066636961,1.07468543299432
1.91004104296775,1.26795857058251,1.20008236281886,1.07786926291472
1.91300561336102,1.27176593192563,1.20366838480428,1.08105675690443
1.915975113098,1.27557799283188,1.20725873832049,1.08424791977193
1.91894955101971,1.2793947599654,1.21085342937154,1.08744275633278
1.9219289359838,1.28321624000119,1.21445246397112,1.09064127140992
1.92491327686613,1.28704243962502,1.21805584814231,1.09384346983324
1.92790258255851,1.29087336553387,1.22166358791821,1.09704935644052
1.93089686197098,1.29470902443528,1.22527568934112,1.10025893607629
1.93389612403074,1.29854942304786,1.22889215846314,1.10347221359254
1.93690037768157,1.30239456810138,1.23251300134628,1.10668919384898
1.93990963188551,1.30624446633636,1.23613822406194,1.10990988171225
1.94292389562168,1.31009912450429,1.23976783269122,1.11313428205637
1.94594317788682,1.31395854936776,1.24340183332499,1.11636239976278
1.94896748769453,1.31782274770061,1.24704023206412,1.11959423972065
1.95199683407684,1.32169172628729,1.25068303501872,1.12282980682591
1.95503122608266,1.32556549192369,1.25433024830908,1.12606910598241
1.95807067277896,1.32944405141665,1.25798187806508,1.12931214210114
1.96111518324979,1.33332741158428,1.26163793042661,1.13255892010083
1.96416476659722,1.33721557925563,1.26529841154314,1.13580944490735
1.96721943194058,1.34110856127118,1.26896332757427,1.1390637214544
1.97027918841852,1.34500636448216,1.27263268468894,1.14232175468239
1.97334404518498,1.34890899575151,1.27630648906665,1.14558354954027
1.97641401141396,1.35281646195297,1.27998474689619,1.14884911098355
1.97948909629621,1.35672876997183,1.28366746437665,1.15211844397581
1.98256930904035,1.36064592670446,1.28735464771687,1.15539155348798
1.98565465887289,1.36456793905872,1.29104630313584,1.15866844449873
1.98874515503886,1.36849481395363,1.29474243686234,1.16194912199402
1.99184080680119,1.37242655831939,1.298443055135,1.16523359096726
1.99494162344012,1.37636317909793,1.30214816420284,1.16852185641993
1.99804761425471,1.38030468324229,1.30585777032464,1.17181392336074
2.00115878856189,1.38425107771702,1.30957187976933,1.17510979680613
2.00427515569727,1.3882023694978,1.31329049881558,1.17840948177978
2.00739672501354,1.39215856557221,1.31701363375267,1.18171298331371
2.01052350588222,1.39611967293903,1.32074129087971,1.18502030644719
2.01365550769379,1.40008569860845,1.32447347650578,1.18833145622694
2.01679273985567,1.40405664960233,1.32821019695035,1.19164643770779
2.01993521179446,1.40803253295402,1.33195145854297,1.19496525595207
2.02308293295548,1.41201335570827,1.3356972676232,1.19828791602961
2.02623591280172,1.4159991249215,1.33944763054093,1.20161442301818
2.02939416081482,1.41998984766178,1.34320255365632,1.20494478200332
2.03255768649496,1.42398553100881,1.34696204333977,1.20827899807832
2.03572649936176,1.42798618205352,1.35072610597147,1.21161707634363
2.03890060895171,1.43199180789908,1.35449474794256,1.21495902190843
2.04208002482092,1.43600241566005,1.35826797565414,1.21830483988916
2.04526475654442,1.44001801246263,1.36204579551752,1.22165453540998
2.04845481371578,1.44403860544467,1.3658282139543,1.22500811360279
2.05165020594669,1.44806420175604,1.36961523739669,1.22836557960774
2.05485094286797,1.45209480855825,1.37340687228716,1.2317269385726
2.05805703412952,1.45613043302455,1.3772031250785,1.23509219565292
2.06126848939994,1.4601710823399,1.38100400223379,1.23846135601204
2.06448531836649,1.46421676370133,1.38480951022679,1.24183442482144
2.06770753073614,1.46826748431745,1.38861965554137,1.24521140726011
2.07093513623347,1.47232325140901,1.39243444467224,1.24859230851546
2.07416814460378,1.47638407220833,1.39625388412411,1.25197713378214
2.07740656561011,1.48044995396001,1.40007798041266,1.25536588826338
2.08065040903461,1.48452090392039,1.40390674006388,1.25875857717017
2.08389968467991,1.48859692935764,1.40774016961405,1.262155205721
2.08715440236593,1.49267803755234,1.41157827561061,1.26555577914321
2.09041457193355,1.4967642357965,1.41542106461081,1.26896030267115
2.09368020324163,1.50085553139467,1.41926854318311,1.27236878154797
2.09695130616951,1.50495193166303,1.42312071790612,1.27578122102416
2.10022789061437,1.50905344393032,1.42697759536962,1.27919762635904
2.103509966494,1.5131600755369,1.43083918217349,1.28261800281924
2.10679754374545,1.51727183383542,1.43470548492847,1.28604235567966
2.11009063232477,1.52138872619083,1.43857651025617,1.28947069022351
2.11338924220785,1.52551075997996,1.44245226478862,1.29290301174175
2.11669338338987,1.52963794259208,1.44633275516882,1.29633932553375
2.12000306588621,1.53377028142844,1.45021798805027,1.29977963690661
2.12331829973105,1.5379077839028,1.45410797009754,1.30322395117602
2.12663909497895,1.54205045744084,1.45800270798565,1.30667227366536
2.12996546170359,1.54619830948082,1.46190220840072,1.31012460970655
2.13329740999846,1.55035134747327,1.46580647803969,1.31358096463965
2.13663494997782,1.55450957888066,1.4697155236099,1.31704134381234
2.13997809177454,1.55867301117829,1.47362935183009,1.32050575258119
2.14332684554179,1.56284165185364,1.47754796942971,1.32397419631076
2.14668122145338,1.56701550840649,1.48147138314893,1.32744668037356
2.15004122970156,1.57119458834923,1.48539959973918,1.33092321015087
2.15340688050031,1.57537889920641,1.48933262596243,1.33440379103158
2.15677818408204,1.57956844851551,1.49327046859218,1.33788842841365
2.1601551507008,1.5837632438259,1.4972131344122,1.34137712770241
2.16353779062974,1.58796329269988,1.50116063021781,1.34486989431214
2.16692611416228,1.59216860271222,1.50511296281525,1.34836673366533
2.17032013161253,1.59637918145017,1.5090701390217,1.35186765119265
2.17371985331428,1.6005950365136,1.51303216566548,1.35537265233324
2.17712528962254,1.60481617551485,1.51699904958583,1.3588817425343
2.18053645091145,1.60904260607921,1.52097079763349,1.36239492725198
2.18395334757659,1.61327433584424,1.52494741666985,1.3659122119502
2.18737599003326,1.61751137246047,1.52892891356784,1.36943360210174
2.19080438871805,1.62175372359094,1.53291529521127,1.37295910318743
2.19423855408695,1.62600139691157,1.53690656849541,1.37648872069693
2.19767849661745,1.63025440011089,1.54090274032652,1.38002246012802
2.20112422680742,1.63451274089033,1.54490381762226,1.38356032698711
2.20457575517511,1.63877642696398,1.54890980731138,1.38710232678899
2.20803309225974,1.64304546605883,1.55292071633403,1.39064846505702
2.21149624862156,1.64731986591464,1.5569365516415,1.39419874732287
2.21496523484088,1.65159963428425,1.56095732019669,1.39775317912713
2.21844006151938,1.65588477893308,1.56498302897351,1.40131176601851
2.22192073927914,1.66017530763978,1.56901368495751,1.40487451355466
2.22540727876388,1.66447122819567,1.57304929514536,1.40844142730138
2.22889969063827,1.66877254840513,1.57708986654517,1.41201251283315
2.23239798558655,1.67307927608572,1.58113540617684,1.41558777573357
2.23590217431602,1.67739141906766,1.58518592107115,1.41916722159403
2.23941226755361,1.68170898519458,1.58924141827083,1.42275085601525
2.24292827604843,1.68603198232277,1.59330190482963,1.42633868460597
2.24645021056953,1.69036041832207,1.59736738781336,1.42993071298432
2.24997808190877,1.69469430107505,1.60143787429885,1.43352694677636
2.25351190087779,1.69903363847763,1.60551337137481,1.4371273916174
2.25705167831065,1.70337843843876,1.6095938861413,1.44073205315108
2.26059742506249,1.70772870888063,1.61367942571005,1.44434093702985
2.26414915200933,1.71208445773881,1.61776999720461,1.44795404891521
2.26770687004961,1.71644569296171,1.62186560775969,1.4515713944768
2.27127059010207,1.72081242251148,1.62596626452224,1.45519297939374
2.27484032310808,1.7251846543632,1.63007197465044,1.45881880935336
2.2784160800305,1.72956239650542,1.63418274531432,1.46244889005196
2.28199787185298,1.73394565693997,1.63829858369567,1.46608322719479
2.28558570958162,1.73833444368213,1.64241949698804,1.46972182649584
2.28917960424423,1.7427287647605,1.64654549239666,1.47336469367789
2.29277956689023,1.747128628217,1.6506765771385,1.47701183447252
2.29638560859098,1.75153404210713,1.65481275844245,1.48066325462029
2.29999774043952,1.7559450144999,1.65895404354929,1.48431895987074
2.30361597355067,1.7603615534777,1.66310043971157,1.48797895598226
2.30724031906199,1.76478366713638,1.66725195419359,1.49164324872192
2.31087078813226,1.76921136358556,1.67140859427183,1.49531184386613
2.31450739194245,1.7736446509482,1.67557036723447,1.49898474719999
2.31815014169622,1.7780835373609,1.67973728038164,1.50266196451753
2.32179904861892,1.78252803097394,1.6839093410255,1.50634350162189
2.32545412395814,1.78697813995129,1.68808655649025,1.51002936432525
2.32911537898379,1.79143387247041,1.69226893411195,1.51371955844864
2.33278282498763,1.79589523672272,1.69645648123893,1.51741408982246
2.33645647328493,1.8003622409131,1.70064920523127,1.52111296428565
2.34013633521216,1.8048348932603,1.70484711346133,1.52481618768662
2.34382242212916,1.80931320199678,1.70905021331341,1.52852376588256
2.34751474541728,1.81379717536901,1.71325851218424,1.5322357047402
2.35121331648142,1.81828682163704,1.71747201748236,1.53595201013492
2.35491814674842,1.82278214907484,1.7216907366286,1.53967268795144
2.35862924766788,1.82728316597034,1.72591467705603,1.54339774408365
2.36234663071207,1.83178988062543,1.73014384621002,1.5471271844347
2.3660703073767,1.83630230135554,1.73437825154771,1.55086101491636
2.36980028917869,1.84082043649068,1.73861790053923,1.55459924145054
2.3735365876599,1.84534429437425,1.74286280066626,1.55834186996734
2.37727921438277,1.84987388336413,1.7471129594234,1.56208890640702
2.38102818093485,1.85440921183184,1.75136838431702,1.56584035671824
2.384783498925,1.85895028816334,1.75562908286636,1.56959622685965
2.38854517998645,1.86349712075837,1.7598950626026,1.57335652279857
2.39231323577406,1.86804971803103,1.76416633106968,1.57712125051218
2.39608767796681,1.87260808840946,1.76844289582374,1.5808904159866
2.39986851826708,1.87717224033588,1.77272476443332,1.58466402521723
2.40365576840008,1.88174218226685,1.77701194447952,1.58844208420894
2.40744944011394,1.88631792267308,1.78130444355595,1.59222459897605
2.41124954518007,1.89089947003974,1.78560226926889,1.59601157554238
2.4150560953946,1.89548683286593,1.78990542923673,1.59980301994057
2.41886910257531,1.90008001966532,1.7942139310908,1.6035989382133
2.42268857856494,1.90467903896575,1.79852778247475,1.60739933641218
2.42651453522856,1.90928389930971,1.8028469910452,1.61120422059881
2.43034698445586,1.91389460925364,1.80717156447089,1.61501359684361
2.43418593815924,1.91851117736882,1.8115015104337,1.61882747122705
2.4380314082756,1.92313361224075,1.81583683662791,1.62264584983874
2.44188340676509,1.92776192246938,1.82017755076049,1.62646873877785
2.44574194561161,1.93239611666932,1.82452366055134,1.63029614415327
2.44960703682322,1.9370362034696,1.82887517373292,1.63412807208322
2.45347869243149,1.94168219151391,1.83323209805066,1.63796452869571
2.45735692449244,1.94633408946029,1.83759444126244,1.64180552012795
2.46124174508555,1.95099190598164,1.84196221113932,1.64565105252713
2.46513316631433,1.95565564976549,1.84633541546515,1.64950113205003
2.46903120030749,1.96032532951378,1.85071406203631,1.65335576486258
2.47293585921615,1.96500095394345,1.85509815866254,1.65721495714102
2.47684715521655,1.96968253178608,1.85948771316632,1.66107871507096
2.48076510050946,1.97437007178796,1.86388273338299,1.66494704484763
2.48468970731948,1.97906358271004,1.86828322716082,1.66881995267592
2.48862098789587,1.98376307332828,1.87268920236121,1.67269744477056
2.49255895451208,1.98846855243346,1.87710066685858,1.67657952735605
2.4965036194659,1.99318002883109,1.88151762854028,1.68046620666654
2.50045499507969,1.99789751134177,1.88594009530689,1.68435748894611
2.50441309370083,2.0026210088008,1.89036807507184,1.68825338044835
2.50837792770059,2.00735053005874,1.89480157576205,1.69215388743707
2.51234950947612,2.01208608398059,1.8992406053169,1.69605901618512
2.51632785144753,2.016827679447,1.90368517168977,1.69996877297624
2.52031296606089,2.02157532535334,1.90813528284675,1.70388316410339
2.5243048657873,2.02632903061,1.91259094676714,1.70780219586939
2.52830356312154,2.03108880414261,1.9170521714437,1.7117258745873
2.53230907058496,2.03585465489174,1.92151896488211,1.71565420657956
2.53632140072286,2.04062659181329,1.92599133510164,1.71958719817898
2.54034056610521,2.04540462387835,1.93046929013487,1.72352485572835
2.54436657932801,2.0501887600731,1.93495283802757,1.72746718558015
2.54839945301191,2.05497900939913,1.93944198683902,1.73141419409707
2.55243919980334,2.05977538087295,1.94393674464156,1.73536588765138
2.55648583237302,2.06457788352682,1.94843711952141,1.73932227262598
2.56053936341752,2.0693865264082,1.95294311957809,1.74328335541359
2.56459980565937,2.07420131857953,1.95745475292417,1.74724914241647
2.56866717184554,2.07902226911915,1.96197202768626,1.75121964004767
2.57274147474865,2.08384938712064,1.96649495200434,1.75519485473013
2.57682272716758,2.08868268169297,1.97102353403178,1.75917479289667
2.58091094192633,2.09352216196047,1.97555778193546,1.76315946099023
2.58500613187405,2.09836783706333,1.98009770389622,1.76714886546435
2.58910830988627,2.10321971615708,1.98464330810829,1.77114301278239
2.59321748886426,2.10807780841267,1.9891946027794,1.77514190941775
2.59733368173508,2.1129421230168,1.99375159613109,1.77914556185419
2.60145690145116,2.1178126691719,1.99831429639873,1.78315397658588
2.6055871609913,2.12268945609595,2.00288271183131,1.78716716011707
2.60972447336024,2.12757249302254,2.00745685069143,1.79118511896213
2.61386885158842,2.13246178920115,2.01203672125573,1.79520785964601
2.61802030873339,2.13735735389681,2.01662233181433,1.7992353887035
2.62217885787782,2.1422591963904,2.02121369067134,1.80326771267999
2.62634451213053,2.14716732597882,2.02581080614492,1.80730483813145
2.63051728462754,2.1520817519745,2.03041368656678,1.81134677162368
2.63469718853005,2.15700248370596,2.03502234028277,1.81539351973329
2.63888423702652,2.1619295305175,2.03963677565253,1.81944508904698
2.6430784433317,2.16686290176934,2.04425700104965,1.82350148616188
2.6472798206866,2.17180260683781,2.04888302486187,1.82756271768574
2.65148838235857,2.17674865511509,2.05351485549081,1.83162879023663
2.65570414164223,2.18170105600942,2.05815250135209,1.83569971044299
2.65992711185843,2.18665981894509,2.06279597087548,1.83977548494385
2.66415730635491,2.19162495336255,2.06744527250484,1.84385612038875
2.6683947385055,2.19659646871836,2.07210041469823,1.84794162343789
2.67263942171225,2.20157437448502,2.07676140592753,1.85203200076151
2.67689136940307,2.20655868015151,2.08142825467918,1.85612725904093
2.68115059503289,2.21154939522282,2.08610096945359,1.86022740496781
2.68541711208372,2.21654652922034,2.09077955876558,1.86433244524458
2.68969093406539,2.22155009168153,2.09546403114394,1.8684423865839
2.69397207451364,2.22656009216033,2.10015439513199,1.87255723570949
2.69826054699249,2.23157654022689,2.1048506592872,1.87667699935538
2.70255636509229,2.23659944546796,2.10955283218162,1.88080168426669
2.70685954243139,2.24162881748634,2.1142609224013,1.88493129719873
2.71117009265538,2.24666466590148,2.11897493854688,1.88906584491777
2.71548802943674,2.25170700034939,2.12369488923357,1.89320533420103
2.71981336647653,2.25675583048234,2.12842078309068,1.89734977183599
2.72414611750198,2.26181116596928,2.13315262876229,1.90149916462134
2.72848629626896,2.26687301649568,2.13789043490682,1.90565351936633
2.73283391656098,2.27194139176351,2.14263421019714,1.9098128428909
2.7371889921883,2.27701630149173,2.14738396332111,1.91397714202638
2.7415515369904,2.28209775541532,2.15213970298046,1.91814642361407
2.7459215648331,2.28718576328661,2.15690143789225,1.92232069450704
2.75029908961178,2.29228033487419,2.16166917678763,1.92649996156848
2.7546841252483,2.2973814799636,2.16644292841271,1.93068423167297
2.75907668569325,2.30248920835716,2.17122270152824,1.93487351170589
2.76347678492509,2.30760352987412,2.17600850490981,1.9390678085637
2.76788443695099,2.31272445435018,2.18080034734734,1.94326712915334
2.77229965580561,2.31785199163835,2.18559823764598,1.94747148039326
2.77672245555226,2.32298615160841,2.19040218462551,1.95168086921272
2.78115285028238,2.32812694414715,2.19521219712065,1.95589530255212
2.78559085411607,2.33327437915814,2.20002828398074,1.96011478736262
2.79003648120177,2.33842846656215,2.20485045407019,1.96433933060667
2.79448974571671,2.34358921629691,2.20967871626825,1.96856893925767
2.79895066186559,2.34875663831754,2.21451307946949,1.97280362030063
2.80341924388391,2.35393074259556,2.21935355258259,1.97704338073055
2.80789550603333,2.35911153912049,2.22420014453228,1.98128822755498
2.81237946260629,2.36429903789848,2.2290528642576,1.98553816779161
2.81687112792294,2.36949324895305,2.23391172071291,1.98979320846975
2.82137051633282,2.374694182325,2.23877672286765,1.9940533566298
2.82587764221429,2.37990184807245,2.24364787970644,1.99831861932353
2.8303925199749,2.38511625627062,2.24852520022879,2.00258900361362
2.83491516405091,2.39033741701235,2.25340869344973,2.00686451657442
2.83944558890815,2.39556534040777,2.25829836839934,2.01114516529138
2.84398380904148,2.4008000365843,2.26319423412282,2.01543095686115
2.84852983897521,2.40604151568693,2.26809629968077,2.01972189839182
2.85308369326199,2.41128978787836,2.27300457414935,2.02401799700324
2.85764538648589,2.41654486333833,2.27791906661946,2.02831925982575
2.86221493325867,2.42180675226441,2.2828397861977,2.03262569400171
2.86679234822199,2.42707546487189,2.2877667420062,2.03693730668496
2.87137764604793,2.43235101139342,2.29269994318219,2.04125410504035
2.87597084143716,2.43763340207946,2.29763939887853,2.04557609624454
2.88057194912089,2.44292264719806,2.30258511826343,2.0499032874854
2.88518098385959,2.44821875703513,2.30753711052077,2.05423568596257
2.8897979604441,2.45352174189429,2.31249538484983,2.058573298887
2.89442289369477,2.45883161209682,2.31745995046542,2.06291613348117
2.89905579846199,2.46414837798204,2.32243081659808,2.06726419697931
2.9036966896265,2.46947204990707,2.32740799249391,2.07161749662709
2.90834558209869,2.47480263824684,2.33239148741462,2.07597603968179
2.91300249081972,2.48014015339428,2.33738131063761,2.08033983341229
2.91766743076011,2.48548460576049,2.34237747145626,2.08470888509946
2.92234041692217,2.49083600577403,2.34737997917903,2.08908320203501
2.9270214643368,2.49619436388217,2.35238884313095,2.09346279152337
2.93171058806698,2.50155969054975,2.35740407265224,2.09784766087981
2.93640780320497,2.50693199626012,2.36242567709945,2.10223781743205
2.94111312487463,2.51231129151429,2.36745366584442,2.10663326851882
2.94582656822972,2.51769758683191,2.37248804827538,2.11103402149122
2.95054814845496,2.52309089275066,2.37752883379631,2.11544008371194
2.95527788076559,2.52849121982665,2.38257603182732,2.1198514625557
2.96001578040867,2.53389857863382,2.38762965180398,2.12426816540843
2.96476186266124,2.53931297976487,2.3926897031784,2.12869019966851
2.96951614283167,2.54473443383079,2.39775619541859,2.13311757274607
2.97427863625895,2.55016295146087,2.40282913800863,2.13755029206315
2.9790493583139,2.55559854330287,2.40790854044869,2.1419883650536
2.98382832439841,2.56104122002305,2.41299441225506,2.14643179916326
2.98861554994492,2.56649099230615,2.41808676296029,2.15088060185008
2.99341105041839,2.57194787085534,2.42318560211293,2.15533478058365
2.99821484131395,2.57741186639273,2.42829093927816,2.15979434284615
3.00302693815891,2.58288298965862,2.43340278403703,2.16425929613126
3.00784735651208,2.58836125141219,2.43852114598704,2.16872964794493
3.01267611196379,2.59384666243127,2.44364603474205,2.1732054058052
3.01751322013589,2.59933923351253,2.44877745993235,2.17768657724231
3.02235869668264,2.60483897547101,2.45391543120424,2.18217316979815
3.02721255728896,2.61034589914107,2.459059958221,2.18666519102748
3.03207481767261,2.61586001537559,2.464211050662,2.19116264849673
3.03694549358301,2.62138133504648,2.46936871822329,2.19566554978473
3.04182460080135,2.62690986904439,2.47453297061724,2.20017390248241
3.04671215514142,2.63244562827902,2.4797038175729,2.20468771419294
3.05160817244921,2.63798862367906,2.48488126883587,2.20920699253175
3.05651266860204,2.64353886619223,2.49006533416842,2.21373174512673
3.06142565951055,2.64909636678526,2.4952560233494,2.21826197961785
3.06634716111766,2.65466113644402,2.50045334617433,2.22279770365741
3.07127718939799,2.66023318617347,2.5056573124555,2.22733892491023
3.0762157603591,2.66581252699791,2.51086793202204,2.23188565105356
3.08116289004152,2.6713991699606,2.51608521471963,2.23643788977672
3.08611859451845,2.67699312612419,2.52130917041084,2.24099564878157
3.0910828898951,2.68259440657055,2.52653980897512,2.24555893578252
3.09605579230974,2.68820302240107,2.53177714030894,2.25012775850658
3.10103731793412,2.69381898473627,2.53702117432542,2.25470212469291
3.10602748297218,2.69944230471616,2.54227192095476,2.25928204209338
3.11102630366153,2.70507299350017,2.54752939014406,2.26386751847228
3.11603379627233,2.71071106226729,2.55279359185756,2.26845856160664
3.12104997710868,2.71635652221591,2.55806453607636,2.27305517928581
3.12607486250699,2.72200938456401,2.56334223279873,2.27765737931194
3.1311084688374,2.72766966054924,2.56862669204011,2.28226516949984
3.13615081250391,2.73333736142882,2.57391792383298,2.28687855767677
3.14120190994282,2.73901249847969,2.57921593822709,2.29149755168297
3.14626177762533,2.74469508299835,2.58452074528921,2.29612215937097
3.15133043205553,2.75038512630128,2.58983235510358,2.30075238860637
3.15640788977146,2.75608263972445,2.59515077777142,2.30538824726716
3.16149416734441,2.76178763462397,2.6004760234116,2.31002974324455
3.16658928137989,2.76750012237579,2.60580810216028,2.3146768844424
3.17169324851771,2.77322011437539,2.61114702417058,2.31932967877694
3.17680608543094,2.77894762203863,2.61649279961353,2.32398813417784
3.18192780882704,2.78468265680118,2.62184543867739,2.32865225858735
3.18705843544762,2.79042523011882,2.627204951568,2.33332205996076
3.19219798206861,2.79617535346716,2.63257134850844,2.33799754626594
3.19734646550011,2.80193303834213,2.63794463973957,2.34267872548397
3.20250390258685,2.8076982962597,2.64332483551971,2.34736560560873
3.20767031020732,2.81347113875624,2.64871194612506,2.35205819464743
3.21284570527533,2.81925157738793,2.65410598184899,2.35675650061973
3.21803010473863,2.82503962373162,2.65950695300301,2.36146053155882
3.22322352557981,2.8308352893844,2.66491486991624,2.36617029551088
3.2284259848166,2.83663858596338,2.67032974293525,2.37088580053476
3.23363749950118,2.84244952510641,2.67575158242472,2.37560705470282
3.23885808672122,2.84826811847155,2.68118039876693,2.38033406610024
3.24408776359806,2.8540943777375,2.6866162023623,2.3850668428258
3.24932654728954,2.85992831460328,2.69205900362878,2.38980539299093
3.25457445498759,2.86576994078869,2.69750881300262,2.39454972472076
3.25983150392039,2.87161926803387,2.70296564093766,2.39929984615315
3.26509771135016,2.87747630809973,2.708429497906,2.40405576543963
3.27037309457545,2.88334107276782,2.71390039439765,2.40881749074475
3.27565767092973,2.88921357384046,2.71937834092078,2.41358503024655
3.28095145778267,2.89509382314061,2.72486334800151,2.41835839213614
3.28625447253842,2.90098183251208,2.73035542618423,2.42313758461826
3.29156673263782,2.90687761381953,2.73585458603144,2.42792261591083
3.29688825555743,2.91278117894844,2.74136083812379,2.43271349424513
3.30221905880867,2.91869253980529,2.74687419306034,2.43751022786615
3.30755915994006,2.92461170831743,2.75239466145823,2.44231282503198
3.31290857653564,2.9305386964333,2.75792225395305,2.44712129401439
3.31826732621513,2.93647351612229,2.76345698119868,2.45193564309862
3.32363542663497,2.94241617937497,2.76899885386743,2.45675588058344
3.32901289548784,2.94836669820299,2.77454788264998,2.46158201478107
3.33439975050242,2.95432508463906,2.78010407825541,2.46641405401735
3.3397960094438,2.96029135073733,2.78566745141148,2.47125200663185
3.34520169011391,2.96626550857301,2.79123801286429,2.47609588097756
3.35061681035094,2.97224757024276,2.79681577337868,2.48094568542134
3.35604138802946,2.97823754786446,2.80240074373798,2.48580142834361
3.36147544106176,2.98423545357729,2.807992934744,2.49066311813826
3.36691898739561,2.99024129954215,2.81359235721765,2.49553076321344
3.37237204501698,2.99625509794113,2.81919902199815,2.50040437199055
3.37783463194769,3.0022768609779,2.82481293994364,2.50528395290502
3.38330676624736,3.00830660087771,2.83043412193101,2.51016951440599
3.38878846601221,3.01434432988753,2.83606257885613,2.51506106495665
3.39427974937664,3.02039006027553,2.84169832163324,2.51995861303344
3.39978063451054,3.02644380433221,2.84734136119624,2.52486216712765
3.40529113962364,3.03250557436921,2.85299170849721,2.52977173574345
3.41081128296061,3.03857538272029,2.85864937450772,2.53468732739976
3.41634108280526,3.04465324174091,2.86431437021816,2.53960895062907
3.42188055747884,3.05073916380834,2.86998670663788,2.54453661397781
3.42742972534034,3.05683316132179,2.87566639479539,2.54947032600648
3.43298860478574,3.06293524670241,2.88135344573839,2.55441009528978
3.43855721424985,3.06904543239333,2.8870478705336,2.55935593041628
3.44413557220488,3.07516373085988,2.8927496802672,2.56430783998891
3.44972369716136,3.08129015458907,2.89845888604419,2.5692658326243
3.455321607668,3.08742471609037,2.90417549898915,2.57422991695351
3.46092932231193,3.0935674278952,2.90989953024576,2.57920010162156
3.46654685971785,3.09971830255749,2.91563099097741,2.58417639528811
3.47217423854928,3.10587735265308,2.92136989236648,2.5891588066266
3.47781147750879,3.11204459078018,2.92711624561482,2.5941473443247
3.48345859533611,3.1182200295597,2.93287006194422,2.59914201708499
3.48911561081118,3.1244036816343,2.93863135259519,2.6041428336234
3.49478254275193,3.13059555966951,2.94440012882827,2.60914980267077
3.50045941001512,3.13679567635336,2.95017640192362,2.61416293297235
3.506146231496,3.14300404439616,2.95596018318083,2.61918223328762
3.51184302612961,3.14922067653098,2.96175148391922,2.62420771239047
3.51754981289015,3.15544558551335,2.96755031547769,2.62923937906908
3.52326661078999,3.16167878412156,2.97335668921503,2.63427724212641
3.52899343888177,3.16792028515651,2.97917061650965,2.63932131037963
3.53473031625675,3.17417010144199,2.98499210875996,2.64437159266068
3.54047726204637,3.18042824582449,2.99082117738405,2.64942809781583
3.54623429542076,3.18669473117326,2.99665783381992,2.65449083470602
3.55200143559011,3.19296957038062,3.00250208952561,2.65955981220687
3.55777870180446,3.19925277636165,3.00835395597897,2.66463503920844
3.56356611335353,3.20554436205456,3.01421344467801,2.6697165246156
3.56936368956655,3.21184434042038,3.02008056714061,2.67480427734782
3.57517144981307,3.2181527244434,3.0259553349049,2.67989830633936
3.5809894135027,3.22446952713102,3.03183775952913,2.68499862053924
3.58681760008479,3.23079476151363,3.03772785259157,2.69010522891114
3.59265602905004,3.23712844064484,3.04362562569063,2.69521814043335
3.59850471992802,3.24347057760186,3.04953109044539,2.70033736409956
3.60436369228975,3.24982118548467,3.05544425849466,2.70546290891765
3.61023296574565,3.25618027741715,3.06136514149816,2.71059478391112
3.61611255994864,3.26254786654599,3.06729375113527,2.71573299811738
3.62200249459055,3.26892396604189,3.07323009910646,2.72087756058974
3.62790278940434,3.27530858909869,3.07917419713227,2.72602848039603
3.63381346416459,3.2817017489338,3.08512605695372,2.73118576661895
3.63973453868605,3.28810345878835,3.09108569033255,2.73634942835656
3.6456660328247,3.29451373192714,3.09705310905106,2.74151947472191
3.65160796647847,3.3009325816382,3.10302832491168,2.74669591484255
3.65756035958492,3.30736002123392,3.10901134973824,2.75187875786208
3.66352323212485,3.31379606405002,3.11500219537465,2.7570680129384
3.66949660411868,3.3202407234462,3.12100087368587,2.76226368924511
3.67548049562924,3.32669401280611,3.12700739655761,2.76746579597089
3.68147492676139,3.33315594553716,3.13302177589623,2.77267434231938
3.68747991766087,3.33962653507071,3.13904402362899,2.77788933750964
3.69349548851528,3.3461057948624,3.14507415170427,2.78311079077623
3.69952165955501,3.35259373839162,3.15111217209104,2.78833871136855
3.70555845105116,3.35909037916204,3.15715809677949,2.79357310855174
3.71160588331787,3.36559573070142,3.16321193778072,2.79881399160605
3.71766397671089,3.37210980656185,3.169273707127,2.80406136982734
3.72373275162874,3.37863262031959,3.17534341687161,2.8093152525267
3.72981222851139,3.38516418557522,3.18142107908907,2.8145756490309
3.7359024278426,3.39170451595354,3.18750670587482,2.81984256868174
3.74200337014767,3.39825362510399,3.19360030934584,2.825116020837
3.74811507599484,3.40481152670046,3.19970190164037,2.8303960148699
3.7542375659951,3.41137823444106,3.20581149491768,2.83568256016897
3.76037086080184,3.41795376204884,3.2119291013588,2.84097566613881
3.76651498111279,3.42453812327109,3.21805473316569,2.84627534219899
3.77266994766666,3.43113133188003,3.2241884025622,2.85158159778542
3.77883578124744,3.43773340167228,3.23033012179317,2.85689444234897
3.78501250268033,3.44434434646974,3.23647990312567,2.86221388535715
3.79120013283485,3.45096418011861,3.24263775884774,2.86753993629253
3.79739869262413,3.45759291649008,3.24880370126919,2.87287260465353
3.80360820300485,3.46423056948028,3.25497774272145,2.8782118999544
3.80982868497656,3.47087715301046,3.26115989555794,2.88355783172557
3.81606015958318,3.47753268102649,3.26735017215336,2.88891040951279
3.82230264791172,3.48419716749976,3.2735485849047,2.89426964287833
3.82855617109449,3.49087062642636,3.27975514623028,2.89963554139969
3.83482075030618,3.49755307182774,3.28596986857062,2.90500811467088
3.84109640676634,3.5042445177506,3.29219276438814,2.91038737230174
3.84738316173961,3.51094497826661,3.29842384616685,2.9157733239177
3.85368103653287,3.51765446747336,3.30466312641354,2.92116597916123
3.85999005249891,3.52437299949312,3.31091061765624,2.92656534768993
3.86631023103516,3.53110058847387,3.31716633244538,2.93197143917775
3.87264159358261,3.53783724858924,3.32343028335376,2.93738426331518
3.87898416162784,3.54458299403798,3.32970248297592,2.9428038298083
3.88533795670197,3.55133783904464,3.33598294392887,2.94823014837969
3.89170300038049,3.55810179785965,3.34227167885216,2.95366322876851
3.89807931428492,3.56487488475849,3.34856870040698,2.95910308072936
3.90446692008124,3.57165711404281,3.35487402127738,2.96454971403372
3.91086583948031,3.57844850004013,3.3611876541699,2.97000313846954
3.91727609423946,3.58524905710332,3.36750961181296,2.9754633638404
3.92369770616008,3.59205879961161,3.3738399069581,2.98093039996706
3.93013069708999,3.59887774196992,3.38017855237902,2.98640425668623
3.93657508892242,3.60570589860931,3.38652556087222,2.99188494385127
3.94303090359604,3.61254328398663,3.39288094525656,2.99737247133184
3.94949816309559,3.61938991258511,3.39924471837386,3.00286684901434
3.95597688945176,3.62624579891396,3.40561689308847,3.00836808680154
3.96246710474171,3.6331109575086,3.41199748228753,3.01387619461272
3.96896883108738,3.63998540293077,3.4183864988811,3.01939118238409
3.97548209065849,3.64686914976843,3.42478395580191,3.02491306006811
3.98200690567025,3.65376221263605,3.43118986600582,3.03044183763423
3.98854329838412,3.66066460617438,3.43760424247149,3.0359775250685
3.99509129110908,3.66757634505059,3.44402709820049,3.04152013237348
4.00165090619991,3.67449744395864,3.45045844621772,3.04706966956894
4.0082221660585,3.68142791761869,3.45689829957079,3.05262614669096
4.01480509313359,3.68836778077778,3.46334667133068,3.05818957379275
4.02139970992103,3.69531704820958,3.46980357459148,3.06375996094427
4.028006038963,3.70227573471471,3.47626902247079,3.06933731823277
4.03462410285006,3.70924385512006,3.48274302810884,3.07492165576163
4.041253924219,3.71622142427988,3.48922560466979,3.08051298365194
4.04789552575478,3.72320845707504,3.49571676534082,3.08611131204133
4.05454893018964,3.73020496841355,3.50221652333269,3.09171665108467
4.061214160303,3.73721097323025,3.50872489187954,3.09732901095382
4.06789123892264,3.74422648648716,3.51524188423899,3.10294840183771
4.07458018892383,3.75125152317349,3.52176751369237,3.10857483394251
4.08128103322983,3.75828609830539,3.52830179354434,3.1142083174913
4.08799379481215,3.76533022692644,3.5348447371234,3.1198488627245
4.09471849669028,3.77238392410758,3.5413963577818,3.12549647989988
4.10145516193133,3.77944720494694,3.54795666889546,3.13115117929242
4.10820381365231,3.78652008456999,3.55452568386389,3.13681297119401
4.11496447501784,3.79360257812985,3.56110341611071,3.14248186591424
4.1217371692403,3.80069470080712,3.56768987908344,3.14815787378018
4.1285219195822,3.80779646780984,3.57428508625333,3.1538410051359
4.13531874935457,3.81490789437372,3.58088905111562,3.15953127034293
4.14212768191661,3.8220289957624,3.58750178718993,3.16522867978072
4.14894874067717,3.82915978726684,3.59412330801948,3.17093324384561
4.15578194909427,3.83630028420606,3.60075362717188,3.17664497295175
4.16262733067485,3.84345050192702,3.60739275823903,3.18236387753101
4.16948490897561,3.85061045580426,3.61404071483668,3.18808996803238
4.17635470760242,3.85778016124059,3.6206975106052,3.19382325492291
4.1832367502109,3.86495963366674,3.62736315920914,3.19956374868711
4.19013106050666,3.87214888854155,3.63403767433747,3.20531145982719
4.19703766224421,3.87934794135194,3.64072106970353,3.21106639886318
4.20395657922918,3.88655680761304,3.64741335904511,3.21682857633266
4.21088783531645,3.89377550286839,3.65411455612469,3.2225980027913
4.2178314544113,3.90100404268955,3.66082467472904,3.22837468881228
4.22478746046946,3.90824244267668,3.66754372866974,3.23415864498679
4.23175587749668,3.91549071845833,3.67427173178304,3.23994988192399
4.23873672954952,3.92274888569162,3.68100869792995,3.24574841025096
4.245730040735,3.93001696006194,3.68775464099601,3.25155424061253
4.25273583521098,3.93729495728355,3.6945095748918,3.25736738367173
4.25975413718635,3.94458289309934,3.70127351355275,3.26318785010958
4.26678497092022,3.9518807832808,3.70804647093911,3.26901565062517
4.27382836072383,3.95918864362826,3.71482846103613,3.27485079593558
4.28088433095896,3.96650648997094,3.7216194978541,3.28069329677616
4.28795290603862,3.9738343381671,3.72841959542859,3.28654316390062
4.29503411042781,3.98117220410351,3.73522876781978,3.29240040808029
4.30212796864263,3.98852010369636,3.74204702911344,3.29826504010525
4.309234505251,3.9958780528909,3.74887439342055,3.3041370707838
4.31635374487254,4.00324606766127,3.7557108748771,3.31001651094231
4.3234857121786,4.01062416401108,3.76255648764471,3.31590337142583
4.33063043189327,4.01801235797308,3.76941124591019,3.3217976630975
4.33778792879211,4.02541066560922,3.7762751638857,3.32769939683889
4.34495822770277,4.0328191030111,3.78314825580918,3.33360858355036
4.35214135350612,4.04023768629962,3.79003053594388,3.33952523415041
4.35933733113448,4.0476664316251,3.79692201857864,3.34544935957622
4.36654618557381,4.0551053551675,3.80382271802792,3.3513809707834
4.37376794186236,4.0625544731364,3.81073264863192,3.35732007874623
4.3810026250909,4.07001380177124,3.81765182475676,3.36326669445788
4.38825026040352,4.07748335734084,3.82458026079396,3.36922082892974
4.39551087299762,4.08496315614405,3.8315179711611,3.3751824931921
4.40278448812286,4.09245321450977,3.83846497030189,3.38115169829435
4.41007113108419,4.09995354879639,3.84542127268542,3.38712845530383
4.4173708272375,4.10746417539264,3.85238689280732,3.39311277530757
4.42468360199452,4.11498511071708,3.85936184518886,3.39910466941073
4.43200948081943,4.12251637121865,3.86634614437778,3.40510414873791
4.43934848922996,4.13005797337629,3.87333980494784,3.41111122443248
4.44670065279889,4.1376099336991,3.88034284149883,3.41712590765651
4.45406599715237,4.14517226872681,3.88735526865721,3.42314820959152
4.46144454797104,4.15274499502902,3.89437710107519,3.42917814143745
4.46883633098959,4.16032812920617,3.90140835343185,3.43521571441388
4.47624137199761,4.16792168788901,3.90844904043243,3.44126093975914
4.48365969683854,4.17552568773907,3.91549917680896,3.4473138287311
4.49109133141099,4.18314014544811,3.92255877731957,3.45337439260636
4.49853630166827,4.1907650777389,3.92962785674931,3.45944264268105
4.50599463361905,4.19840050136472,3.93670642990962,3.46551859027026
4.51346635332665,4.20604643310992,3.94379451163892,3.4716022467087
4.52095148690896,4.21370288978954,3.95089211680224,3.47769362335039
4.52845006054058,4.2213698882495,3.95799926029128,3.48379273156834
4.53596210045074,4.22904744536697,3.96511595702488,3.4898995827554
4.54348763292415,4.23673557804983,3.97224222194848,3.49601418832356
4.55102668430181,4.24443430323733,3.97937807003465,3.50213655970435
4.5585792809797,4.25214363790007,3.98652351628325,3.50826670834922
4.56614544941043,4.25986359903946,3.99367857572067,3.51440464572852
4.57372521610248,4.26759420368858,4.00084326340086,3.52055038333266
4.58131860762075,4.27533546891185,4.00801759440482,3.52670393267152
4.58892565058607,4.28308741180493,4.0152015838407,3.5328653052746
4.59654637167578,4.2908500494953,4.02239524684419,3.53903451269134
4.60418079762462,4.29862339914175,4.02959859857803,3.54521156649053
4.61182895522278,4.3064074779351,4.03681165423283,3.55139647826137
4.61949087131844,4.31420230309729,4.04403442902603,3.55758925961209
4.62716657281617,4.32200789188255,4.05126693820309,3.56378992217136
4.63485608667801,4.32982426157682,4.05850919703694,3.56999847758759
4.64255943992258,4.33765142949783,4.06576122082806,3.57621493752916
4.6502766596267,4.34548941299538,4.07302302490466,3.58243931368431
4.65800777292403,4.35333822945139,4.08029462462281,3.58867161776153
4.66575280700663,4.36119789627986,4.0875760353663,3.5949118614892
4.67351178912398,4.36906843092664,4.09486727254651,3.60116005661551
4.68128474658295,4.37694985087032,4.10216835160325,3.60741621490941
4.68907170674889,4.38484217362173,4.1094792880042,3.61368034815986
4.69687269704606,4.39274541672352,4.1168000972445,3.61995246817535
4.70468774495532,4.40065959775159,4.12413079484825,3.62623258678572
4.71251687801812,4.40858473431375,4.131471396367,3.6325207158401
4.72036012383226,4.41652084405067,4.13882191738093,3.6388168672087
4.72821751005599,4.42446794463559,4.14618237349825,3.64512105278162
4.73608906440573,4.43242605377443,4.15355278035556,3.65143328446954
4.74397481465668,4.44039518920614,4.16093315361805,3.65775357420382
4.75187478864349,4.44837536870212,4.16832350897893,3.66408193393586
4.75978901425986,4.45636661006701,4.17572386216028,3.67041837563796
4.76771751945949,4.46436893113822,4.18313422891243,3.67676291130265
4.77566033225456,4.47238234978655,4.19055462501476,3.68311555294361
4.78361748071784,4.48040688391545,4.19798506627475,3.68947631259449
4.79158899298102,4.48844255146204,4.20542556852917,3.69584520231032
4.79957489723683,4.49648937039645,4.21287614764324,3.70222223416636
4.80757522173709,4.50454735872208,4.22033681951103,3.70860742025878
4.81558999479485,4.51261653447581,4.22780760005553,3.71500077270443
4.82361924478194,4.52069691572836,4.23528850522917,3.72140230364173
4.83166300013246,4.52878852058325,4.24277955101255,3.72781202522884
4.83972128934015,4.53689136717819,4.25028075341599,3.73422994964568
4.8477941409593,4.54500547368461,4.25779212847899,3.74065608909321
4.8558815836059,4.5531308583072,4.26531369226976,3.74709045579274
4.86398364595651,4.56126753928489,4.27284546088616,3.75353306198718
4.87210035674892,4.56941553489042,4.28038745045535,3.75998391994042
4.88023174478265,4.57757486343046,4.28793967713378,3.76644304193741
4.88837783891768,4.58574554324573,4.29550215710744,3.77291044028446
4.89653866807684,4.59392759271098,4.30307490659164,3.77938612730881
4.90471426124411,4.60212103023525,4.31065794183145,3.78587011535917
4.91290464746536,4.61032587426191,4.31825127910163,3.79236241680568
4.92110985584824,4.61854214326841,4.32585493470639,3.79886304403959
4.92932991556312,4.62676985576677,4.33346892497986,3.80537200947367
4.9375648558432,4.63500903030338,4.34109326628584,3.81188932554185
4.94581470598242,4.64325968545925,4.3487279750182,3.81841500470005
4.95407949533851,4.65152183985005,4.35637306760072,3.82494905942546
4.96235925333245,4.65979551212601,4.36402856048702,3.83149150221664
4.97065400944701,4.66808072097207,4.3716944701608,3.83804234559391
4.97896379322844,4.67637748510823,4.3793708131361,3.84460160209939
4.98728863428672,4.6846858232891,4.38705760595679,3.8511692842965
4.9956285622943,4.69300575430464,4.39475486519747,3.85774540477093
5.00398360698745,4.70133729697944,4.40246260746255,3.86432997612965
5.01235379816643,4.70968047017346,4.41018084938705,3.87092301100163
5.02073916569481,4.71803529278184,4.41790960763647,3.87752452203779
5.02913973950038,4.72640178373504,4.42564889890681,3.88413452191094
5.03755554957494,4.73477996199854,4.43339873992432,3.89075302331552
5.04598662597443,4.74316984657364,4.44115914744626,3.89738003896837
5.05443299881901,4.75157145649708,4.44893013826057,3.90401558160835
5.06289469829373,4.75998481084085,4.45671172918557,3.91065966399601
5.07137175464855,4.76840992871274,4.46450393707055,3.91731229891412
5.07986419819738,4.77684682925655,4.47230677879602,3.9239734991681
5.08837205931942,4.78529553165144,4.48012027127298,3.93064327758505
5.09689536845956,4.79375605511262,4.48794443144359,3.93732164701442
5.10543415612741,4.8022284188914,4.49577927628126,3.94400862032819
5.11398845289805,4.81071264227473,4.50362482279014,3.95070421042033
5.12255828941237,4.81920874458593,4.51148108800589,3.9574084302074
5.131143696377,4.82771674518441,4.51934808899529,3.9641212926283
5.13974470456382,4.83623666346608,4.52722584285677,3.97084281064479
5.14836134481161,4.84476851886257,4.53511436671951,3.97757299724037
5.15699364802495,4.85331233084239,4.54301367774462,3.98431186542165
5.16564164517462,4.86186811891055,4.55092379312479,3.99105942821791
5.1743053672978,4.87043590260828,4.55884473008398,3.99781569868076
5.18298484549891,4.87901570151359,4.56677650587788,4.00458068988453
5.19168011094875,4.88760753524132,4.57471913779407,4.01135441492648
5.20039119488502,4.89621142344304,4.58267264315188,4.01813688692668
5.2091181286126,4.90482738580698,4.59063703930224,4.02492811902772
5.21786094350355,4.9134554420585,4.59861234362826,4.03172812439535
5.2266196709981,4.92209561195995,4.6065985735449,4.03853691621801
5.23539434260258,4.93074791531074,4.61459574649925,4.0453545077074
5.24418498989231,4.93941237194743,4.62260387997042,4.05218091209794
5.25299164450996,4.948089001744,4.6306229914699,4.05901614264739
5.26181433816639,4.95677782461139,4.63865309854104,4.06586021263621
5.27065310264109,4.96547886049817,4.64669421875971,4.07271313536812
5.27950796978097,4.9741921293905,4.65474636973433,4.07957492417037
5.28837897150217,4.98291765131209,4.6628095691057,4.08644559239327
5.2972661397889,4.99165544632405,4.67088383454695,4.09332515341029
5.3061695066951,5.00040553452534,4.67896918376383,4.10021362061817
5.31508910434332,5.00916793605272,4.68706563449478,4.1071110074371
5.32402496492502,5.01794267108102,4.69517320451119,4.11401732731097
5.33297712070108,5.02672975982263,4.70329191161678,4.12093259370665
5.34194560400181,5.03552922252837,4.71142177364855,4.12785682011497
5.35093044722724,5.04434107948714,4.71956280847635,4.13479002005026
5.35993168284796,5.0531653510255,4.72771503400247,4.14173220704974
5.36894934340288,5.0620020575091,4.73587846816311,4.14868339467543
5.3779834615026,5.07085121934149,4.7440531289271,4.15564359651228
5.38703406982706,5.07971285696462,4.75223903429643,4.16261282616913
5.39610120112708,5.08858699085919,4.76043620230659,4.16959109727876
5.40518488822455,5.09747364154436,4.76864465102621,4.17657842349754
5.4142851640109,5.10637282957799,4.77686439855741,4.183574818506
5.42340206144931,5.11528457555684,4.78509546303588,4.19058029600856
5.43253561357416,5.12420890011638,4.79333786263069,4.19759486973348
5.44168585349109,5.13314582393114,4.80159161554464,4.20461855343316
5.4508528143767,5.14209536771443,4.80985674001406,4.21165136088399
5.46003652947965,5.15105755221891,4.81813325430916,4.21869330588656
5.46923703212054,5.16003239823626,4.82642117673391,4.22574440226554
5.47845435569151,5.16901992659767,4.83472052562635,4.23280466387005
5.48768853365661,5.17802015817334,4.84303131935821,4.23987410457324
5.49693959955266,5.18703311387313,4.85135357633546,4.24695273827272
5.50620758698899,5.19605881464643,4.85968731499816,4.25404057889043
5.5154925296476,5.20509728148184,4.86803255382014,4.26113764037234
5.52479446128219,5.2141485354083,4.87638931131026,4.26824393668976
5.53411341572095,5.22321259749411,4.88475760601114,4.27535948183781
5.5434494268642,5.23228948884729,4.89313745649977,4.28248428983622
5.55280252868577,5.24137923061615,4.90152888138789,4.28961837472965
5.56217275523339,5.25048184398888,4.90993189932166,4.2967617505872
5.57156014062754,5.25959735019365,4.91834652898176,4.30391443150271
5.58096471906364,5.26872577049891,4.92677278908356,4.31107643159467
5.5903865248102,5.27786712621358,4.93521069837742,4.31824776500671
5.59982559221001,5.28702143868646,4.94366027564808,4.32542844590686
5.60928195568096,5.29618872930742,4.9521215397157,4.33261848848848
5.61875564971434,5.3053690195063,4.96059450943496,4.33981790696956
5.62824670887707,5.31456233075385,4.96907920369578,4.34702671559319
5.63775516781005,5.32376868456167,4.97757564142343,4.35424492862786
5.64728106122993,5.33298810248167,4.98608384157781,4.36147256036648
5.65682442392786,5.34222060610711,4.99460382315462,4.36870962512779
5.66638529077149,5.351466217072,5.00313560518461,4.37595613725526
5.67596369670274,5.36072495705134,5.01167920673396,4.38321211111782
5.6855596767402,5.36999684776137,5.02023464690435,4.3904775611096
5.69517326597777,5.37928191095973,5.02880194483327,4.3977525016504
5.70480449958584,5.38858016844494,5.03738111969337,4.4050369471849
5.71445341281078,5.39789164205727,5.04597219069338,4.41233091218365
5.72412004097515,5.40721635367864,5.05457517707796,4.41963441114291
5.73380441947951,5.41655432523177,5.06319009812676,4.42694745858341
5.74350658379919,5.42590557868194,5.07181697315646,4.43427006905287
5.75322656948803,5.43527013603571,5.08045582151909,4.4416022571238
5.76296441217606,5.4446480193417,5.08910666260308,4.44894403739488
5.77272014757151,5.45403925069036,5.09776951583285,4.45629542449027
5.78249381145991,5.46344385221388,5.10644440066879,4.4636564330597
5.79228543970396,5.47286184608701,5.11513133660808,4.47102707777932
5.80209506824431,5.48229325452674,5.12383034318433,4.47840737335123
5.81192273310037,5.49173809979185,5.13254143996705,4.48579733450282
5.82176847036911,5.50119640418391,5.14126464656277,4.49319697598812
5.83163231622674,5.51066819004687,5.14999998261446,4.50060631258691
5.84151430692655,5.52015347976721,5.15874746780187,4.50802535910541
5.85141447880265,5.52965229577396,5.16750712184127,4.51545413037547
5.86133286826624,5.53916466053936,5.17627896448639,4.52289264125607
5.87126951180906,5.54869059657775,5.18506301552704,4.53034090663141
5.88122444600159,5.55823012644693,5.19385929479062,4.53779894141271
5.89119770749388,5.5677832727476,5.20266782214146,4.54526676053745
5.90118933301592,5.57735005812366,5.21148861748116,4.55274437896957
5.91119935937732,5.58693050526186,5.2203217007482,4.56023181169927
5.92122782346749,5.59652463689276,5.22916709191892,4.56772907374379
5.93127476225748,5.60613247578978,5.23802481100643,4.57523618014623
5.94134021279754,5.6157540447703,5.24689487806188,4.58275314597707
5.95142421221864,5.6253893666949,5.2557773131736,4.59027998633312
5.96152679773324,5.63503846446802,5.26467213646767,4.59781671633796
5.97164800663458,5.64470136103792,5.27357936810801,4.60536335114218
5.98178787629682,5.65437807939644,5.28249902829603,4.61291990592297
5.99194644417606,5.66406864257958,5.2914311372712,4.62048639588457
6.00212374780969,5.67377307366751,5.30037571531109,4.62806283625839
6.01231982481672,5.68349139578419,5.30933278273099,4.63564924230257
6.02253471289877,5.69322363209797,5.31830235988436,4.64324562930235
6.03276844983898,5.70296980582181,5.32728446716322,4.65085201257055
6.04302107350364,5.71272994021244,5.33627912499716,4.65846840744638
6.05329262184052,5.72250405857176,5.34528635385482,4.66609482929715
6.06358313288142,5.7322921842459,5.35430617424283,4.67373129351686
6.07389264474052,5.7420943406259,5.36333860670657,4.68137781552719
6.08422119561454,5.75191055114739,5.37238367182983,4.68903441077716
6.09456882378469,5.76174083929104,5.38144139023517,4.69670109474314
6.10493556761518,5.77158522858246,5.39051178258385,4.70437788292911
6.11532146555369,5.78144374259262,5.39959486957628,4.71206479086693
6.12572655613252,5.79131640493706,5.40869067195112,4.71976183411536
6.13615087796726,5.80120323927724,5.41779921048674,4.72746902826166
6.14659446975917,5.81110426931965,5.42692050600013,4.7351863889202
6.15705737029245,5.82101951881631,5.43605457934761,4.74291393173353
6.167539618437,5.8309490115649,5.44520145142479,4.75065167237198
6.17804125314783,5.84089277140875,5.45436114316656,4.75839962653369
6.18856231346448,5.85085082223677,5.46353367554707,4.76615780994473
6.19910283851149,5.86082318798419,5.47271906958045,4.77392623835969
6.20966286750075,5.87080989263172,5.48191734631979,4.78170492756041
6.22024243972745,5.88081096020641,5.49112852685832,4.78949389335765
6.23084159457496,5.89082641478127,5.50035263232861,4.79729315158967
6.24146037151113,5.900856280476,5.50958968390362,4.80510271812375
6.25209881009092,5.91090058145598,5.51883970279552,4.81292260885468
6.26275694995589,5.92095934193391,5.52810271025729,4.82075283970641
6.27343483083405,5.93103258616827,5.53737872758128,4.82859342663064
6.28413249254105,5.94112033846449,5.5466677761002,4.83644438560766
6.2948499749785,5.95122262317513,5.5559698771875,4.84430573264693
6.30558731813619,5.96133946469899,5.56528505225629,4.85217748378573
6.31634456209182,5.97147088748213,5.57461332276037,4.86005965509018
6.32712174701026,5.98161691601788,5.58395471019428,4.86795226265548
6.33791891314385,5.99177757484644,5.59330923609294,4.8758553226054
6.34873610083455,6.00195288855532,5.60267692203184,4.88376885109225
6.3595733505121,6.01214288177953,5.61205778962748,4.89169286429754
6.37043070269423,6.02234757920137,5.62145186053702,4.89962737843164
6.38130819798789,6.03256700555104,5.63085915645888,4.90757240973415
6.39220587709,6.04280118560604,5.64027969913209,4.91552797447321
6.40312378078538,6.05305014419173,5.64971351033692,4.92349408894638
6.41406194994889,6.06331390618158,5.65916061189509,4.93147076948055
6.42502042554519,6.0735924964968,5.66862102566932,4.93945803243156
6.43599924862831,6.0838859401069,5.67809477356395,4.94745589418484
6.44699846034299,6.09419426202959,5.68758187752477,4.95546437115508
6.45801810192352,6.10451748733056,5.69708235953884,4.96348347978622
6.4690582146958,6.11485564112408,5.70659624163501,4.97151323655162
6.48011884007573,6.12520874857314,5.71612354588405,4.97955365795455
6.49120001956993,6.13557683488894,5.72566429439826,4.98760476052752
6.50230179477686,6.14595992533169,5.73521850933201,4.99566656083283
6.51342420738592,6.15635804521047,5.7447862128818,5.00373907546266
6.52456729917767,6.16677121988305,5.75436742728599,5.01182232103879
6.5357311120261,6.17719947475616,5.76396217482494,5.01991631421247
6.54691568789513,6.18764283528625,5.77357047782202,5.02802107166582
6.5581210688423,6.19810132697824,5.78319235864205,5.03613661010987
6.56934729701731,6.2085749753869,5.79282783969286,5.04426294628626
6.58059441466266,6.21906380611627,5.80247694342459,5.05240009696643
6.59186246411313,6.22956784482026,5.81213969233035,5.06054807895246
6.60315148779716,6.2400871172019,5.82181610894543,5.06870690907594
6.61446152823693,6.25062164901428,5.83150621584814,5.07687660419891
6.62579262804715,6.26117146606055,5.84121003565994,5.08505718121415
6.63714482993663,6.27173659419392,5.85092759104536,5.0932486570448
6.64851817670917,6.28231705931695,5.86065890471112,5.10145104864348
6.65991271126171,6.29291288738319,5.87040399940807,5.10966437299438
6.67132847658569,6.30352410439646,5.88016289793017,5.11788864711212
6.68276551576778,6.31415073641047,5.88993562311426,5.12612388804137
6.69422387198925,6.32479280952993,5.89972219784104,5.13437011285798
6.70570358852689,6.33545034991011,5.90952264503469,5.1426273386684
6.71720470875148,6.34612338375696,5.91933698766301,5.1508955826101
6.72872727613116,6.35681193732727,5.92916524873742,5.15917486185105
6.74027133422913,6.36751603692902,5.93900745131337,5.16746519359051
6.75183692670446,6.37823570892085,5.94886361848987,5.17576659505837
6.7634240973121,6.38897097971311,5.95873377341047,5.18407908351619
6.77503288990476,6.39972187576706,5.96861793926228,5.19240267625597
6.78666334843094,6.41048842359567,5.97851613927704,5.20073739060142
6.79831551693552,6.42127064976322,5.98842839673057,5.2090832439074
6.80998943956218,6.43206858088563,5.99835473494294,5.21744025355974
6.82168516055057,6.4428822436308,6.00829517727905,5.22580843697619
6.83340272423882,6.45371166471839,6.01824974714823,5.23418781160568
6.84514217506247,6.4645568709198,6.02821846800424,5.24257839492851
6.8569035575556,6.47541788905876,6.03820136334583,5.25098020445668
6.86868691634967,6.48629474601151,6.04819845671698,5.25939325773436
6.8804922961762,6.49718746870576,6.05820977170569,5.26781757233628
6.89231974186435,6.50809608412241,6.06823533194582,5.27625316586991
6.90416929834248,6.51902061929481,6.07827516111633,5.28470005597448
6.9160410106385,6.52996110130855,6.08832928294094,5.29315826032058
6.92793492388027,6.54091755730221,6.09839772118893,5.30162779661095
6.93985108329425,6.55189001446765,6.10848049967547,5.31010868258095
6.95178953420791,6.56287850004899,6.11857764226046,5.31860093599711
6.96375032204804,6.57388304134415,6.12868917285019,5.32710457465897
6.97573349234303,6.58490366570394,6.13881511539625,5.33561961639773
6.98773909072062,6.59594040053239,6.14895549389604,5.34414607907705
6.99976716291135,6.60699327328741,6.15911033239317,5.35268398059294
7.01181775474426,6.61806231148027,6.16927965497721,5.3612333388742
7.02389091215275,6.62914754267571,6.17946348578346,5.36979417188126
7.03598668116965,6.64024899449285,6.18966184899416,5.37836649760818
7.04810510793081,6.65136669460408,6.19987476883713,5.3869503340807
7.06024623867392,6.66250067073626,6.21010226958705,5.39554569935777
7.07241011973883,6.67365095067058,6.22034437556529,5.40415261153129
7.08459679756859,6.68481756224183,6.23060111113916,5.41277108872519
7.09680631870882,6.69600053333983,6.24087250072328,5.42140114909698
7.10903872980819,6.70719989190881,6.25115856877906,5.43004281083705
7.12129407761881,6.71841566594734,6.26145933981445,5.43869609216848
7.13357240899609,6.72964788350913,6.27177483838489,5.44736101134789
7.1458737709001,6.74089657270265,6.28210508909271,5.45603758666479
7.15819821039396,6.75216176169117,6.29245011658739,5.46472583644194
7.17054577464655,6.76344347869313,6.30280994556569,5.47342577903516
7.18291651092963,6.77474175198259,6.31318460077225,5.48213743283435
7.1953104666216,6.78605660988843,6.32357410699864,5.49086081626198
7.2077276892043,6.7973880807956,6.33397848908471,5.49959594777492
7.22016822626639,6.80873619314387,6.34439777191722,5.50834284586255
7.23263212550088,6.82010097542948,6.35483198043156,5.51710152904889
7.24511943470744,6.8314824562043,6.36528113961081,5.5258720158913
7.25763020179146,6.8428806640758,6.37574527448574,5.53465432498061
7.27016447476561,6.85429562770782,6.3862244101355,5.54344847494162
7.2827223017478,6.86572737582068,6.39671857168786,5.55225448443358
7.29530373096332,6.8771759371905,6.40722778431834,5.56107237214909
7.30790881074502,6.88864134065023,6.41775207325131,5.56990215681511
7.32053758953317,6.90012361508931,6.42829146375959,5.57874385719262
7.33319011587463,6.91162278945376,6.43884598116459,5.58759749207688
7.34586643842565,6.92313889274648,6.44941565083649,5.59646308029718
7.3585666059495,6.93467195402749,6.46000049819454,5.60534064071752
7.37129066731836,6.94622200241383,6.47060054870694,5.61423019223619
7.38403867151274,6.95778906707949,6.48121582789068,5.62313175378573
7.39681066762288,6.96937317725592,6.4918463613121,5.63204534433325
7.40960670484689,6.9809743622323,6.50249217458715,5.64097098288099
7.4224268324939,6.99259265135508,6.51315329338079,5.64990868846529
7.4352710999813,7.00422807402835,6.52382974340753,5.65885848015744
7.44813955683769,7.0158806597142,6.53452155043158,5.66782037706352
7.46103225270098,7.02755043793287,6.54522874026716,5.6767943983249
7.4739492373203,7.03923743826207,6.55595133877759,5.68578056311713
7.48689056055474,7.05094169033835,6.56668937187689,5.69477889065165
7.49985627237579,7.06266322385631,6.57744286552871,5.70378940017443
7.51284642286455,7.07440206856893,6.5882118457469,5.7128121109669
7.52586106221449,7.08615825428805,6.59899633859578,5.72184704234587
7.53890024073159,7.09793181088411,6.60979637018985,5.73089421366318
7.55196400883311,7.10972276828608,6.62061196669389,5.739953644306
7.56505241704829,7.12153115648249,6.63144315432379,5.74902535369759
7.57816551602028,7.13335700552051,6.64228995934567,5.75810936129606
7.59130335650422,7.14520034550694,6.65315240807685,5.76720568659573
7.60446598936844,7.15706120660752,6.66403052688515,5.77631434912617
7.61765346559508,7.16893961904777,6.67492434218972,5.78543536845297
7.63086583627991,7.18083561311278,6.68583388046074,5.79456876417752
7.64410315263322,7.19274921914739,6.69675916821961,5.80371455593699
7.65736546597818,7.20468046755623,6.7077002320391,5.81287276340478
7.67065282775348,7.21662938880417,6.71865709854359,5.82204340629032
7.68396528951315,7.22859601341609,6.72962979440885,5.83122650433899
7.69730290292508,7.24058037197702,6.74061834636232,5.84042207733248
7.71066571977353,7.25258249513263,6.75162278118336,5.84963014508879
7.72405379195747,7.26460241358934,6.76264312570355,5.8588507274627
7.73746717149298,7.2766401581135,6.77367940680563,5.86808384434442
7.75090591051123,7.28869575953302,6.78473165142532,5.87732951566166
7.7643700612608,7.30076924873658,6.79579988655034,5.88658776137836
7.77785967610634,7.31286065667362,6.80688413922051,5.89585860149492
7.79137480752962,7.32497001435519,6.8179844365285,5.90514205604891
7.80491550813023,7.33709735285363,6.8291008056195,5.9144381451145
7.81848183062453,7.34924270330234,6.84023327369101,5.92374688880255
7.83207382784839,7.36140609689706,6.85138186799398,5.93306830726124
7.84569155275378,7.37358756489466,6.86254661583178,5.94240242067563
7.85933505841254,7.38578713861419,6.87372754456105,5.95174924926787
7.8730043980146,7.39800484943691,6.88492468159183,5.96110881329766
7.88669962486931,7.4102407288057,6.8961380543868,5.97048113306132
7.900420792405,7.4224948082262,6.9073676904626,5.97986622889307
7.91416795417044,7.43476711926643,6.91861361738918,5.9892641211643
7.92794116383274,7.4470576935568,6.9298758627901,5.9986748302841
7.94174047518044,7.45936656279059,6.94115445434271,6.00809837669899
7.95556594212233,7.47169375872402,6.95244941977832,6.01753478089331
7.96941761868741,7.48403931317601,6.96376078688195,6.02698406338895
7.98329555902655,7.49640325802876,6.97508858349281,6.03644624474561
7.99719981741189,7.50878562522789,6.98643283750449,6.04592134556106
8.01113044823593,7.52118644678219,6.99779357686475,6.05540938647106
8.0250875060144,7.53360575476414,7.00917082957584,6.06491038814929
8.03907104538489,7.54604358130992,7.02056462369462,6.07442437130767
8.05308112110759,7.55849995861958,7.03197498733266,6.08395135669634
8.06711778806514,7.57097491895683,7.04340194865603,6.09349136510349
8.08118110126381,7.58346849464977,7.054845535886,6.10304441735587
8.09527111583274,7.59598071809081,7.06630577729895,6.11261053431884
8.10938788702558,7.60851162173661,7.07778270122621,6.12218973689598
8.12353147021831,7.62106123810839,7.08927633605455,6.13178204602983
8.13770192091319,7.63362959979196,7.10078671022589,6.14138748270114
8.15189929473598,7.64621673943831,7.11231385223813,6.15100606793001
8.16612364743733,7.65882268976283,7.12385779064422,6.16063782277484
8.18037503489386,7.67144748354635,7.13541855405315,6.17028276833309
8.1946535131063,7.68409115363531,7.14699617113028,6.17994092574193
8.20895913820231,7.69675373294073,7.15859067059603,6.18961231617653
8.22329196643584,7.70943525443968,7.17020208122748,6.19929696085173
8.23765205418629,7.72213575117491,7.181830431858,6.20899488102181
8.25203945796016,7.73485525625514,7.19347575137746,6.21870609798044
8.26645423439109,7.74759380285449,7.20513806873162,6.22843063306013
8.28089644024018,7.76035142421368,7.21681741292331,6.23816850763328
8.29536613239561,7.7731281536397,7.2285138130122,6.24791974311207
8.30986336787439,7.78592402450589,7.24022729811461,6.25768436094802
8.3243882038208,7.79873907025181,7.25195789740366,6.26746238263231
8.33894069750827,7.81157332438422,7.26370564010996,6.27725382969628
8.35352090633915,7.82442682047664,7.27547055552129,6.2870587237111
8.36812888784458,7.83729959216919,7.28725267298242,6.29687708628759
8.38276469968557,7.85019167316956,7.29905202189596,6.30670893907701
8.39742839965258,7.86310309725284,7.3108686317223,6.31655430377093
8.41212004566606,7.87603389826113,7.32270253197909,6.32641320210076
8.42683969577765,7.88898411010435,7.33455375224203,6.3362856558383
8.44158740816933,7.90195376676037,7.34642232214504,6.34617168679603
8.45636324115388,7.91494290227445,7.35830827137966,6.35607131682652
8.47116725317545,7.92795155076045,7.37021162969621,6.36598456782341
8.4859995028111,7.94097974640013,7.38213242690301,6.37591146172049
8.50086004876754,7.95402752344366,7.39407069286709,6.38585202049282
8.51574894988629,7.96709491620962,7.40602645751383,6.39580626615572
8.53066626513965,7.98018195908554,7.41799975082781,6.40577422076609
8.54561205363414,7.9932886865274,7.42999060285201,6.41575590642123
8.56058637460962,8.00641513306039,7.44199904368869,6.42575134525975
8.57558928743791,8.01956133327866,7.45402510349922,6.43576055946164
8.59062085162684,8.03272732184567,7.46606881250409,6.44578357124775
8.60568112681762,8.0459131334944,7.4781302009834,6.4558204028806
8.62077017278531,8.05911880302724,7.49020929927662,6.46587107666408
8.63588804944128,8.07234436531634,7.50230613778285,6.47593561494338
8.65103481683191,8.08558985530389,7.5144207469611,6.48601404010548
8.66621053513727,8.09885530800202,7.52655315733038,6.49610637457935
8.68141526467618,8.11214075849284,7.53870339946931,6.50621264083492
8.69664906590193,8.12544624192931,7.5508715040173,6.51633286138488
8.71191199940467,8.13877179353426,7.56305750167344,6.52646705878315
8.72720412591128,8.15211744860177,7.57526142319784,6.53661525562631
8.74252550628674,8.16548324249629,7.58748329941068,6.54677747455246
8.75787620153228,8.17886921065369,7.59972316119337,6.55695373824258
8.7732562727885,8.19227538858061,7.61198103948773,6.56714406941935
8.78866578133288,8.20570181185493,7.62425696529654,6.577348490848
8.80410478858222,8.21914851612629,7.636550969684,6.58756702533645
8.81957335609229,8.23261553711586,7.6488630837754,6.59779969573504
8.83507154555723,8.24610291061636,7.66119333875729,6.60804652493676
8.85059941881178,8.25961067249265,7.67354176587786,6.61830753587734
8.86615703783004,8.27313885868179,7.68590839644709,6.62858275153555
8.88174446472667,8.28668750519254,7.69829326183617,6.6388721949325
8.89736176175615,8.30025664810679,7.71069639347896,6.64917588913317
8.91300899131542,8.31384632357859,7.72311782287086,6.65949385724491
8.92868621594075,8.32745656783467,7.73555758156956,6.66982612241865
8.94439349831196,8.34108741717471,7.74801570119496,6.68017270784822
8.96013090124951,8.35473890797184,7.76049221342991,6.69053363677151
8.97589848771664,8.36841107667163,7.77298715001907,6.700908932469
8.99169632081863,8.38210395979383,7.78550054277065,6.71129861826564
9.0075244638049,8.39581759393124,7.79803242355512,6.72170271752928
9.02338298006771,8.40955201575065,7.81058282430634,6.73212125367194
9.03927193314228,8.42330726199241,7.82315177702101,6.74255425014924
9.05519138670903,8.43708336947107,7.83573931375921,6.7530017304607
9.07114140459213,8.45088037507547,7.84834546664457,6.76346371815005
9.08712205076074,8.46469831576892,7.86097026786435,6.77394023680516
9.10313338932873,8.47853722858875,7.87361374966906,6.7844313100577
9.11917548455605,8.49239715064747,7.88627594437345,6.79493696158391
9.13524840084773,8.50627811913253,7.8989568843564,6.80545721510472
9.15135220275567,8.52018017130574,7.91165660206017,6.81599209438464
9.1674869549774,8.53410334450495,7.92437512999219,6.8265416232338
9.18365272235855,8.54804767614296,7.9371125007238,6.83710582550633
9.19984956989076,8.56201320370793,7.94986874689078,6.84768472510114
9.21607756271398,8.57599996476408,7.96264390119389,6.85827834596225
9.23233676611576,8.59000799695134,7.97543799639861,6.86888671207849
9.24862724553251,8.60403733798589,7.98825106533553,6.87950984748381
9.26494906654871,8.61808802565957,8.00108314089984,6.89014777625688
9.28130229489785,8.63216009784118,8.0139342560526,6.90080052252218
9.2976869964631,8.6462535924759,8.02680444382002,6.91146811044924
9.31410323727734,8.66036854758579,8.03969373729409,6.92215056425321
9.33055108352349,8.67450500126923,8.05260216963183,6.93284790819414
9.34703060153553,8.68866299170216,8.06552977405661,6.94356016657809
9.36354185779707,8.70284255713797,8.07847658385803,6.95428736375727
9.38008491894393,8.71704373590676,8.09144263239108,6.96502952412878
9.39665985176307,8.73126656641682,8.10442795307762,6.97578667213631
9.41326672319422,8.74551108715401,8.11743257940569,6.98655883226915
9.42990560032794,8.75977733668196,8.13045654492983,6.99734602906286
9.44657655040844,8.77406535364271,8.14349988327155,7.00814828709927
9.46327964083372,8.78837517675642,8.15656262811894,7.01896563100617
9.48001493915356,8.80270684482158,8.16964481322713,7.02979808545793
9.49678251307286,8.81706039671545,8.18274647241844,7.04064567517529
9.51358243044995,8.83143587139443,8.19586763958285,7.05150842492602
9.53041475929815,8.84583330789318,8.20900834867705,7.06238635952375
9.54727956778625,8.86025274532589,8.22216863372564,7.07327950382914
9.56417692423647,8.87469422288651,8.23534852882153,7.08418788275053
9.58110689712938,8.88915777984772,8.24854806812455,7.09511152124187
9.5980695550995,8.90364345556275,8.26176728586354,7.10605044430546
9.61506496693907,8.91815128946368,8.27500621633447,7.11700467698951
9.63209320159593,8.9326813210636,8.28826489390267,7.12797424439067
9.64915432817683,8.94723358995544,8.30154335300145,7.13895917165222
9.66624841594444,8.96180813581233,8.3148416281327,7.14995948396502
9.68337553432111,8.97640499838822,8.32815975386719,7.1609752065674
9.700535752886,8.99102421751815,8.34149776484504,7.17200636474595
9.7177291413781,9.00566583311729,8.35485569577465,7.183052983834
9.73495576969471,9.02032988518283,8.36823358143454,7.19411508921378
9.7522157078939,9.03501641379282,8.38163145667211,7.20519270631477
9.76950902619266,9.04972545910664,8.39504935640426,7.21628586061456
9.78683579496843,9.06445706136579,8.40848731561798,7.2273945776393
9.80419608475974,9.0792112608934,8.4219453693699,7.23851888296311
9.82158996626653,9.09398809809455,8.43542355278653,7.24965880220826
9.83901751034896,9.10878761345715,8.44892190106524,7.26081436104641
9.85647878803053,9.12360984755045,8.46244044947258,7.27198558519636
9.87397387049615,9.13845484102724,8.47597923334654,7.28317250042673
9.89150282909399,9.15332263462292,8.48953828809558,7.2943751325546
9.90906573533493,9.16821326915533,8.50311764919842,7.30559350744547
9.92666266089358,9.18312678552605,8.51671735220529,7.31682765101435
9.944293677608,9.19806322472013,8.53033743273772,7.32807758922554
9.96195885748116,9.21302262780535,8.54397792648763,7.33934334809158
9.97965827268043,9.22800503593391,8.5576388692191,7.35062495367509
9.99739199553905,9.24301049034179,8.57132029676759,7.36192243208773
10.0151600985537,9.25803903234892,8.58502224504032,7.37323580949099
10.0329626543889,9.27309070335963,8.59874475001637,7.38456511209564
10.0507997358759,9.28816554486266,8.6124878477468,7.395910366162
10.0686714160103,9.30326359843144,8.62625157435508,7.40727159800073
10.0865777679569,9.31838490572424,8.64003596603687,7.41864883397192
10.104518865047,9.33352950848455,8.65384105906064,7.43004210048611
10.1224947807812,9.34869744854094,8.6676668897673,7.44145142400349
10.1405055888263,9.36388876780731,8.68151349457064,7.45287683103481
10.1585513630201,9.37910350828328,8.69538090995749,7.46431834814086
10.176632177368,9.39434171205436,8.70926917248797,7.47577600193318
10.1947481060462,9.40960342129225,8.72317831879568,7.48724981907388
10.2128992233995,9.4248886782543,8.73710838558726,7.49873982627539
10.2310856039448,9.44019752528463,8.7510594096433,7.51024605030095
10.2493073223689,9.45553000481417,8.7650314278185,7.52176851796514
10.2675644535296,9.47088615936001,8.77902447704095,7.53330725613284
10.2858570724571,9.48626603152678,8.7930385943134,7.54486229172052
10.3041852543539,9.50166966400615,8.8070738167128,7.55643365169561
10.3225490745938,9.51709709957695,8.82113018139045,7.5680213630769
10.3409486087249,9.53254838110572,8.83520772557235,7.57962545293442
10.3593839324684,9.54802355154679,8.84930648655938,7.59124594838986
10.3778551217189,9.56352265394274,8.86342650172771,7.60288287661684
10.3963622525448,9.57904573142375,8.87756780852812,7.61453626484025
10.414905401191,9.59459282720851,8.89173044448676,7.62620614033662
10.4334846440753,9.61016398460473,8.90591444720587,7.63789253043531
10.4521000577932,9.62575924700845,8.92011985436275,7.64959546251688
10.4707517191138,9.64137865790466,8.93434670371068,7.66131496401452
10.4894397049846,9.65702226086765,8.94859503307895,7.67305106241344
10.5081640925293,9.67269009956122,8.96286488037316,7.68480378525147
10.5269249590483,9.68838221773831,8.97715628357491,7.69657316011873
10.5457223820203,9.704098659242,8.9914692807426,7.7083592146581
10.5645564391022,9.7198394680054,9.00580391001134,7.72016197656527
10.5834272081285,9.73560468805139,9.02016020959278,7.73198147358857
10.6023347671144,9.75139436349347,9.03453821777568,7.74381773352917
10.6212791942534,9.76720853853595,9.04893797292631,7.75567078424176
10.6402605679189,9.78304725747333,9.06335951348769,7.76754065363361
10.6592789666649,9.79891056469159,9.07780287798083,7.77942736966567
10.6783344692267,9.81479850466795,9.09226810500447,7.79133096035228
10.6974271545194,9.83071112197061,9.10675523323487,7.80325145376114
10.7165571016416,9.84664846125961,9.12126430142645,7.81518887801343
10.7357243898725,9.86261056728691,9.13579534841208,7.82714326128445
10.7549290986747,9.8785974848964,9.15034841310283,7.83911463180313
10.7741713076936,9.89460925902443,9.16492353448862,7.85110301785265
10.7934510967576,9.91064593469915,9.17952075163747,7.86310844776962
10.8127685458807,9.92670755704177,9.19414010369665,7.87513094994507
10.832123735259,9.94279417126678,9.20878162989306,7.88717055282507
10.8515167452746,9.95890582268087,9.22344536953195,7.89922728490911
10.8709476564948,9.97504255668465,9.23813136199865,7.91130117475182
10.8904165496735,9.99120441877203,9.25283964675788,7.92339225096216
10.9099235057489,10.0073914545304,9.26757026335403,7.93550054220397
10.9294686058472,10.0236037096414,9.28232325141177,7.94762607719612
10.9490519312815,10.039841229881,9.297098650636,7.95976888471255
10.9686735635525,10.0561040611185,9.31189650081122,7.97192899358161
10.9883335843485,10.0723922493188,9.32671684180328,7.98410643268775
11.008032075547,10.0887058405412,9.3415597135583,7.9963012309703
11.027769119214,10.1050448809398,9.35642515610343,8.00851341742425
11.0475447976054,10.1214094167644,9.37131320954681,8.02074302110004
11.0673591931657,10.1377994943595,9.38622391407779,8.03299007110401
11.0872123885319,10.1542151601656,9.40115730996687,8.04525459659772
11.1071044665302,10.1706564607194,9.41611343756693,8.05753662679972
11.1270355101781,10.1871234426529,9.43109233731173,8.06983619098369
11.1470056026858,10.203616152695,9.44609404971755,8.08215331847996
11.167014827456,10.2201346376708,9.46111861538256,8.09448803867484
11.1870632680822,10.2366789445022,9.47616607498732,8.10684038101139
11.2071510083535,10.2532491202079,9.49123646929486,8.11921037498886
11.2272781322513,10.2698452119042,9.50632983915122,8.13159805016364
11.2474447239508,10.286467266804,9.5214462254847,8.14400343614833
11.2676508678232,10.3031153322185,9.53658566930716,8.15642656261277
11.2878966484345,10.3197894555564,9.55174821171352,8.16886745928363
11.3081821505446,10.3364896843245,9.56693389388223,8.18132615594505
11.3285074591119,10.3532160661278,9.58214275707518,8.19380268243799
11.3488726592902,10.3699686486699,9.59737484263822,8.20629706866099
11.36927783643,10.3867474797531,9.61263019200142,8.21880934457047
11.38972307608,10.4035526072784,9.62790884667836,8.23133954017966
11.4102084639869,10.4203840792461,9.64321084826751,8.24388768556008
11.4307340860959,10.437241943756,9.6585362384518,8.25645381084102
11.4513000285509,10.4541262490075,9.67388505899911,8.26903794621002
11.4719063776952,10.4710370432996,9.68925735176169,8.28164012191219
11.492553220073,10.4879743750314,9.70465315867731,8.29426036825111
11.513240642428,10.5049382927028,9.72007252176937,8.30689871558922
11.5339687317055,10.5219288449131,9.73551548314579,8.31955519434634
11.5547375750517,10.5389460803635,9.75098208500124,8.33222983500209
11.5755472598164,10.5559900478557,9.76647236961571,8.34492266809398
11.5963978735492,10.5730607962924,9.78198637935532,8.35763372421881
11.6172895040046,10.590158374678,9.79752415667266,8.37036303403231
11.6382222391406,10.6072828321185,9.81308574410657,8.3831106282491
11.6591961671186,10.6244342178219,9.82867118428287,8.39587653764346
11.6802113763044,10.6416125810979,9.84428051991361,8.40866079304837
11.7012679552695,10.6588179713592,9.85991379379872,8.4214634253571
11.7223659927895,10.6760504381202,9.87557104882445,8.43428446552176
11.7435055778487,10.6933100309992,9.8912523279654,8.44712394455476
11.7646867996348,10.7105967997167,9.90695767428313,8.45998189352813
11.7859097475443,10.7279107940969,9.92268713092742,8.47285834357407
11.8071745111815,10.7452520640675,9.938440741136,8.48575332588479
11.828481180358,10.7626206596595,9.95421854823434,8.49866687171232
11.8498298450935,10.7800166310087,9.9700205956372,8.51159901237008
11.8712205956185,10.7974400283547,9.98584692684747,8.52454977923125
11.8926535223717,10.8148909020412,10.0016975854565,8.53751920372953
11.9141287160027,10.832369302517,10.0175726151452,8.55050731735966
11.9356462673712,10.8498752803363,10.033472059684,8.56351415167778
11.9572062675483,10.8674088861573,10.0493959629316,8.57653973829999
11.9788088078168,10.8849701707448,10.0653443688373,8.58958410890441
12.0004539796726,10.9025591849688,10.08131732144,8.60264729523008
12.0221418748225,10.9201759798048,10.0973148648684,8.61572932907747
12.0438725851882,10.937820606335,10.1133370433415,8.62883024230856
12.0656462029043,10.955493115748,10.1293839011689,8.6419500668474
12.0874628203207,10.9731935593386,10.1454554827506,8.65508883467919
12.1093225300016,10.9909219885089,10.1615518325778,8.66824657785171
12.1312254247261,11.0086784547677,10.177672995232,8.68142332847426
12.15317159749,11.0264630097316,10.1938190153866,8.69461911871877
12.1751611415058,11.0442757051245,10.2099899378064,8.7078339808193
12.197194150202,11.062116592778,10.2261858073472,8.7210679470723
12.2192707172255,11.0799857246322,10.2424066689575,8.73432104983704
12.2413909364416,11.0978831527355,10.2586525676775,8.74759332153543
12.2635549019326,11.1158089292445,10.2749235486393,8.76088479465224
12.2857627080019,11.133763106425,10.2912196570681,8.7741955017352
12.3080144491715,11.151745736652,10.3075409382815,8.78752547539555
12.3303102201846,11.1697568724089,10.3238874376896,8.80087474830675
12.3526501160036,11.1877965662901,10.3402592007963,8.81424335320711
12.375034231814,11.2058648709987,10.3566562731984,8.82763132289745
12.3974626630229,11.2239618393486,10.3730787005863,8.84103869024273
12.4199355052587,11.2420875242633,10.389526528744,8.85446548817141
12.4424528543739,11.2602419787776,10.4059998035495,8.86791174967616
12.4650148064448,11.2784252560367,10.422498570975,8.88137750781356
12.4876214577709,11.2966374092973,10.4390228770873,8.89486279570486
12.5102729048772,11.3148784919268,10.4555727680469,8.90836764653474
12.5329692445133,11.3331485574046,10.4721482901101,8.92189209355329
12.5557105736554,11.3514476593223,10.4887494896278,8.93543617007494
12.5784969895049,11.3697758513828,10.5053764130458,8.94899990947875
12.6013285894913,11.388133187402,10.5220291069057,8.96258334520876
12.6242054712714,11.4065197213083,10.5387076178449,8.97618651077427
12.6471277327295,11.4249355071425,10.5554119925958,8.98980943974924
12.6700954719789,11.4433805990593,10.5721422779878,9.00345216577358
12.6931087873628,11.4618550513263,10.5888985209462,9.01711472255232
12.7161677774522,11.4803589183248,10.6056807684927,9.03079714385617
12.739272541051,11.4988922545499,10.6224890677457,9.04449946352134
12.7624231771916,11.5174551146115,10.6393234659211,9.0582217154507
12.7856197851401,11.5360475532333,10.6561840103312,9.07196393361234
12.8088624643932,11.5546696252536,10.6730707483858,9.08572615204055
12.8321513146805,11.5733213856262,10.6899837275926,9.09950840483651
12.8554864359651,11.5920028894198,10.7069229955571,9.11331072616745
12.8788679284444,11.6107141918187,10.7238885999827,9.12713315026733
12.9022958925489,11.6294553481227,10.7408805886707,9.14097571143654
12.9257704289454,11.6482264137479,10.7578990095213,9.15483844404267
12.9492916385356,11.6670274442267,10.7749439105337,9.16872138252048
12.9728596224568,11.6858584952077,10.7920153398051,9.18262456137143
12.9964744820842,11.7047196224565,10.8091133455325,9.19654801516464
13.0201363190302,11.7236108818561,10.8262379760122,9.21049177853653
13.0438452351439,11.7425323294062,10.8433892796398,9.22445588619114
13.0676013325148,11.7614840212245,10.8605673049108,9.23844037290004
13.0914047134698,11.7804660135468,10.8777721004211,9.25244527350339
13.1152554805758,11.7994783627266,10.8950037148665,9.26647062290869
13.1391537366415,11.8185211252358,10.9122621970429,9.28051645609141
13.1630995847149,11.8375943576658,10.929547595848,9.29458280809644
13.1870931280853,11.8566981167255,10.9468599602791,9.30866971403586
13.2111344702864,11.8758324592448,10.964199339436,9.32277720909139
13.2352237150916,11.8949974421717,10.9815657825188,9.33690532851288
13.2593609665198,11.9141931225745,10.9989593388297,9.35105410761921
13.2835463288331,11.9334195576419,11.016380057773,9.36522358179871
13.3077799065383,11.9526768046821,11.0338279888542,9.37941378650796
13.3320618043862,11.9719649211248,11.0513031816822,9.39362475727425
13.3563921273756,11.9912839645202,11.0688056859677,9.40785652969327
13.3807709807496,12.0106339925393,11.0863355515243,9.42210913943066
13.4051984699994,12.030015062975,11.1038928282686,9.43638262222201
13.4296747008635,12.0494272337422,11.1214775662211,9.45067701387306
13.4541997793285,12.0688705628769,11.1390898155043,9.46499235025885
13.4787738116302,12.088345108538,11.1567296263458,9.47932866732536
13.5033969042535,12.1078509290073,11.1743970490767,9.49368600108916
13.5280691639336,12.1273880826882,11.1920921341318,9.50806438763635
13.5527906976566,12.1469566281084,11.2098149320507,9.52246386312458
13.5775616126592,12.1665566239186,11.2275654934778,9.53688446378228
13.6023820164307,12.1861881288932,11.2453438691621,9.55132622590871
13.6272520167134,12.2058512019307,11.2631501099581,9.56578918587437
13.6521717215017,12.2255459020533,11.2809842668247,9.58027338012065
13.6771412390443,12.2452722884083,11.2988463908274,9.5947788451611
13.7021606778453,12.265030420268,11.3167365331372,9.60930561758042
13.7272301466625,12.2848203570289,11.3346547450308,9.62385373403502
13.7523497545105,12.3046421582138,11.3526010778917,9.63842323125344
13.77751961066,12.3244958834711,11.3705755832099,9.65301414603658
13.8027398246387,12.3443815925742,11.3885783125815,9.66762651525653
13.8280105062317,12.3642993454241,11.4066093177106,9.68226037585901
13.8533317654833,12.3842492020477,11.4246686504082,9.69691576486169
13.8787037126959,12.4042312225984,11.4427563625921,9.71159271935448
13.9041264584321,12.4242454673573,11.4608725062889,9.72629127650098
13.929600113514,12.4442919967329,11.4790171336328,9.74101147353749
13.9551247890263,12.4643708712613,11.4971902968661,9.75575334777325
13.9807005963133,12.4844821516063,11.5153920483395,9.77051693659084
14.0063276469827,12.5046258985603,11.5336224405126,9.78530227744656
14.0320060529046,12.5248021730444,11.5518815259543,9.80010940787037
14.0577359262139,12.5450110361086,11.5701693573422,9.81493836546559
14.0835173793076,12.5652525489315,11.5884859874633,9.82978918790981
14.1093505248491,12.585526772822,11.6068314692147,9.84466191295468
14.1352354757674,12.6058337692186,11.6252058556036,9.85955657842628
14.1611723452564,12.6261735996893,11.6436091997468,9.87447322222468
14.1871612467785,12.6465463259329,11.6620415548718,9.88941188232472
14.2132022940629,12.6669520097794,11.6805029743173,9.90437259677639
14.2392956011068,12.6873907131886,11.6989935115319,9.91935540370368
14.265441282176,12.7078624982526,11.7175132200766,9.93436034130671
14.2916394518071,12.7283674271949,11.7360621536233,9.94938744786023
14.3178902248061,12.7489055623702,11.7546403659551,9.96443676171399
14.3441937162497,12.7694769662663,11.773247910968,9.97950832129413
14.3705500414867,12.7900817015029,11.7918848426697,9.99460216510203
14.3969593161381,12.8107198308331,11.8105512151807,10.0097183317152
14.4234216560979,12.831391417142,11.8292470827334,10.0248568597864
14.4499371775327,12.8520965234494,11.8479724996744,10.0400177880458
14.4765059968856,12.8728352129079,11.8667275204624,10.0552011552988
14.5031282308729,12.8936075488049,11.8855121996707,10.0704070004284
14.5298039964869,12.914413594561,11.904326591985,10.0856353623931
14.556533410997,12.9352534137326,11.9231707522062,10.100886280229
14.5833165919491,12.9561270700107,11.9420447352491,10.1161597930495
14.6101536571666,12.9770346272211,11.9609485961426,10.1314559400443
14.6370447247527,12.9979761493255,11.9798823900308,10.1467747604808
14.6639899130883,13.0189517004219,11.9988461721732,10.1621162937045
14.6909893408347,13.0399613447437,12.0178399979435,10.1774805791376
14.7180431269341,13.0610051466613,12.0368639228319,10.1928676562808
14.74515139061,13.0820831706822,12.0559180024445,10.2082775647129
14.7723142513674,13.1031954814501,12.0750022925025,10.22371034409
14.7995318289946,13.124342143747,12.0941168488443,10.2391660341475
14.8268042435624,13.1455232224927,12.1132617274252,10.2546446746993
14.8541316154268,13.166738782744,12.1324369843159,10.2701463056367
14.8815140652285,13.1879888896978,12.1516426757061,10.2856709669317
14.9089517138927,13.2092736086884,12.1708788579016,10.3012186986341
14.9364446826321,13.2305930051895,12.1901455873262,10.316789540873
14.9639930929458,13.2519471448147,12.2094429205222,10.3323835338575
14.9915970666204,13.2733360933162,12.2287709141491,10.3480007178754
15.0192567257317,13.2947599165872,12.2481296249856,10.3636411332947
15.0469721926445,13.316218680661,12.2675191099291,10.3793048205631
15.0747435900124,13.337712451711,12.2869394259956,10.3949918202085
15.1025710407807,13.3592412960523,12.3063906303208,10.4107021728388
15.1304546681864,13.3808052801411,12.3258727801599,10.4264359191426
15.1583945957572,13.4024044705748,12.3453859328875,10.4421930998885
15.1863909473146,13.4240389340933,12.3649301459987,10.4579737559263
15.2144438469742,13.4457087375787,12.3845054771091,10.4737779281868
15.2425534191442,13.4674139480553,12.4041119839544,10.4896056576813
15.2707197885286,13.4891546326908,12.4237497243918,10.505456985503
15.2989430801281,13.5109308587959,12.4434187563992,10.5213319528261
15.3272234192386,13.5327426938251,12.4631191380763,10.5372306009066
15.3555609314548,13.5545902053768,12.4828509276445,10.5531529710823
15.3839557426673,13.5764734611933,12.5026141834467,10.5690991047724
15.412407979067,13.5983925291619,12.5224089639488,10.5850690434792
15.4409177671444,13.6203474773149,12.5422353277391,10.6010628287865
15.4694852336889,13.6423383738294,12.5620933335283,10.6170805023609
15.4981105057921,13.6643652870284,12.5819830401507,10.6331221059517
15.5267937108476,13.6864282853812,12.601904506564,10.6491876813911
15.5555349765506,13.7085274375023,12.621857791849,10.6652772705936
15.5843344309003,13.7306628121537,12.6418429552109,10.6813909155577
15.6131922021994,13.7528344782446,12.6618600559798,10.6975286583655
15.6421084190555,13.7750425048304,12.6819091536089,10.7136905411815
15.6710832103827,13.7972869611148,12.701990307677,10.7298766062548
15.7001167054004,13.8195679164496,12.7221035778882,10.7460868959182
15.729209033636,13.8418854403348,12.742249024072,10.7623214525887
15.7583603249237,13.8642396024185,12.7624267061826,10.7785803187672
15.7875707094073,13.8866304724985,12.7826366843011,10.7948635370394
15.8168403175399,13.9090581205217,12.8028790186346,10.8111711500755
15.8461692800851,13.9315226165848,12.8231537695168,10.8275032006307
15.8755577281163,13.9540240309339,12.8434609974078,10.8438597315447
15.9050057930204,13.9765624339662,12.8638007628951,10.8602407857427
15.9345136064961,13.9991378962295,12.8841731266937,10.8766464062356
15.9640813005551,14.0217504884222,12.9045781496458,10.8930766361189
15.993709007524,14.0444002813945,12.9250158927219,10.9095315185747
16.023396860044,14.0670873461488,12.9454864170211,10.9260110968709
16.0531449910722,14.0898117538382,12.96598978377,10.9425154143608
16.0829535338817,14.1125735757699,12.9865260543251,10.9590445144849
16.1128226220637,14.1353728834032,13.0070952901718,10.9755984407698
16.1427523895276,14.15820974835,13.027697552924,10.9921772368281
16.172742970501,14.1810842423766,13.0483329043265,11.0087809463602
16.2027944995322,14.203996437403,13.0690014062535,11.025409613153
16.2329071114895,14.2269464055033,13.0897031207099,11.042063281081
16.2630809415625,14.2499342189059,13.1104381098304,11.0587419941053
16.2933161252627,14.2729599499946,13.1312064358815,11.0754457962756
16.3236127984261,14.2960236713083,13.1520081612602,11.0921747317284
16.3539710972111,14.319125455542,13.1728433484958,11.1089288446892
16.384391158101,14.3422653755456,13.1937120602481,11.1257081794704
16.4148731179045,14.3654435043267,13.2146143593103,11.1425127804738
16.4454171137573,14.3886599150489,13.2355503086075,11.1593426921895
16.4760232831215,14.4119146810328,13.2565199711969,11.1761979591954
16.5066917637868,14.4352078757571,13.2775234102697,11.1930786261598
16.5374226938731,14.4585395728579,13.2985606891498,11.209984737839
16.5682162118283,14.4819098461292,13.3196318712944,11.2269163390787
16.5990724564311,14.5053187695244,13.3407370202954,11.2438734748147
16.6299915667929,14.5287664171553,13.3618761998785,11.2608561900718
16.660973682355,14.5522528632926,13.3830494739034,11.2778645299648
16.6920189428927,14.5757781823675,13.4042569063656,11.2948985396989
16.7231274885157,14.5993424489711,13.4254985613952,11.3119582645694
16.7542994596667,14.6229457378538,13.446774503257,11.3290437499613
16.7855349971255,14.6465881239288,13.4680847963534,11.346155041352
16.8168342420072,14.6702696822684,13.4894295052208,11.3632921843077
16.8481973357644,14.6939904881076,13.5108086945332,11.3804552244868
16.8796244201884,14.7177506168431,13.5322224291009,11.3976442076387
16.9111156374073,14.7415501440336,13.553670773871,11.4148591796041
16.9426711298906,14.7653891454007,13.5751537939282,11.4321001863155
16.9742910404492,14.789267696829,13.5966715544947,11.449367273797
17.0059755122325,14.8131858743662,13.6182241209303,11.4666604881649
17.037724688735,14.8371437542242,13.6398115587335,11.4839798756274
17.0695387137938,14.8611414127789,13.661433933541,11.5013254824854
17.1014177315884,14.8851789265703,13.6830913111282,11.5186973551322
17.1333618866444,14.9092563723041,13.7047837574103,11.5360955400543
17.1653713238345,14.9333738268509,13.7265113384415,11.5535200838306
17.1974461883757,14.9575313672466,13.7482741204154,11.5709710331332
17.2295866258331,14.9817290706938,13.7700721696667,11.5884484347285
17.2617927821218,15.005967014561,13.7919055526697,11.6059523354753
17.2940648035044,15.0302452763844,13.8137743360402,11.6234827823272
17.3264028365942,15.0545639338662,13.8356785865341,11.641039822331
17.358807028356,15.0789230648769,13.8576183710493,11.6586235026281
17.3912775261055,15.1033227474552,13.8795937566257,11.6762338704546
17.4238144775135,15.1277630598077,13.9016048104447,11.6938709731404
17.4564180306012,15.1522440803098,13.92365159983,11.7115348581108
17.4890883337469,15.1767658875065,13.9457341922484,11.7292255728861
17.5218255356845,15.2013285601119,13.9678526553095,11.7469431650816
17.5546297855021,15.2259321770101,13.9900070567662,11.764687682408
17.5875012326476,15.2505768172556,14.012197464515,11.7824591726717
17.6204400269264,15.275262560074,14.0344239465967,11.800257683775
17.6534463185015,15.2999894848613,14.056686571196,11.8180832637162
17.6865202578981,15.3247576711855,14.0789854066424,11.8359359605897
17.7196619960012,15.3495671987864,14.1013205214105,11.8538158225865
17.7528716840582,15.3744181475765,14.1236919841203,11.8717228979944
17.7861494736786,15.39931059764,14.1460998635368,11.8896572351974
17.8194955168364,15.4242446292351,14.1685442285713,11.9076188826772
17.8529099658698,15.4492203227934,14.1910251482818,11.9256078890126
17.8863929734827,15.4742377589204,14.2135426918727,11.9436243028802
17.9199446927449,15.4992970183954,14.2360969286947,11.9616681730534
17.9535652770942,15.5243981821732,14.2586879282468,11.9797395484045
17.9872548803374,15.5495413313832,14.2813157601751,11.9978384779033
18.0210136566491,15.5747265473303,14.3039804942734,12.0159650106179
18.0548417605749,15.5999539114956,14.3266822004842,12.0341191957152
18.0887393470321,15.6252235055368,14.3494209488989,12.0523010824609
18.1227065713082,15.6505354112875,14.3721968097572,12.0705107202195
18.1567435890659,15.6758897107591,14.3950098534483,12.0887481584545
18.1908505563416,15.7012864861408,14.4178601505115,12.107013446729
18.2250276295445,15.726725819799,14.4407477716355,12.1253066347056
18.2592749654617,15.7522077942791,14.4636727876598,12.1436277721469
18.2935927212574,15.7777324923053,14.4866352695743,12.1619769089153
18.3279810544716,15.8032999967804,14.5096352885199,12.1803540949733
18.3624401230255,15.8289103907874,14.5326729157887,12.1987593803839
18.3969700852173,15.8545637575896,14.5557482228253,12.2171928153114
18.4315710997283,15.8802601806301,14.5788612812254,12.23565445002
18.4662433256201,15.9059997435337,14.6020121627381,12.2541443348761
18.5009869223371,15.9317825301052,14.6252009392638,12.272662520346
18.5358020497076,15.9576086243323,14.6484276828571,12.2912090569986
18.5706888679448,15.9834781103847,14.6716924657261,12.3097839955042
18.6056475376453,16.0093910726142,14.694995360232,12.3283873866353
18.6406782197952,16.0353475955557,14.7183364388904,12.3470192812658
18.6757810757663,16.0613477639282,14.7417157743719,12.3656797303733
18.7109562673182,16.0873916626334,14.7651334395011,12.3843687850369
18.7462039566022,16.113479376758,14.7885895072582,12.4030864964388
18.7815243061586,16.1396109915736,14.8120840507792,12.4218329158647
18.8169174789186,16.1657865925361,14.8356171433554,12.4406080947028
18.8523836382066,16.1920062652877,14.859188858435,12.4594120844457
18.8879229477414,16.2182700956563,14.8827992696224,12.4782449366891
18.9235355716333,16.2445781696557,14.9064484506786,12.4971067031325
18.9592216743918,16.2709305734881,14.9301364755232,12.5159974355805
18.9949814209197,16.2973273935409,14.9538634182319,12.5349171859409
19.0308149765186,16.3237687163908,14.9776293530395,12.5538660062269
19.0667225068888,16.3502546288021,15.001434354339,12.5728439485564
19.1027041781288,16.3767852177272,15.0252784966817,12.591851065152
19.1387601567389,16.4033605703082,15.0491618547784,12.6108874083419
19.1748906096204,16.4299807738768,15.0730845034998,12.6299530305601
19.2110957040764,16.4566459159536,15.0970465178752,12.6490479843454
19.2473756078149,16.4833560842503,15.1210479730952,12.6681723223433
19.2837304889474,16.5101113666696,15.145088944511,12.6873260973057
19.3201605159908,16.5369118513047,15.1691695076338,12.7065093620902
19.3566658578697,16.5637576264406,15.1932897381368,12.7257221696612
19.393246683916,16.5906487805551,15.2174497118551,12.7449645730905
19.4299031638685,16.6175854023176,15.2416495047851,12.7642366255566
19.4666354678787,16.6445675805909,15.2658891930858,12.7835383803449
19.5034437665066,16.6715954044315,15.2901688530794,12.8028698908493
19.5403282307253,16.6986689630898,15.3144885612514,12.8222312105711
19.5772890319197,16.7257883460096,15.3388483942494,12.8416223931189
19.6143263418886,16.7529536428307,15.3632484288867,12.8610434922107
19.6514403328471,16.7801649433874,15.3876887421397,12.8804945616721
19.6886311774255,16.8074223377101,15.41216941115,12.8999756554381
19.7258990486701,16.8347259160248,15.4366905132236,12.9194868275519
19.7632441200473,16.8620757687545,15.4612521258324,12.9390281321662
19.8006665654415,16.8894719865197,15.4858543266141,12.9585996235436
19.8381665591566,16.9169146601372,15.510497193372,12.9782013560555
19.8757442759194,16.9444038806227,15.5351808040764,12.9978333841837
19.9133998908792,16.9719397391904,15.5599052368645,13.01749576252
19.9511335796065,16.9995223272526,15.5846705700402,13.0371885457664
19.9889455180985,17.0271517364217,15.6094768820758,13.0569117887357
20.0268358827773,17.0548280585096,15.634324251611,13.0766655463513
20.0648048504922,17.0825513855286,15.6592127574548,13.096449873648
20.1028525985188,17.1103218096913,15.6841424785835,13.1162648257713
20.1409793045635,17.1381394234119,15.7091134941439,13.1361104579787
20.1791851467611,17.1660043193064,15.7341258834521,13.1559868256394
20.217470303679,17.1939165901929,15.7591797259939,13.1758939842346
20.2558349543147,17.2218763290914,15.7842751014253,13.1958319893575
20.2942792781008,17.2498836292257,15.8094120895732,13.2158008967139
20.332803454904,17.2779385840233,15.834590770436,13.2358007621226
20.371407665025,17.3060412871146,15.8598112241828,13.2558316415149
20.4100920892025,17.3341918323357,15.8850735311553,13.2758935909356
20.448856908613,17.3623903137275,15.9103777718674,13.2959866665431
20.4877023048706,17.3906368255352,15.9357240270049,13.3161109246089
20.5266284600301,17.4189314622112,15.9611123774276,13.3362664215189
20.565635556588,17.447274318414,15.9865429041686,13.3564532137731
20.6047237774809,17.4756654890083,16.0120156884341,13.3766713579858
20.6438933060907,17.5041050690668,16.0375308116054,13.396920910886
20.6831443262435,17.5325931538701,16.0630883552384,13.4172019293177
20.7224770222094,17.5611298389063,16.0886884010631,13.4375144702398
20.7618915787063,17.5897152198731,16.1143310309861,13.4578585907268
20.8013881809004,17.6183493926771,16.1400163270891,13.4782343479688
20.8409670144055,17.6470324534349,16.1657443716306,13.4986417992719
20.8806282652875,17.6757644984733,16.1915152470452,13.519081002058
20.9203721200607,17.7045456243293,16.2173290359447,13.5395520138657
20.9601987656943,17.7333759277516,16.2431858211182,13.5600548923497
21.0001083896101,17.7622555057009,16.2690856855334,13.5805896952826
21.040101179684,17.7911844553492,16.295028712335,13.601156480553
21.0801773242493,17.8201628740818,16.3210149848472,13.6217553061673
21.1203370120946,17.8491908594976,16.3470445865736,13.64238623025
21.1605804324678,17.8782685094079,16.3731176011959,13.6630493110425
21.2009077750754,17.9073959218392,16.399234112577,13.6837446069052
21.2413192300859,17.9365731950327,16.4253942047596,13.7044721763164
21.2818149881268,17.9658004274438,16.4515979619667,13.7252320778731
21.3223952402915,17.9950777177445,16.477845468603,13.7460243702911
21.3630601781356,18.0244051648229,16.5041368092546,13.7668491124059
21.4038099936795,18.0537828677827,16.5304720686888,13.7877063631712
21.4446448794124,18.0832109259466,16.5568513318568,13.8085961816619
21.4855650282887,18.112689438853,16.5832746838907,13.8295186270711
21.5265706337322,18.1422185062598,16.609742210107,13.8504737587135
21.5676618896382,18.1717982281433,16.6362539960055,13.8714616360233
21.6088389903705,18.2014287046984,16.6628101272696,13.8924823185556
21.6501021307673,18.2311100363402,16.6894106897676,13.9135358659866
21.6914515061403,18.2608423237043,16.7160557695527,13.9346223381136
21.7328873122752,18.2906256676458,16.7427454528624,13.9557417948546
21.7744097454336,18.3204601692422,16.769479826121,13.9768942962505
21.8160190023555,18.3503459297927,16.7962589759388,13.9980799024637
21.8577152802578,18.3802830508178,16.8230829891117,14.0192986737782
21.8994987768385,18.4102716340614,16.8499519526233,14.0405506706009
21.9413696902761,18.440311781491,16.8768659536447,14.0618359534618
21.9833282192304,18.4704035952967,16.9038250795337,14.083154583013
22.0253745628447,18.5005471778941,16.9308294178378,14.1045066200307
22.0675089207482,18.5307426319231,16.957879056292,14.125892125414
22.1097314930553,18.5609900602492,16.9849740828211,14.1473111601863
22.1520424803653,18.5912895659633,17.0121145855389,14.1687637854945
22.1944420837693,18.6216412523829,17.0393006527491,14.1902500626099
22.2369305048455,18.6520452230526,17.0665323729463,14.2117700529286
22.2795079456641,18.6825015817446,17.0938098348157,14.2333238179716
22.3221746087864,18.713010432458,17.1211331272329,14.2549114193841
22.3649306972674,18.7435718794216,17.1485023392663,14.2765329189378
22.4077764146575,18.7741860270929,17.1759175601761,14.2981883785295
22.4507119650009,18.8048529801583,17.2033788794143,14.3198778601816
22.4937375528407,18.835572843535,17.2308863866267,14.3416014260429
22.5368533832184,18.8663457223708,17.2584401716523,14.3633591383888
22.5800596616728,18.897171722044,17.2860403245237,14.3851510596212
22.6233565942462,18.928050948165,17.3136869354678,14.4069772522688
22.6667443874819,18.9589835065766,17.3413800949065,14.4288377789876
22.7102232484276,18.9899695033543,17.3691198934568,14.4507327025613
22.7537933846337,19.0210090448062,17.3969064219309,14.4726620859009
22.7974550041581,19.0521022374749,17.4247397713375,14.4946259920459
22.8412083155662,19.0832491881374,17.4526200328815,14.5166244841638
22.8850535279318,19.1144500038056,17.4805472979653,14.5386576255509
22.9289908508376,19.145704791726,17.5085216581875,14.5607254796319
22.9730204943786,19.1770136593821,17.5365432053457,14.5828281099609
23.0171426691624,19.2083767144939,17.5646120314355,14.6049655802218
23.0613575863097,19.2397940650175,17.5927282286505,14.6271379542269
23.1056654574559,19.2712658191479,17.6208918893846,14.6493452959199
23.1500664947551,19.3027920853175,17.6491031062306,14.671587669374
23.194560910876,19.3343729721974,17.6773619719812,14.6938651387924
23.2391489190086,19.3660085886984,17.7056685796302,14.7161777685101
23.2838307328637,19.3976990439711,17.7340230223723,14.7385256229922
23.3286065666712,19.4294444474059,17.7624253936031,14.7609087668356
23.3734766351867,19.4612449086348,17.7908757869207,14.7833272647686
23.4184411536894,19.4931005375315,17.8193742961256,14.8057811816516
23.4635003379832,19.5250114442105,17.8479210152202,14.8282705824767
23.5086544043999,19.5569777390304,17.8765160384113,14.8507955323689
23.5539035698006,19.5889995325921,17.9051594601086,14.8733560965853
23.5992480515746,19.6210769357406,17.9338513749266,14.8959523405167
23.6446880676442,19.6532100595653,17.9625918776842,14.9185843296867
23.6902238364614,19.6853990153997,17.9913810634051,14.9412521297522
23.7358555770145,19.7176439148237,18.020219027319,14.9639558065045
23.7815835088267,19.7499448696629,18.0491058648617,14.9866954258689
23.8274078519565,19.7823019919889,18.0780416716748,15.0094710539041
23.8733288270013,19.8147153941211,18.1070265436075,15.0322827568047
23.9193466550976,19.847185188627,18.1360605767172,15.0551306009005
23.9654615579227,19.8797114883208,18.1651438672671,15.0780146526546
24.0116737576957,19.9122944062672,18.1942765117306,15.1009349786674
24.0579834771801,19.9449340557798,18.2234586067896,15.1238916456747
24.1043909396826,19.9776305504214,18.2526902493345,15.1468847205476
24.150896369057,20.0103840040066,18.2819715364666,15.1699142702947
24.1974999897057,20.0431945306008,18.311302565497,15.1929803620608
24.2442020265778,20.07606224452,18.3406834339467,15.2160830631267
24.2910027051757,20.1089872603349,18.37011423955,15.2392224409126
24.3379022515514,20.1419696928665,18.3995950802506,15.2623985629737
24.3849008923108,20.175009657191,18.4291260542059,15.2856114970049
24.4319988546155,20.2081072686384,18.4587072597857,15.3088613108385
24.479196366181,20.2412626427923,18.4883387955721,15.3321480724448
24.5264936552824,20.2744758954928,18.5180207603617,15.3554718499332
24.5738909507531,20.3077471428358,18.5477532531653,15.3788327115526
24.621388481986,20.3410765011722,18.5775363732071,15.4022307256897
24.6689864789364,20.3744640871117,18.6073702199279,15.4256659608724
24.7166851721236,20.4079100175208,18.6372548929834,15.4491384857674
24.76448479263,20.4414144095236,18.6671904922446,15.4726483691816
24.8123855721053,20.474977380504,18.6971771178001,15.4961956800627
24.8603877427667,20.5085990481052,18.7272148699555,15.5197804874992
24.9084915373993,20.5422795302293,18.7573038492328,15.5434028607198
24.9566971893594,20.5760189450404,18.7874441563733,15.5670628690956
25.0050049325758,20.6098174109629,18.8176358923358,15.5907605821384
25.0534150015505,20.6436750466836,18.847879158299,15.6144960695028
25.1019276313585,20.6775919711508,18.8781740556602,15.6382694009846
25.150543057653,20.7115683035767,18.9085206860371,15.6620806465229
25.199261516665,20.7456041634365,18.9389191512678,15.685929876199
25.2480832452046,20.7796996704703,18.9693695534118,15.7098171602379
25.2970084806607,20.8138549446821,18.999871994749,15.7337425690075
25.3460374610074,20.8480701063417,19.030426577782,15.7577061730193
25.3951704248006,20.8823452759859,19.0610334052364,15.7817080429298
25.4444076111817,20.9166805744162,19.0916925800592,15.8057482495382
25.493749259879,20.951076122703,19.1224042054223,15.8298268637896
25.5431956112095,20.9855320421844,19.1531683847212,15.8539439567737
25.5927469060786,21.0200484544657,19.1839852215752,15.8780995997247
25.6424033859835,21.054625481423,19.2148548198294,15.9022938640232
25.6921652930148,21.089263245201,19.2457772835541,15.9265268211953
25.7420328698572,21.1239618682157,19.2767527170457,15.9507985429131
25.79200635979,21.1587214731528,19.3077812248265,15.9751091009948
25.8420860066902,21.1935421829706,19.3388629116465,15.9994585674062
25.8922720550343,21.2284241208994,19.3699978824831,16.0238470142593
25.942564749899,21.2633674104428,19.4011862425419,16.0482745138143
25.9929643369616,21.2983721753765,19.4324280972562,16.0727411384777
26.0434710625048,21.3334385397514,19.463723552289,16.0972469608049
26.0940851734149,21.3685666278935,19.4950727135332,16.1217920534998
26.1448069171839,21.4037565644029,19.526475687111,16.146376489414
26.195636541914,21.4390084741567,19.5579325793757,16.1710003415485
26.2465742963162,21.4743224823086,19.5894434969118,16.1956636830535
26.2976204297109,21.5096987142887,19.621008546535,16.2203665872285
26.3487751920334,21.5451372958059,19.6526278352933,16.2451091275226
26.4000388338326,21.5806383528479,19.6843014704684,16.2698913775361
26.4514116062727,21.6162020116802,19.7160295595731,16.2947134110178
26.5028937611356,21.6518283988494,19.747812210356,16.3195753018691
26.5544855508234,21.6875176411824,19.779649530799,16.3444771241415
26.6061872283563,21.7232698657863,19.8115416291184,16.3694189520378
26.6579990473788,21.7590852000512,19.8434886137667,16.3944008599129
26.7099212621583,21.7949637716488,19.8754905934318,16.4194229222735
26.7619541275872,21.8309057085343,19.9075476770381,16.4444852137788
26.8140978991866,21.8669111389466,19.939659973747,16.4695878092402
26.8663528331032,21.9029801914081,19.9718275929567,16.4947307836222
26.9187191861162,21.9391129947274,20.0040506443039,16.5199142120426
26.9711972156361,21.9753096779985,20.0363292376643,16.5451381697733
27.0237871797057,22.0115703706008,20.0686634831512,16.570402732239
27.0764893370044,22.0478952022015,20.1010534911186,16.5957079750191
27.1293039468477,22.0842843027559,20.1334993721607,16.6210539738481
27.1822312691878,22.1207378025062,20.1660012371114,16.6464408046145
27.2352715646186,22.1572558319846,20.1985591970466,16.6718685433623
27.2884250943759,22.1938385220131,20.231173363284,16.6973372662914
27.3416921203362,22.2304860037029,20.2638438473826,16.7228470497565
27.3950729050228,22.267198408457,20.2965707611451,16.7483979702694
27.4485677116054,22.3039758679699,20.3293542166173,16.7739901044978
27.5021768039016,22.3408185142285,20.3621943260893,16.7996235292668
27.555900446377,22.377726479512,20.3950912020945,16.8252983215575
27.6097389041517,22.4146998963938,20.4280449574122,16.8510145585093
27.6636924429959,22.4517388977415,20.4610557050674,16.8767723174193
27.7177613293376,22.4888436167182,20.4941235583309,16.9025716757425
27.7719458302579,22.526014186781,20.5272486307194,16.9284127110918
27.8262462134982,22.563250741685,20.560431035998,16.9542955012397
27.8806627474601,22.6005534154821,20.5936708881791,16.9802201241174
27.9351957012039,22.6379223425206,20.6269683015228,17.0061866578151
27.9898453444555,22.6753576574485,20.660323390539,17.0321951805833
28.044611947606,22.7128594952129,20.6937362699867,17.0582457708323
28.0994957817106,22.7504279910593,20.727207054874,17.0843385071324
28.1544971184947,22.7880632805346,20.7607358604608,17.1104734682149
28.2096162303538,22.8257654994874,20.7943228022577,17.1366507329727
28.2648533903533,22.8635347840663,20.8279679960262,17.1628703804587
28.3202088722334,22.901371270724,20.861671557781,17.1891324898887
28.3756829504093,22.9392750962157,20.895433603789,17.2154371406401
28.4312758999735,22.9772463976009,20.929254250571,17.2417844122527
28.4869879966954,23.0152853122426,20.9631336149005,17.2681743844283
28.5428195170257,23.0533919778103,20.9970718138068,17.2946071370329
28.5987707380975,23.0915665322787,21.0310689645736,17.3210827500951
28.6548419377282,23.1298091139299,21.0651251847404,17.3476013038075
28.7110333944184,23.1681198613521,21.0992405921024,17.374162878526
28.7673453873576,23.2064989134428,21.1334153047121,17.400767554772
28.8237781964252,23.2449464094079,21.1676494408796,17.427415413231
28.880332102189,23.283462488762,21.2019431191715,17.454106534753
28.9370073859117,23.3220472913309,21.2362964584142,17.4808410003541
28.9938043295494,23.3607009572512,21.2707095776931,17.5076188912163
29.0507232157531,23.39942362697,21.3051825963521,17.5344402886867
29.1077643278738,23.4382154412478,21.3397156339963,17.5613052742794
29.1649279499614,23.4770765411584,21.3743088104919,17.5882139296756
29.2222143667663,23.5160070680877,21.4089622459648,17.6151663367223
29.279623863743,23.5550071637374,21.4436760608044,17.642162577435
29.3371567270518,23.5940769701247,21.4784503756626,17.6692027339971
29.3948132435572,23.6332166295805,21.5132853114525,17.6962868887585
29.4525937008365,23.6724262847553,21.548180989354,17.7234151242397
29.5104983871729,23.7117060786146,21.5831375308085,17.7505875231284
29.5685275915651,23.7510561544428,21.6181550575236,17.777804168282
29.6266816037258,23.7904766558435,21.6532336914722,17.8050651427273
29.6849607140806,23.8299677267385,21.6883735548929,17.8323705296607
29.7433652137759,23.8695295113711,21.7235747702912,17.8597204124489
29.8018953946773,23.9091621543052,21.7588374604401,17.8871148746294
29.8605515493701,23.9488658004259,21.7941617483797,17.9145539999098
29.9193339711646,23.988640594941,21.8295477574188,17.9420378721694
29.9782429540963,24.028486683382,21.864995611136,17.9695665754593
30.0372787929252,24.0684042116032,21.9005054333781,17.9971401940017
30.096441783143,24.1083933257843,21.936077348263,18.0247588121915
30.1557322209713,24.1484541724308,21.9717114801797,18.0524225145965
30.2151504033628,24.1885868983725,22.0074079537875,18.0801313859566
30.2746966280062,24.2287916507678,22.0431668940185,18.1078855111855
30.3343711933262,24.269068577102,22.0789884260773,18.1356849753705
30.394174398485,24.3094178251889,22.1148726754418,18.1635298637731
30.4541065433867,24.3498395431715,22.1508197678636,18.1914202618287
30.5141679286743,24.3903338795217,22.1868298293682,18.2193562551472
30.5743588557369,24.4309009830431,22.2229029862571,18.2473379295143
30.6346796267092,24.4715410028705,22.2590393651071,18.2753653708908
30.6951305444722,24.5122540884696,22.2952390927706,18.3034386654127
30.755711912658,24.5530403896401,22.3315022963774,18.3315578993925
30.8164240356502,24.5939000565155,22.3678291033354,18.3597231593197
30.8772672185836,24.6348332395622,22.4042196413291,18.3879345318594
30.9382417673501,24.6758400895831,22.4406740383231,18.4161921038551
30.9993479886004,24.7169207577166,22.4771924225608,18.444495962327
31.0605861897402,24.7580753954369,22.5137749225649,18.4728461944734
31.1219566789396,24.7993041545566,22.5504216671397,18.5012428876709
31.183459765131,24.8406071872261,22.5871327853701,18.5296861294748
31.2450957580118,24.881984645935,22.6239084066233,18.5581760076194
31.3068649680453,24.9234366835116,22.6607486605479,18.5867126100178
31.368767706465,24.9649634531255,22.6976536770765,18.6152960247632
31.4308042852755,25.0065651082874,22.7346235864248,18.6439263401286
31.492975017253,25.0482418028506,22.7716585190938,18.6726036445684
31.5552802159488,25.0899936910093,22.8087586058677,18.7013280267159
31.6177201956914,25.1318209273031,22.8459239778176,18.7300995753871
31.6802952715887,25.1737236666157,22.8831547663008,18.7589183795791
31.7430057595278,25.2157020641743,22.9204511029601,18.78778452847
31.8058519761794,25.2577562755539,22.9578131197271,18.8166981114213
31.8688342390003,25.2998864566756,22.9952409488213,18.8456592179766
31.9319528662307,25.3420927638071,23.0327347227499,18.8746679378621
31.9952081769023,25.3843753535652,23.0702945743105,18.9037243609878
32.0586004908381,25.426734382916,23.1079206365907,18.9328285774473
32.1221301286508,25.4691700091741,23.1456130429675,18.9619806775179
32.1857974117505,25.5116823900058,23.1833719271104,18.9911807516615
32.2496026623432,25.5542716834286,23.2211974229805,19.0204288905251
32.313546203435,25.5969380478125,23.2590896648316,19.0497251849406
32.3776283588301,25.6396816418792,23.2970487872097,19.0790697259251
32.4418494531386,25.6825026247053,23.3350749249555,19.1084626046818
32.506209811774,25.7254011557219,23.3731682132043,19.1379039126005
32.5707097609582,25.7683773947156,23.4113287873863,19.1673937412575
32.63534962772,25.8114315018279,23.4495567832268,19.1969321824152
32.7001297399011,25.8545636375589,23.4878523367485,19.2265193280248
32.7650504261565,25.8977739627661,23.5262155842711,19.2561552702246
32.8301120159556,25.9410626386643,23.5646466624107,19.2858401013402
32.8953148395856,25.9844298268293,23.6031457080835,19.315573913887
32.9606592281541,26.0278756891969,23.6417128585041,19.3453568005688
33.0261455135879,26.0714003880626,23.6803482511859,19.3751888542781
33.09177402864,26.1150040860851,23.7190520239438,19.4050701680975
33.1575451068888,26.1586869462857,23.7578243148935,19.4350008353
33.2234590827384,26.2024491320479,23.7966652624516,19.4649809493478
33.2895162914248,26.2462908071208,23.8355750053377,19.4950106038949
33.3557170690171,26.2902121356185,23.8745536825747,19.5250898927862
33.4220617524149,26.3342132820193,23.9136014334873,19.5552189100571
33.4885506793585,26.3782944111716,23.9527183977078,19.5853977499371
33.5551841884243,26.4224556882876,23.9919047151697,19.6156265068449
33.6219626190284,26.4666972789506,24.031160526115,19.6459052753946
33.6888863114332,26.5110193491122,24.0704859710908,19.6762341503919
33.7559556067416,26.5554220650932,24.1098811909506,19.7066132268359
33.8231708469067,26.5999055935867,24.1493463268568,19.7370425999197
33.8905323747302,26.6444701016572,24.1888815202798,19.7675223650311
33.9580405338634,26.6891157567408,24.2284869129981,19.7980526177514
34.0256956688141,26.7338427266476,24.2681626471004,19.828633453857
34.0934981249437,26.778651179563,24.3079088649869,19.8592649693211
34.161448248472,26.8235412840451,24.3477257093663,19.8899472603099
34.2295463864785,26.86851320903,24.3876133232613,19.9206804231882
34.297792886907,26.9135671238298,24.427571850006,19.9514645545159
34.3661880985625,26.9587031981335,24.4676014332471,19.9822997510496
34.4347323711194,27.0039216020097,24.5077022169457,20.0131861097439
34.5034260551197,27.0492225059055,24.5478743453774,20.0441237277507
34.5722695019769,27.0946060806487,24.5881179631324,20.0751127024197
34.6412630639788,27.1400724974479,24.6284332151173,20.1061531312992
34.7104070942856,27.1856219278926,24.6688202465542,20.1372451121359
34.7797019469385,27.2312545439564,24.709279202983,20.1683887428761
34.8491479768579,27.2769705179962,24.7498102302621,20.199584121666
34.9187455398453,27.322770022752,24.7904134745666,20.2308313468501
34.9884949925872,27.3686532313504,24.8310890823926,20.2621305169751
35.0583966926592,27.4146203173042,24.8718372005554,20.2934817307875
35.1284509985213,27.4606714545116,24.9126579761903,20.3248850872345
35.1986582695284,27.5068068172606,24.9535515567552,20.3563406854658
35.2690188659281,27.5530265802272,24.9945180900295,20.3878486248328
35.339533148863,27.5993309184759,25.0355577241142,20.4194090048879
35.4102014803745,27.645720007463,25.0766706074351,20.4510219253877
35.4810242234039,27.6921940230359,25.1178568887418,20.4826874862912
35.5520017417961,27.7387531414345,25.159116717109,20.5144057877616
35.6231344002996,27.7853975392899,25.2004502419352,20.5461769301641
35.694422564571,27.8321273936293,25.241857612947,20.57800101407
35.7658666011766,27.8789428818739,25.2833389801971,20.6098781402544
35.8374668775944,27.9258441818409,25.3248944940665,20.6418084096981
35.9092237622156,27.9728314717431,25.3665243052631,20.673791923586
35.9811376243498,28.0199049301916,25.4082285648251,20.70582878331
36.0532088342242,28.0670647361965,25.4500074241205,20.7379190904685
36.1254377629867,28.1143110691653,25.4918610348465,20.7700629468648
36.19782478271,28.1616441089071,25.5337895490327,20.8022604545111
36.2703702663933,28.2090640356318,25.5757931190404,20.8345117156259
36.3430745879605,28.2565710299503,25.6178718975626,20.8668168326359
36.4159381222698,28.3041652728775,25.6600260376267,20.8991759081761
36.488961245112,28.3518469458317,25.7022556925941,20.9315890450899
36.5621443332104,28.3996162306348,25.7445610161596,20.9640563464296
36.6354877642286,28.4474733095152,25.7869421623551,20.9965779154573
36.7089919167697,28.4954183651074,25.8293992855477,21.0291538556447
36.7826571703801,28.5434515804538,25.8719325404424,21.0617842706739
36.8564839055478,28.5915731390035,25.9145420820804,21.0944692644374
36.9304725037119,28.6397832246157,25.9572280658422,21.1272089410385
37.0046233472593,28.6880820215598,25.9999906474476,21.1600034047925
37.0789368195302,28.736469714516,26.0428299829559,21.1928527602265
37.1534133048169,28.7849464885754,26.0857462287664,21.225757112079
37.2280531883708,28.8335125292427,26.1287395416204,21.2587165653021
37.3028568564033,28.8821680224366,26.1718100786015,21.2917312250607
37.3778246960842,28.930913154489,26.2149579971348,21.3248011967326
37.4529570955502,28.9797481121485,26.2581834549901,21.3579265859104
37.5282544439062,29.02867308258,26.3014866102811,21.3911074984002
37.6037171312213,29.0776882533647,26.3448676214659,21.4243440402229
37.6793455485406,29.126793812503,26.3883266473488,21.4576363176148
37.7551400878821,29.1759899484148,26.4318638470809,21.4909844370277
37.8311011422386,29.2252768499384,26.4754793801594,21.5243885051287
37.9072291055844,29.2746547063347,26.5191734064302,21.5578486288017
37.9835243728748,29.3241237072864,26.5629460860881,21.5913649151475
38.059987340046,29.3736840428972,26.6067975796758,21.624937471483
38.1366184040264,29.4233359036983,26.6507280480889,21.6585664053446
38.2134179627282,29.4730794806416,26.6947376525707,21.6922518244842
38.2903864150572,29.5229149651072,26.7388265547184,21.7259938368739
38.3675241609144,29.5728425489015,26.7829949164812,21.7597925507041
38.4448316011942,29.622862424257,26.8272429001603,21.7936480743838
38.5223091377925,29.6729747838365,26.871570668412,21.8275605165422
38.5999571736078,29.7231798207315,26.9159783842471,21.8615299860284
38.6777761125386,29.7734777284631,26.960466211031,21.8955565919115
38.7557663594938,29.8238687009849,27.005034312486,21.929640443482
38.8339283203911,29.8743529326829,27.0496828526918,21.9637816502518
38.9122624021576,29.9249306183746,27.0944119960841,21.9979803219534
38.9907690127366,29.9756019533134,27.1392219074587,22.0322365685425
39.0694485610897,30.0263671331878,27.1841127519702,22.066550500197
39.1483014571946,30.0772263541206,27.2290846951319,22.1009222273169
39.227328112053,30.1281798126734,27.2741379028195,22.1353518605266
39.3065289376921,30.1792277058452,27.3192725412693,22.1698395106737
39.3859043471642,30.2303702310743,27.3644887770805,22.2043852888304
39.4654547545547,30.2816075862386,27.4097867772149,22.2389893062931
39.5451805749767,30.3329399696562,27.4551667089974,22.2736516745829
39.6250822245826,30.384367580088,27.5006287401185,22.3083725054468
39.7051601205619,30.4358906167381,27.5461730386341,22.3431519108578
39.7854146811413,30.4875092792526,27.5917997729651,22.3779900030144
39.8658463255942,30.5392237677238,27.6375091119,22.4128868943422
39.9464554742384,30.59103428269,27.6833012245957,22.4478426974946
40.0272425484381,30.6429410251347,27.7291762805758,22.4828575253511
40.1082079706111,30.69494419649,27.7751344497343,22.5179314910199
40.1893521642283,30.7470439986374,27.8211759023355,22.5530647078381
40.2706755538144,30.7992406339061,27.867300809013,22.5882572893703
40.3521785649562,30.8515343050773,27.9135093407731,22.6235093494109
40.4338616242999,30.9039252153836,27.9598016689943,22.6588210019845
40.5157251595579,30.9564135685107,28.0061779654286,22.6941923613454
40.5977695995063,31.0089995685959,28.0526384022003,22.7296235419776
40.6799953739945,31.0616834202331,28.0991831518099,22.7651146585966
40.7624029139422,31.1144653284707,28.1458123871329,22.8006658261495
40.844992651346,31.1673454988145,28.1925262814215,22.8362771598149
40.9277650192762,31.2203241372263,28.2393250083039,22.8719487750032
41.0107204518881,31.2734014501278,28.2862087417869,22.9076807873577
41.0938593844193,31.3265776444002,28.3331776562562,22.9434733127551
41.1771822531907,31.3798529273835,28.3802319264757,22.9793264673043
41.2606894956141,31.4332275068815,28.427371727591,23.0152403673497
41.3443815501942,31.4867015911594,28.4745972351281,23.051215129469
41.4282588565262,31.5402753889451,28.521908624994,23.0872508704742
41.5123218553048,31.5939491094325,28.5693060734797,23.1233477074136
41.596570988325,31.6477229622808,28.6167897572593,23.1595057575707
41.6810066984813,31.7015971576145,28.66435985339,23.1957251384643
41.7656294297768,31.7555719060266,28.712016539315,23.2320059678502
41.8504396273211,31.8096474185788,28.7597599928634,23.2683483637211
41.935437737336,31.8638239068026,28.807590392251,23.3047524443073
42.0206242071542,31.9181015826984,28.8555079160797,23.3412183280755
42.1059994852276,31.9724806587399,28.9035127433411,23.377746133732
42.1915640211266,32.0269613478728,28.9516050534155,23.4143359802209
42.2773182655444,32.0815438635174,28.9997850260733,23.4509879867261
42.3632626702971,32.1362284195662,29.0480528414742,23.4877022726694
42.4493976883307,32.1910152303899,29.0964086801709,23.5244789577138
42.535723773722,32.2459045108354,29.1448527231084,23.5613181617627
42.6222413816789,32.3008964762258,29.1933851516234,23.598220004959
42.7089509685482,32.3559913423644,29.2420061474474,23.6351846076876
42.7958529918157,32.411189325535,29.2907158927077,23.6722120905756
42.882947910107,32.4664906424998,29.3395145699249,23.7093025744906
42.9702361831955,32.5218955105048,29.3884023620174,23.7464561805434
43.0577182720019,32.577404147279,29.4373794523015,23.7836730300888
43.1453946385953,32.6330167710337,29.4864460244894,23.8209532447227
43.2332657462011,32.6887336004666,29.5356022626938,23.8582969462865
43.3213320592019,32.7445548547615,29.584848351427,23.8957042568653
43.4095940431352,32.8004807535871,29.6341844756,23.9331752987877
43.498052164707,32.8565115171045,29.6836108205288,23.9707101946305
43.5867068917836,32.9126473659593,29.7331275719275,24.0083090672122
43.6755586934026,32.96888852129,29.7827349159155,24.0459720395994
43.7646080397725,33.0252352047262,29.8324330390158,24.083699235105
43.8538554022733,33.0816876383883,29.882222128155,24.1214907772877
43.943301253465,33.1382460448916,29.9321023706662,24.1593467899542
44.032946067088,33.1949106473456,29.9820739542889,24.1972673971591
44.1227903180617,33.2516816693542,30.0321370671687,24.2352527232044
44.2128344824963,33.3085593350188,30.0822918978599,24.2733028926407
44.303079037689,33.3655438689391,30.1325386353265,24.3114180302688
44.3935244621269,33.4226354962112,30.1828774689398,24.3495982611371
44.4841712354964,33.4798344424324,30.2333085884833,24.3878437105445
44.5750198386785,33.5371409337021,30.2838321841529,24.4261545040418
44.6660707537559,33.5945551966181,30.3344484465534,24.4645307674277
44.7573244640165,33.6520774582839,30.3851575667053,24.5029726267538
44.8487814539532,33.7097079463064,30.4359597360425,24.5414802083237
44.9404422092723,33.7674468887977,30.4868551464135,24.5800536386922
45.0323072168884,33.8252945143747,30.5378439900815,24.6186930446665
45.124376964936,33.8832510521628,30.5889264597271,24.657398553307
45.2166519427678,33.9413167317956,30.6401027484478,24.6961702919275
45.3091326409595,33.9994917834164,30.69137304976,24.7350083880962
45.4018195513092,34.0577764376772,30.7427375575972,24.773912969634
45.4947131668468,34.1161709257432,30.7941964663143,24.8128841646177
45.587813981833,34.1746754792926,30.8457499706871,24.8519221013795
45.6811224917602,34.2332903305151,30.8973982659113,24.8910269085059
45.7746391933621,34.2920157121172,30.9491415476064,24.9301987148402
45.8683645846129,34.350851857321,31.000980011815,24.9694376494824
45.962299164727,34.4097989998643,31.0529138550027,25.0087438417886
46.0564434341698,34.4688573740044,31.1049432740613,25.0481174213727
46.1507978946548,34.5280272145172,31.1570684663081,25.0875585181067
46.2453630491508,34.5873087566994,31.2092896294873,25.1270672621206
46.3401394018792,34.6467022363675,31.2616069617696,25.1666437838023
46.4351274583242,34.7062078898619,31.3140206617551,25.2062882137995
46.5303277252322,34.7658259540463,31.3665309284729,25.2460006830195
46.6257407106159,34.8255566663094,31.4191379613828,25.2857813226297
46.721366923754,34.8854002645641,31.4718419603742,25.3256302640569
46.8172068752006,34.9453569872517,31.5246431257696,25.3655476389898
46.913261076785,35.0054270733418,31.5775416583248,25.4055335793788
47.0095300416125,35.0656107623311,31.630537759227,25.4455882174343
47.106014284073,35.125908294248,31.6836316300997,25.4857116856302
47.2027143198413,35.1863199096529,31.7368234730022,25.5259041167033
47.299630665877,35.2468458496364,31.7901134904279,25.5661656436523
47.396763840435,35.3074863558243,31.8435018853091,25.6064963997401
47.4941143630644,35.3682416703774,31.8969888610163,25.6468965184942
47.5916827546089,35.4291120359905,31.9505746213571,25.6873661337051
47.6894695372167,35.4900976958969,32.0042593705806,25.7279053794292
47.7874752343409,35.5511988938678,32.0580433133762,25.7685143899881
47.8857003707382,35.6124158742121,32.1119266548735,25.8091932999682
47.98414547248,35.6737488817806,32.1659096006461,25.8499422442231
48.0828110669503,35.735198161965,32.2199923567105,25.8907613578729
48.181697682851,35.7967639606994,32.2741751295269,25.9316507763044
48.2808058502059,35.8584465244624,32.3284581260017,25.9726106351728
48.3801361003588,35.9202461002753,32.3828415534852,26.0136410703994
48.4796889659858,35.9821629357073,32.4373256197761,26.0547422181755
48.5794649810917,36.0441972788748,32.4919105331213,26.0959142149614
48.6794646810133,36.1063493784405,32.5465965022145,26.1371571974852
48.779688602428,36.1686194836181,32.6013837362,26.1784713027457
48.8801372833529,36.2310078441721,32.6562724446733,26.2198566680126
48.9808112631469,36.2935147104166,32.7112628376791,26.2613134308244
49.0817110825189,36.3561403332204,32.7663551257161,26.3028417289921
49.1828372835287,36.4188849640063,32.821549519736,26.3444417005983
49.2841904095869,36.4817488547501,32.8768462311428,26.386113483996
49.3857710054643,36.5447322579861,32.9322454717973,26.4278572178124
49.4875796172939,36.6078354268055,32.9877474540157,26.4696730409469
49.5896167925674,36.6710586148558,33.0433523905688,26.5115610925709
49.6918830801517,36.7344020763487,33.0990604946891,26.5535215121324
49.7943790302778,36.7978660660521,33.1548719800634,26.5955544393507
49.8971051945551,36.8614508392984,33.2107870608402,26.6376600142212
50.0000621259707,36.9251566519835,33.2668059516284,26.6798383770146
50.1032503788904,36.9889837605652,33.3229288674962,26.7220896682755
50.2066705090669,37.0529324220694,33.3791560239759,26.7644140288262
50.3103230736421,37.117002894088,33.4354876370625,26.8068115997651
50.4142086311453,37.1811954347791,33.4919239232134,26.8492825224664
50.5183277415057,37.2455103028716,33.5484650993524,26.8918269385823
50.6226809660492,37.3099477576648,33.6051113828691,26.9344449900432
50.7272688675013,37.3745080590271,33.6618629916183,26.9771368190567
50.8320920099966,37.4391914674015,33.7187201439236,27.0199025681096
50.9371509590782,37.5039982438046,33.7756830585774,27.0627423799681
51.0424462816984,37.568928649826,33.8327519548398,27.1056563976767
51.1479785462291,37.6339829476332,33.8899270524427,27.1486447645611
51.2537483224605,37.6991613999702,33.9472085715887,27.1917076242268
51.3597561816067,37.7644642701603,34.0045967329533,27.2348451205608
51.4660026963057,37.8298918221039,34.0620917576831,27.2780573977298
51.5724884406279,37.8954443202847,34.1196938674007,27.321344600184
51.6792139900772,37.9611220297674,34.1774032842028,27.3647068726549
51.7861799215957,38.0269252162002,34.2352202306623,27.4081443601569
51.8933868135626,38.0928541458143,34.2931449298275,27.4516572079868
52.0008352458045,38.1589090854278,34.3511776052261,27.4952455617258
52.108525799597,38.2250903024458,34.4093184808639,27.5389095672389
52.2164590576623,38.2913980648593,34.4675677812252,27.5826493706748
52.3246356041831,38.3578326412501,34.5259257312758,27.6264651184674
52.4330560247988,38.4243943007906,34.5843925564633,27.6703569573368
52.5417209066092,38.4910833132423,34.6429684827156,27.7143250342867
52.6506308381825,38.5578999489619,34.7016537364458,27.7583694966089
52.7597864095558,38.6248444788988,34.7604485445503,27.8024904918812
52.8691882122402,38.6919171745987,34.8193531344117,27.8466881679688
52.9788368392213,38.7591183082007,34.8783677338959,27.8909626730226
53.0887328849669,38.8264481524445,34.9374925713587,27.9353141554839
53.1988769454295,38.8939069806668,34.996727875642,27.9797427640807
53.3092696180495,38.9614950668056,35.0560738760781,28.024248647831
53.4199115017556,39.0292126853977,35.1155308024868,28.0688319560404
53.5308031969756,39.0970601115841,35.1750988851803,28.1134928383057
53.6419453056356,39.1650376211096,35.2347783549626,28.1582314445137
53.7533384311614,39.2331454903216,35.2945694431285,28.2030479248404
53.8649831784877,39.3013839961756,35.354472381468,28.2479424297545
53.9768801540601,39.3697534162341,35.4144874022657,28.2929151100156
54.0890299658342,39.4382540286661,35.4746147382995,28.3379661166743
54.201433223287,39.5068861122521,35.5348546228454,28.3830956010743
54.3140905374152,39.5756499463838,35.5952072896773,28.428303714853
54.427002520739,39.6445458110625,35.6556729730647,28.4735906099387
54.5401697873096,39.713573986905,35.7162519077785,28.5189564385553
54.6535929527106,39.7827347551428,35.7769443290897,28.5644013532207
54.7672726340595,39.8520283976209,35.8377504727682,28.6099255067454
54.8812094500161,39.9214551968031,35.898670575088,28.655529052237
54.9954040207837,39.9910154357713,35.9597048728256,28.7012121430977
55.1098569681129,40.0607093982264,36.020853603261,28.7469749330255
55.2245689153074,40.1305373684906,36.0821170041796,28.7928175760151
55.339540487222,40.2004996315063,36.1434953138712,28.8387402263565
55.4547723102749,40.2705964728408,36.2049887711337,28.8847430386383
55.5702650124459,40.3408281786861,36.2665976152733,28.9308261677472
55.6860192232803,40.4111950358572,36.328322086102,28.9769897688652
55.8020355738955,40.4816973317985,36.3901624239442,29.0232339974754
55.9183146969845,40.5523353545825,36.4521188696344,29.0695590093593
56.034857226815,40.6231093929085,36.5141916645166,29.115964960596
56.1516637992404,40.694019736109,36.5763810504496,29.1624520075664
56.2687350516998,40.7650666741481,36.6386872698052,29.2090203069512
56.3860716232196,40.8362504976209,36.7011105654678,29.2556700157304
56.5036741544237,40.9075714977588,36.7636511808389,29.3024012911861
56.6215432875326,40.9790299664291,36.8263093598366,29.3492142909026
56.7396796663654,41.0506261961327,36.8890853468933,29.3961091727635
56.8580839363548,41.1223604800138,36.9519793869642,29.4430860949584
56.976756744534,41.1942331118509,37.0149917255193,29.4901452159764
57.0956987395553,41.2662443860661,37.0781226085514,29.5372866946117
57.2149105716887,41.338394597723,37.1413722825738,29.5845106899618
57.3343928928215,41.4106840425264,37.2047409946206,29.6318173614273
57.4541463564707,41.4831130168276,37.2682289922504,29.6792068687143
57.5741716177829,41.5556818176233,37.3318365235456,29.7266793718338
57.6944693335332,41.6283907425554,37.3955638371124,29.7742350311014
57.8150401621389,41.7012400899157,37.459411182084,29.8218740071392
57.9358847636592,41.7742301586455,37.5233788081209,29.8695964608757
58.0570037997943,41.8473612483348,37.5874669654093,29.9174025535446
58.1783979338973,41.9206336592274,37.6516759046662,29.9652924466881
58.3000678309764,41.9940476922205,37.7160058771382,30.0132663021557
58.4220141576914,42.0676036488638,37.7804571346011,30.0613242821038
58.5442375823695,42.1413018313644,37.8450299293639,30.1094665489981
58.6667387750009,42.2151425425864,37.909724514268,30.1576932656129
58.789518407248,42.2891260860523,37.9745411426886,30.2060045950319
58.9125771524427,42.3632527659422,38.0394800685339,30.2544007006469
59.0359156855981,42.4375228870997,38.1045415462499,30.3028817461616
59.1595346834086,42.511936755029,38.1697258308177,30.3514478955892
59.2834348242566,42.586494675899,38.2350331777574,30.4000993132544
59.4076167882094,42.6611969565409,38.300463843125,30.4488361637918
59.5320812570336,42.7360439044543,38.3660180835185,30.4976586121492
59.6568289141946,42.8110358278054,38.4316961560756,30.5465668235859
59.7818604448552,42.8861730354276,38.4974983184745,30.5955609636733
59.9071765358903,42.9614558368257,38.5634248289365,30.6446411982963
60.0327778758845,43.0368845421759,38.6294759462273,30.6938076936537
60.1586651551345,43.1124594623246,38.6956519296546,30.7430606162564
60.2848390656597,43.1881809087937,38.7619530390731,30.792400132931
60.4113003012017,43.2640491937797,38.8283795348835,30.8418264108181
60.5380495572316,43.3400646301562,38.8949316780346,30.8913396173741
60.665087530947,43.416227531472,38.961609730021,30.9409399203694
60.7924149212875,43.4925382119564,39.0284139528884,30.9906274878909
60.9200324289295,43.5689969865192,39.095344609233,31.0404024883426
61.0479407562972,43.6456041707516,39.1624019622018,31.0902650904445
61.1761406075582,43.7223600809253,39.2295862754924,31.1402154632329
61.3046326886378,43.7992650339986,39.2968978133576,31.1902537760626
61.4334177072179,43.876319347615,39.3643368406042,31.2403801986069
61.5624963727385,43.9535233401022,39.4319036225922,31.2905949008552
61.6918693964094,44.0308773304783,39.4995984252396,31.3408980531175
61.8215374912102,44.1083816384504,39.5674215150212,31.3912898260228
61.9515013718903,44.1860365844142,39.6353731589688,31.4417703905186
62.0817617549828,44.2638424894592,39.703453624674,31.4923399178731
62.2123193588028,44.3417996753682,39.7716631802894,31.5429985796753
62.3431749034502,44.4199084646158,39.8400020945258,31.5937465478328
62.4743291108182,44.4981691803753,39.9084706366586,31.644583994577
62.6057827045974,44.5765821465167,39.9770690765263,31.6955110924601
62.7375364102752,44.6551476876056,40.0457976845283,31.7465280143543
62.8695909551464,44.7338661289103,40.1146567316321,31.7976349334565
63.0019470683138,44.8127377963992,40.1836464893699,31.8488320232856
63.1346054806944,44.8917630167424,40.2527672298407,31.9001194576831
63.2675669250232,44.970942117315,40.3220192257124,31.9514974108152
63.4008321358537,45.0502754261946,40.3914027502197,32.0029660571702
63.53440184957,45.1297632721671,40.4609180771689,32.0545255715623
63.6682768043874,45.2094059847264,40.5305654809376,32.1061761291305
63.8024577403526,45.2892038940722,40.6003452364726,32.157917905337
63.9369453993553,45.3691573311174,40.6702576192961,32.2097510759716
64.0717405251305,45.4492666274862,40.7403029055039,32.2616758171495
64.2068438632574,45.5295321155131,40.8104813717644,32.3136923053107
64.3422561611717,45.6099541282493,40.8807932953243,32.3658007172239
64.4779781681685,45.6905329994614,40.9512389540064,32.418001229984
64.6140106353988,45.7712690636304,41.0218186262098,32.4702940210128
64.7503543158857,45.8521626559578,41.092532590914,32.5226792680605
64.8870099645229,45.9332141123645,41.1633811276785,32.5751571492061
65.0239783380739,46.0144237694888,41.2343645166405,32.6277278428549
65.1612601951926,46.0957919646972,41.3054830385241,32.6803915277449
65.2988562964069,46.1773190360734,41.376736974631,32.7331483829399
65.4367674041402,46.2590053224293,41.4481266068493,32.7859985878352
65.5749942827095,46.3408511633029,41.519652217652,32.8389423221564
65.7135376983248,46.4228568989572,41.5913140900955,32.8919797659582
65.8523984191044,46.505022870386,41.663112507825,32.9451110996273
65.9915772150729,46.5873494193137,41.7350477550735,32.9983365038821
66.1310748581635,46.6698368881932,41.8071201166602,33.0516561597708
66.2708921222291,46.7524856202127,41.8793298779962,33.1050702486751
66.4110297830445,46.8352959592945,41.9516773250834,33.1585789523093
66.5514886183058,46.9182682500935,42.0241627445127,33.2121824527184
66.6922694076434,47.0014028380043,42.0967864234702,33.2658809322827
66.8333729326226,47.0847000691592,42.1695486497355,33.3196745737155
66.9747999767444,47.1681602904274,42.2424497116803,33.3735635600625
67.1165513254581,47.2517838494213,42.3154898982741,33.427548074705
67.2586277661604,47.3355710944946,42.3886694990826,33.4816283013585
67.4010300882022,47.4195223747453,42.4619888042694,33.5358044240743
67.5437590828898,47.5036380400135,42.5354481045945,33.5900766272366
67.6868155434954,47.5879184408877,42.6090476914196,33.6444450955675
67.830200265258,47.6723639287031,42.6827878567061,33.6989100141242
67.9739140453899,47.7569748555449,42.756668893018,33.7534715683011
68.117957683076,47.8417515742451,42.8306910935192,33.8081299438274
68.2623319794878,47.9266944383902,42.9048547519793,33.8628853267713
68.4070377377827,48.0118038023193,42.9791601627723,33.9177379035379
68.5520757631046,48.0970800211229,43.0536076208757,33.9726878608691
68.6974468625984,48.1825234506496,43.1281974218755,34.0277353858461
68.8431518454093,48.268134447505,43.2029298619649,34.0828806658886
68.9891915226833,48.35391336905,43.2778052379437,34.1381238887537
69.135566707581,48.4398605734077,43.3528238472231,34.1934652425392
69.2822782152765,48.5259764194611,43.427985987824,34.248904915682
69.4293268629662,48.6122612668562,43.5032919583791,34.304443096959
69.5767134698647,48.6987154759998,43.5787420581316,34.3600799754859
69.7244388572232,48.7853394080676,43.6543365869411,34.4158157407215
69.8725038483196,48.8721334249961,43.7300758452773,34.4716505824618
70.0209092684805,48.9590978894966,43.8059601342309,34.5275846908489
70.1696559450672,49.0462331650423,43.8819897555034,34.5836182563616
70.3187447074937,49.1335396158809,43.9581650114169,34.6397514698239
70.4681763872298,49.2210176070309,44.0344862049113,34.6959845224009
70.6179518177979,49.3086675042817,44.1109536395438,34.7523176055992
70.7680718347884,49.3964896741994,44.1875676194942,34.8087509112698
70.9185372758602,49.4844844841258,44.2643284495633,34.8652846316069
71.0693489807406,49.5726523021769,44.3412364351718,34.9219189591464
71.2205077912394,49.6609934972499,44.418291882366,34.9786540867701
71.3720145512496,49.7495084390216,44.4954950978165,35.0354902077035
71.5238701067469,49.8381974979471,44.5728463888165,35.0924275155153
71.6760753058055,49.9270610452667,44.6503460632877,35.1494662041202
71.8286309985956,50.0160994530045,44.7279944297795,35.206606467779
71.9815380373877,50.1053130939664,44.8057917974656,35.2638485010947
72.1347972765624,50.1947023417484,44.8837384761529,35.3211924990192
72.2884095726135,50.2842675707325,44.961834776276,35.3786386568488
72.4423757841501,50.3740091560907,45.0400810089021,35.4361871702273
72.5966967719077,50.4639274737856,45.1184774857299,35.4938382351447
72.751373398743,50.5540229005694,45.1970245190894,35.5515920479368
72.9064065296514,50.6442958139901,45.2757224219466,35.6094488052882
73.0617970317655,50.7347465923902,45.3545715079026,35.6674087042311
73.2175457743551,50.8253756149056,45.4335720911925,35.7254719421443
73.3736536288431,50.9161832614719,45.5127244866899,35.7836387167559
73.5301214688061,51.0071699128236,45.5920290099067,35.8419092261426
73.6869501699718,51.0983359504921,45.6714859769914,35.9002836687286
73.8441406102374,51.1896817568132,45.7510957047344,35.9587622432884
74.001693669667,51.2812077149253,45.8308585105672,36.0173451489462
74.1596102304939,51.3729142087676,45.9107747125602,36.0760325851736
74.3178911771333,51.4648016230884,45.9908446294299,36.1348247517948
74.4765373961849,51.5568703434417,46.0710685805354,36.1937218489831
74.6355497764312,51.6491207561875,46.1514468858788,36.2527240772615
74.7949292088538,51.7415532484975,46.2319798661098,36.3118316375046
74.9546765866301,51.8341682083542,46.3126678425249,36.3710447309388
75.1147928051428,51.9269660245511,46.3935111370668,36.4303635591405
75.2752787619841,52.0199470866969,46.4745100723289,36.4897883240394
75.4361353569564,52.1131117852119,46.5556649715508,36.5493192279143
75.5973634920863,52.2064605113358,46.6369761586252,36.6089564733984
75.7589640716245,52.2999936571255,46.7184439580967,36.6687002634775
75.9209380020461,52.3937116154542,46.8000686951594,36.7285508014881
76.0832861920672,52.4876147800185,46.8818506956638,36.7885082911218
76.246009552644,52.5817035453357,46.9637902861139,36.8485729364225
76.4091089969714,52.6759783067443,47.0458877936677,36.9087449417869
76.5725854405023,52.7704394604092,47.1281435461409,36.9690245119664
76.7364398009444,52.8650874033213,47.2105578720069,37.0294118520667
76.9006729982611,52.9599225332958,47.293131100395,37.0899071675461
77.0652859546878,53.0549452489786,47.3758635610958,37.1505106642189
77.2302795947301,53.1501559498449,47.4587555845594,37.2112225482535
77.3956548451721,53.2455550362017,47.5418075018976,37.2720430261741
77.5614126350743,53.3411429091857,47.6250196448822,37.3329723048584
77.7275538957915,53.4369199707701,47.7083923459498,37.3940105915409
77.8940795609683,53.5328866237624,47.7919259382007,37.4551580938118
78.0609905665495,53.6290432718073,47.8756207554006,37.5164150196174
78.2282878507789,53.7253903193848,47.9594771319786,37.5777815772585
78.3959723542139,53.8219281718166,48.0434954030331,37.6392579753941
78.5640450197267,53.9186572352653,48.1276759043303,37.7008444230398
78.7325067925028,54.0155779167321,48.2120189723025,37.7625411295664
78.901358620059,54.1126906240644,48.296524944054,37.8243483047033
79.0706014522424,54.2099957659545,48.3811941573601,37.8862661585375
79.2402362412298,54.3074937519373,48.4660269506647,37.9482949015116
79.4102639415452,54.405184992398,48.5510236630868,38.0104347444276
79.5806855100598,54.5030698985705,48.6361846344188,38.0726858984454
79.75150190599,54.6011488825356,48.7215102051249,38.1350485750817
79.9227140909159,54.6994223572283,48.8070007163471,38.197522986213
80.0943230287806,54.7978907364364,48.8926565099039,38.2601093440744
80.266329685888,54.8965544347976,48.978477928287,38.3228078612574
80.4387350309286,54.9954138678118,49.0644653146725,38.3856187507167
80.6115400349596,55.0944694518289,49.1506190129097,38.4485422257619
80.7847456714301,55.1937216040605,49.236939367531,38.5115785000647
80.9583529161801,55.2931707425774,49.3234267237495,38.5747277876555
81.1323627474385,55.3928172863088,49.4100814274583,38.637990302924
81.3067761458429,55.4926616550477,49.4969038252345,38.7013662606199
81.4815940944363,55.5927042694517,49.5838942643402,38.7648558758545
81.6568175786685,55.6929455510394,49.6710530927189,38.8284593640971
81.8324475864137,55.7933859221986,49.7583806590022,38.892176941179
82.0084851079687,55.8940258061848,49.8458773125084,38.9560088232927
82.1849311360543,55.9948656271184,49.9335434032399,39.0199552269889
82.3617866658316,56.0959058099935,50.0213792818906,39.0840163691816
82.5390526949007,56.1971467806755,50.1093852998434,39.1481924671463
82.7167302233029,56.2985889658992,50.1975618091688,39.2124837385174
82.8948202535365,56.4002327932768,50.2859091626306,39.2768904012927
83.0733237905544,56.5020786912945,50.3744277136839,39.3414126738313
83.2522418417723,56.6041270893156,50.4631178164767,39.4060507748538
83.4315754170759,56.7063784175821,50.5519798258514,39.4708049234437
83.6113255288198,56.8088331072123,50.6410140973424,39.5356753390441
83.7914931918425,56.9114915902086,50.7302209871826,39.6006622414629
83.9720794234692,57.0143542994547,50.8196008523009,39.6657658508698
84.1530852435085,57.1174216687156,50.9091540503215,39.7309863877958
84.3345116742727,57.2206941326429,50.9988809395688,39.7963240731355
84.5163597405759,57.324172126775,51.0887818790671,39.8617791281472
84.698630469734,57.4278560875342,51.1788572285375,39.9273517744497
84.8813248915828,57.5317464522342,51.2691073484047,39.9930422340266
85.0644440384772,57.6358436590792,51.3595325997957,40.0588507292252
85.2479889452913,57.7401481471613,51.4501333445373,40.1247774827537
85.4319606494357,57.8446603564682,51.5409099451625,40.1908227176859
85.6163601908584,57.9493807278813,51.6318627649087,40.2569866574587
85.8011886120428,58.0543097031746,51.7229921677164,40.3232695258711
85.9864469580273,58.1594477250211,51.8142985182344,40.3896715470874
86.1721362764012,58.2647952369912,51.9057821818186,40.4561929456356
86.3582576173139,58.3703526835538,51.9974435245322,40.522833946407
86.5448120334824,58.47612051008,52.0892829131487,40.589594774658
86.7318005801892,58.5820991628387,52.1813007151479,40.6564756560069
86.9192243152991,58.6882890890056,52.273497298724,40.7234768164383
87.1070842992607,58.7946907366604,52.3658730327817,40.7905984823009
87.2953815951048,58.9013045547855,52.4584282869359,40.857840880306
87.4841172684626,59.0081309932733,52.5511634315176,40.9252042375314
87.6732923875667,59.1151705029244,52.6440788375713,40.9926887814189
87.8629080232492,59.2224235354459,52.7371748768542,41.0602947397734
88.0529652489609,59.3298905434588,52.8304519218419,41.1280223407663
88.2434651407702,59.4375719804964,52.9239103457267,41.1958718129336
88.4344087773639,59.5454683010022,53.0175505224157,41.2638433851743
88.6257972400646,59.6535799603373,53.1113728265368,41.331937286754
88.8176316128283,59.7619074147783,53.2053776334369,41.4001537473028
89.0099129822554,59.8704511215199,53.2995653191832,41.4684929968162
89.2026424375876,59.9792115386719,53.3939362605613,41.5369552656525
89.3958210707266,60.0881891252677,53.4884908350814,41.6055407845373
89.5894499762309,60.1973843412603,53.5832294209752,41.6742497845607
89.7835302513278,60.3067976475267,53.6781523971989,41.7430824971781
89.9780629959089,60.4164295058636,53.7732601434298,41.8120391542083
90.1730493125498,60.5262803789969,53.8685530400736,41.8811199878373
90.3684903065096,60.6363507305782,53.9640314682618,41.9503252306163
90.5643870857311,60.7466410251834,54.0596958098494,42.0196551154594
90.7607407608579,60.8571517283208,54.1555464474223,42.0891098756483
90.9575524452362,60.9678833064282,54.2515837642945,42.1586897448295
91.1548232549129,61.0788362268718,54.3478081445062,42.2283949570128
91.3525543086546,61.1900109579542,54.4442199728311,42.2982257465759
91.5507467279483,61.3014079689109,54.5408196347728,42.3681823482605
91.7494016370005,61.4130277299097,54.6376075165644,42.4382649971722
91.948520162754,61.5248707120586,54.7345840051742,42.5084739287843
92.148103434892,61.6369373874022,54.8317494883034,42.5788093789341
92.3481525858321,61.7492282289204,54.9291043543834,42.6492715838222
92.5486687507562,61.8617437105409,55.0266489925878,42.719860780019
92.7496530675885,61.9744843071247,55.1243837928182,42.7905772044549
92.9511066770236,62.0874504944802,55.2223091457173,42.8614210944285
93.1530307225245,62.2006427493596,55.3204254426644,42.9323926876033
93.3554263503224,62.314061549457,55.4187330757742,43.0034922220057
93.5582947094359,62.427707373416,55.517232437903,43.0747199360291
93.7616369516703,62.5415807008282,55.6159239226467,43.1460760684319
93.9654542316174,62.6556820122305,55.7148079243385,43.2175608583354
94.1697477066749,62.7700117891131,55.8138848380557,43.2891745452274
94.3745185370465,62.8845705139175,55.9131550596173,43.3609173689604
94.5797678857395,62.9993586700351,56.0126189855826,43.4327895697505
94.785496918587,63.1143767418134,56.1122770132564,43.5047913881791
94.991706804245,63.229625214556,56.2121295406885,43.5769230651932
95.1983987141946,63.3451045745182,56.3121769666697,43.6491848421013
95.4055738227593,63.4608153089172,56.4124196907404,43.721576960579
95.6132333071022,63.576757905927,56.5128581131857,43.7940996626651
95.8213783472369,63.6929328546819,56.6134926350385,43.8667531907629
96.0300101260341,63.8093406452783,56.7143236580801,43.9395377876401
96.2391298292184,63.9259817687714,56.8153515848377,44.0124536964268
96.4487386453904,64.0428567171834,56.9165768185909,44.0855011606184
96.6588377660245,64.159965983501,57.0179997633689,44.1586804240741
96.8694283854675,64.2773100616739,57.1196208239497,44.2319917310155
97.0805117009614,64.3948894466217,57.2214404058652,44.3054353260287
97.2920889126399,64.5127046342331,57.3234589153999,44.3790114540644
97.5041612235301,64.6307561213618,57.425676759588,44.452720360433
97.7167298395724,64.7490444058363,57.5280943462204,44.5265622908109
97.9297959696173,64.867569986457,57.6307120838431,44.6005374912378
98.1433608254286,64.9863333629937,57.7335303817536,44.6746462081135
98.3574256217005,65.1053350361939,57.8365496500085,44.7488886882029
98.5719915760575,65.2245755077792,57.9397702994197,44.8232651786325
98.7870599090626,65.3440552804494,58.0431927415579,44.8977759268922
99.0026318442177,65.4637748578778,58.146817388748,44.9724211808312
99.2187086079795,65.5837347447209,58.2506446540772,45.0472011886639
99.4352914297614,65.7039354466136,58.3546749513906,45.122116198965
99.6523815419411,65.8243774701736,58.4589086952945,45.197166460672
99.8699801798597,65.9450613229968,58.5633463011527,45.2723522230812
100.088088581841,66.065987513667,58.6679881850936,45.3476737358532
100.306707989191,66.1871565517518,58.7728347640071,45.4231312490083
100.525839646199,66.3085689478022,58.8778864555436,45.4987250129272
100.745484800155,66.4302252133587,58.983143678119,45.5744552783521
100.965644701353,66.5521258609505,59.0886068509137,45.650322296386
101.186320603087,66.6742714040923,59.1942763938696,45.7263263184903
101.407513761673,66.7966623572925,59.3001527276965,45.8024675964877
101.629225436449,66.9192992360518,59.4062362738711,45.8787463825617
101.851456889775,67.0421825568593,59.5125274546327,45.9551629292526
102.074209387051,67.1653128372013,59.619026692991,46.0317174894618
102.297484196714,67.2886905955587,59.7257344127232,46.10841031645
102.521282590256,67.4123163514087,59.8326510383754,46.1852416638365
102.745605842211,67.5361906252227,59.93977699526,46.2622117855978
102.970455230184,67.660313938473,60.0471127094615,46.3393209360694
103.195832034845,67.7846868136308,60.1546586078342,46.4165693699451
103.421737539937,67.909309774169,60.2624151180049,46.4939573422775
103.64817303228,68.0341833445579,60.3703826683679,46.5714851084734
103.875139801786,68.1593080502743,60.4785616880932,46.6491529242996
104.102639141462,68.2846844177988,60.5869526071236,46.7269610458797
104.330672347406,68.4103129746128,60.6955558561716,46.8049097296912
104.559240718834,68.5361942492075,60.8043718667274,46.8829992325706
104.788345558071,68.6623287710811,60.9134010710551,46.9612298117099
105.01798817056,68.7887170707356,61.0226439021908,47.0396017246544
105.248169864872,68.9153596796866,61.1321007939498,47.1181152293075
105.478891952716,69.0422571304596,61.2417721809235,47.1967705839274
105.710155748934,69.1694099565866,61.351658498476,47.2755680471236
105.941962571519,69.2968186926173,61.4617601827533,47.354507877864
106.174313741621,69.4244838741132,61.5720776706781,47.4335903354688
106.407210583539,69.5524060376457,61.6826113999475,47.5128156796091
106.640654424755,69.6805857208108,61.7933618090458,47.5921841703154
106.874646595909,69.8090234622119,61.9043293372285,47.6716960679651
107.109188430831,69.9377198014742,62.0155144245352,47.7513516332904
107.344281266538,70.0666752792423,62.1269175117869,47.8311511273769
107.579926443233,70.1958904371764,62.2385390405818,47.9110948116591
107.816125304329,70.3253658179604,62.3503794533029,47.9911829479245
108.052879196443,70.4551019653006,62.4624391931158,48.0714157983125
108.290189469403,70.5850994239213,62.5747187039649,48.1517936253099
108.52805747626,70.7153587395748,62.687218430581,48.2323166917563
108.766484573299,70.8458804590376,62.799938818479,48.3129852608411
109.005472120027,70.9766651301081,62.912880313954,48.3937995961005
109.245021479203,71.1077133016151,63.0260433640893,48.4747599614216
109.485134016831,71.2390255234148,63.1394284167531,48.5558666210402
109.725811102166,71.3706023463884,63.2530359205959,48.6371198395377
109.96705410773,71.5024443224502,63.3668663250574,48.7185198818454
110.208864409313,71.6345520045435,63.4809200803625,48.8000670132401
110.45124338598,71.7669259466448,63.5951976375244,48.8817614993469
110.694192420073,71.899566703759,63.7096994483402,48.9636036061345
110.937712897232,72.0324748319279,63.8244259653979,49.045593599919
111.181806206387,72.1656508882268,63.939377642073,49.1277317473615
111.426473739775,72.2990954307675,64.0545549325307,49.2100183154682
111.671716892938,72.4328090186937,64.1699582917217,49.2924535715871
111.917537064738,72.5667922121904,64.2855881753895,49.3750377834122
112.163935657365,72.701045572481,64.4014450400682,49.4577712189809
112.410914076326,72.8355696618231,64.5175293430776,49.54065414667
112.65847373048,72.9703650435193,64.6338415425331,49.6236868352018
112.906616032026,73.1054322819124,64.7503820973405,49.7068695536399
113.155342396508,73.2407719423827,64.8671514671935,49.790202571386
113.404654242835,73.3763845913576,64.9841501125814,49.8736861581849
113.65455299328,73.5122707963067,65.1013784947848,49.9573205841208
113.905040073491,73.6484311257453,65.2188370758779,50.0411061196177
114.156116912486,73.7848661492298,65.3365263187246,50.1250430354361
114.407784942679,73.9215764373668,65.4544466869851,50.2091316026766
114.660045599871,74.0585625618093,65.5725986451134,50.2933720927779
114.91290032327,74.1958250952591,65.6909826583577,50.3777647775151
115.166350555481,74.3333646114625,65.8095991927574,50.4623099289979
115.420397742531,74.4711816852199,65.9284487151502,50.5470078196741
115.675043333869,74.6092768923826,66.0475316931693,50.6318587223272
115.930288782364,74.7476508098481,66.1668485952388,50.7168629100716
116.186135544327,74.8863040155714,66.2863998905833,50.8020206563597
116.442585079515,75.0252370885599,66.4061860492226,50.8873322349759
116.699638851122,75.1644506088708,66.5262075419695,50.9727979200351
116.957298325809,75.3039451576203,66.6464648404371,51.0584179859871
117.215564973698,75.4437213169802,66.7669584170355,51.1441927076129
117.474440268378,75.5837796701741,66.887688744968,51.2301223600209
117.733925686919,75.7241208014872,67.0086562982395,51.3162072186531
117.994022709879,75.8647452962625,67.1298615516524,51.4024475592801
118.254732821299,76.0056537408977,67.2513049808034,51.4888436579987
118.516057508724,76.1468467228541,67.3729870620916,51.5753957912365
118.777998263207,76.2883248306517,67.4949082727126,51.6621042357468
119.040556579312,76.4300886538717,67.6170690906612,51.7489692686097
119.303733955126,76.5721387831591,67.7394699947329,51.8359911672325
119.567531892254,76.7144758102161,67.8621114645179,51.9231702093441
119.831951895847,76.8571003278131,67.9849939804095,52.010506673
120.096995474595,77.0000129297849,68.1081180236015,52.0980008365805
120.36266414073,77.1432142110265,68.2314840760835,52.1856529787853
120.628959410048,77.2867047675024,68.3550926206481,52.2734633786382
120.895882801908,77.430485196244,68.4789441408893,52.3614323154853
121.163435839232,77.5745560953449,68.6030391211967,52.4495600689896
121.431620048526,77.718918063971,68.7273780467653,52.5378469191372
121.700436959882,77.8635717023566,68.85196140359,52.6262931462325
121.969888106978,78.0085176118006,68.9767896784633,52.7148990308952
122.239975027095,78.1537563946764,69.1018633589826,52.8036648540656
122.510699261124,78.2992886544271,69.2271829335458,52.8925908969993
122.782062353558,78.4451149955619,69.3527488913481,52.9816774412648
123.054065852528,78.5912360236718,69.4785617223943,53.070924768751
123.326711309777,78.7376523454103,69.6046219174827,53.1603331616554
123.600000280692,78.8843645685094,69.7309299682176,53.249902902491
123.873934324304,79.0313733017749,69.8574863670052,53.3396342740831
124.148515003286,79.1786791550831,69.9842916070501,53.4295275595657
124.423743883973,79.3262827393895,70.1113461823631,53.5195830423866
124.699622536371,79.4741846667254,70.2386505877562,53.6098010063019
124.976152534143,79.6223855501934,70.36620531884,53.7001817353738
125.253335454643,79.7708860039785,70.4940108720319,53.7907255139759
125.53117287891,79.9196866433423,70.6220677445507,53.8814326267874
125.809666391669,80.0687880846205,70.7503764344141,53.9723033587909
126.088817581353,80.2181909452316,70.8789374404457,54.0633379952766
126.368628040105,80.3678958436738,71.0077512622719,54.1545368218386
126.649099363774,80.5179033995207,71.1368184003178,54.2459001243719
126.93023315194,80.6682142334303,71.2661393558142,54.3374281890749
127.212031007913,80.8188289671402,71.3957146307934,54.4291213024469
127.49449453874,80.9697482234714,71.5255447280916,54.520979751288
127.777625355206,81.1209726263218,71.655630151343,54.6130038226943
128.061425071857,81.2725028006772,71.7859714049891,54.7051938040634
128.345895306996,81.4243393726041,71.9165689942711,54.7975499830878
128.631037682695,81.5764829692549,72.0474234252354,54.890072647758
128.916853824793,81.7289342188611,72.1785352047257,54.9827620863559
129.203345362918,81.8816937507437,72.3099048403925,55.0756185874608
129.490513930488,82.0347621953084,72.4415328406881,55.1686424399438
129.778361164709,82.188140184042,72.5734197148628,55.2618339329655
130.066888706599,82.3418283495224,72.7055659729737,55.3551933559805
130.356098200988,82.4958273254135,72.8379721258792,55.448720998732
130.645991296516,82.650137746462,72.9706386852361,55.5424171512498
130.936569645657,82.804760248506,73.1035661635059,55.6362821038529
131.227834904718,82.9596954684707,73.2367550739518,55.7303161471468
131.519788733849,83.1149440443704,73.3702059306387,55.8245195720221
131.812432797037,83.2705066153043,73.5039192484298,55.9188926696513
132.105768762136,83.4263838214645,73.6378955429927,56.0134357314923
132.399798300863,83.5825763041317,73.7721353307953,56.1081490492836
132.694523088804,83.7390847056777,73.9066391291075,56.2030329150455
132.989944805418,83.8959096695601,74.0414074559959,56.2980876210746
133.286065134056,84.0530518403322,74.1764408303324,56.3933134599494
133.582885761965,84.2105118636374,74.3117397717877,56.4887107245236
133.880408380281,84.3682903862067,74.4473048008301,56.5842797079255
134.17863468406,84.5263880558674,74.5831364387316,56.6800207035604
134.477566372271,84.6848055215385,74.7192352075633,56.7759340051065
134.777205147799,84.8435434332267,74.8556016301922,56.8720199065115
135.077552717468,85.002602442037,74.9922362302889,56.9682787019972
135.378610792041,85.1619832001666,75.1291395323226,57.0647106860545
135.680381086217,85.3216863609011,75.2663120615569,57.1613161534395
135.982865318655,85.4817125786257,75.4037543440592,57.2580953991798
136.28606521198,85.6420625088183,75.5414669066935,57.3550487185664
136.589982492772,85.8027368080467,75.6794502771186,57.4521764071538
136.894618891597,85.963736133978,75.8177049837949,57.5494787607616
137.199976143002,86.1250611453722,75.9562315559786,57.6469560754705
137.506055985523,86.2867125020846,76.0950305237229,57.7446086476217
137.812860161701,86.448690865067,76.2341024178792,57.8424367738166
138.12039041807,86.6109968963621,76.373447770091,57.9404407509117
138.428648505189,86.7736312591122,76.5130671128014,58.0386208760216
138.737636177637,86.9365946175565,76.6529609792499,58.1369774465175
139.047355194013,87.0998876370246,76.7931299034666,58.2355107600206
139.357807316963,87.2635109839476,76.9335744202806,58.3342211144071
139.668994313173,87.4274653258529,77.0742950653158,58.4331088078046
139.980917953374,87.5917513313591,77.2152923749854,58.5321741385865
140.293580012366,87.756369670187,77.3565668865009,58.6314174053777
140.606982269013,87.9213210131539,77.4981191378669,58.7308389070494
140.921126506245,88.0866060321689,77.6399496678762,58.8304389427147
141.236014511084,88.2522254002438,77.7820590161187,58.9302178117336
141.55164807464,88.4181797914868,77.9244477229759,59.0301758137083
141.868028992108,88.5844698810971,78.0671163296146,59.130313248477
142.18515906281,88.7510963453831,78.2100653780033,59.2306304161248
142.503040090159,88.9180598617383,78.3532954108901,59.3311276169666
142.821673881697,89.0853611086614,78.4968069718195,59.4318051515585
143.141062249097,89.2530007657477,78.6406006051246,59.5326633206899
143.461207008157,89.4209795136855,78.7846768559237,59.633702425381
143.782109978826,89.5892980342658,78.9290362701272,59.7349227668859
144.103772985204,89.7579570103774,79.0736793944342,59.8363246466893
144.42619785554,89.926957126001,79.2186067763254,59.9379083665001
144.749386422258,90.0962990662207,79.3638189640733,60.0396742282574
145.073340521954,90.2659835172184,79.5093165067367,60.141622534126
145.398061995397,90.4360111662679,79.6550999541548,60.24375358649
145.723552687554,90.606382701746,79.8011698569563,60.3460676879588
146.049814447587,90.7770988131271,79.9475267665545,60.448565141362
146.376849128855,90.948160190978,80.0941712351415,60.5512462497446
146.704658588935,91.1195675269678,80.2411038156967,60.654111316371
147.033244689623,91.2913215138614,80.3883250619808,60.7571606447206
147.362609296943,91.4634228455227,80.5358355285371,60.8603945384863
147.692754281146,91.6358722169077,80.6836357706861,60.9638133015705
148.023681516732,91.8086703240741,80.8317263445324,61.0674172380878
148.355392882451,91.9818178641753,80.9801078069589,61.1712066523606
148.687890261313,92.1553155354629,81.1287807156289,61.2751818489187
149.021175540582,92.3291640372798,81.2777456289794,61.3793431324934
149.355250611807,92.503364070071,81.4270031062293,61.4836908080224
149.690117370818,92.6779163353772,81.5765537073738,61.588225180644
150.025777717721,92.8528215358303,81.72639799318,61.6929465556933
150.362233556931,93.0280803751633,81.8765365251944,61.7978552387059
150.699486797165,93.2036935582048,82.0269698657377,61.9029515354134
151.037539351442,93.3796617908733,82.1776985778996,62.0082357517374
151.376393137112,93.5559857801879,82.3287232255469,62.113708193795
151.716050075847,93.7326662342612,82.4800443733173,62.2193691678931
152.056512093657,93.9097038623022,82.6316625866208,62.3252189805277
152.397781120885,94.0870993746082,82.7835784316324,62.4312579383771
152.739859092235,94.264853482577,82.935792475302,62.5374863483084
153.082747946765,94.4429668986976,83.0883052853456,62.6439045173698
153.426449627902,94.6214403365547,83.2411174302485,62.7505127527909
153.770966083436,94.8002745108207,83.3942294792582,62.8573113619775
154.116299265548,94.9794701372663,83.5476420023926,62.964300652515
154.46245113081,95.1590279327544,83.7013555704341,63.0714809321635
154.809423640177,95.338948615235,83.8553707549245,63.178852508853
155.157218759022,95.5192329037547,84.0096881281729,63.286415690687
155.505838457128,95.6998815184517,84.1643082632503,63.394170785938
155.855284708689,95.88089518055,84.3192317339844,63.5021181030425
156.205559492335,96.0622746123686,84.4744591149667,63.610257950604
156.556664791133,96.2440205373181,84.629990981549,63.7185906373901
156.908602592583,96.4261336798914,84.7858279098346,63.8271164723241
157.261374888644,96.6086147656776,84.9419704766894,63.9358357644921
157.614983675735,96.7914645213536,85.098419259735,64.0447488231365
157.969430954733,96.974683674679,85.2551748373424,64.1538559576502
158.324718730996,97.1582729545071,85.4122377886418,64.2631574775824
158.680849014362,97.342233090776,85.5696086935137,64.3726536926304
159.037823819159,97.5265648145109,85.7272881325904,64.4823449126401
159.395645164216,97.7112688578249,85.8852766872562,64.592231447604
159.754315072855,97.8963459539104,86.0435749396393,64.7023136076543
160.113835572923,98.0817968370512,86.2021834726212,64.8125917030689
160.474208696788,98.2676222426152,86.3611028698302,64.9230660442641
160.835436481334,98.4538229070481,86.5203337156351,65.0337369417899
161.197520967994,98.6403995678847,86.6798765951541,65.144604706334
161.560464202744,98.8273529637423,86.8397320942489,65.2556696487171
161.9242682361,99.0146838343148,86.9999007995186,65.3669320798869
162.28893512315,99.2023929203821,87.1603832983074,65.4783923109215
162.65446692355,99.3904809638056,87.3211801786994,65.590050653025
163.020865701516,99.5789487075203,87.482292029512,65.7019074175215
163.388133525863,99.7677968955464,87.6437194403047,65.8139629158593
163.756272469993,99.9570262729818,87.8054630013719,65.9262174596048
164.125284611893,100.146637585996,87.9675233037372,66.0386713604372
164.495172034182,100.336631581847,88.1299009391679,66.1513249301567
164.865936824067,100.527009008857,88.2925965001514,66.264178480667
165.237581073392,100.717770616431,88.4556105799123,66.3772323239856
165.610106878628,100.908917155048,88.6189437724046,66.4904867722372
165.983516340876,101.100449376256,88.7825966723042,66.6039421376462
166.35781156589,101.29236803268,88.9465698750185,66.7175987325431
166.732994664078,101.484673878021,89.1108639766797,66.831456869357
167.109067750498,101.67736766704,89.2754795741383,66.9455168606109
167.486032944885,101.87045015558,89.4404172649719,67.0597790189255
167.863892371655,102.063922100548,89.6056776474783,67.1742436570133
168.242648159891,102.257784259919,89.7712613206696,67.2889110876728
168.622302443382,102.452037392738,89.9371688842794,67.4037816237918
169.002857360617,102.646682259119,90.1034009387589,67.5188555783442
169.384315054778,102.841719620234,90.2699580852667,67.6341332643796
169.766677673776,103.037150238327,90.436840925681,67.7496149950322
170.14994737024,103.232974876703,90.6040500625889,67.8653010835105
170.534126301534,103.429194299734,90.7715860992888,67.981191843098
170.919216629747,103.625809272847,90.9394496397826,68.0972875871465
171.305220521726,103.822820562534,91.1076412887834,68.2135886290788
171.69214014907,104.020228936346,91.2761616517079,68.3300952823835
172.079977688142,104.218035162897,91.4450113346773,68.4468078606125
172.468735320061,104.416240011849,91.6141909445099,68.5637266773756
172.858415230737,104.614844253929,91.7837010887284,68.680852046343
173.249019610865,104.81384866092,91.9535423755545,68.798184281241
173.640550655919,105.01325400565,92.1237154139005,68.9157236958435
174.033010566187,105.21306106201,92.2942208133794,69.0334706039782
174.426401546764,105.413270604941,92.4650591842969,69.1514253195194
174.820725807548,105.61388341043,92.636231137645,69.2695881563817
175.215985563275,105.814900255519,92.8077372851103,69.3879594285243
175.612183033507,106.016321918296,92.9795782390655,69.5065394499437
176.009320442649,106.2181491779,93.1517546125711,69.6253285346728
176.40740001994,106.420382814507,93.3242670193665,69.7443269967738
176.806423999488,106.623023609348,93.4971160738784,69.863535150342
177.206394620256,106.826072344691,93.6703023912126,69.9829533094984
177.607314126086,107.029529803852,93.8438265871547,70.1025817883886
178.00918476568,107.233396771179,94.017689278162,70.2224209011762
178.41200879264,107.437674032067,94.1918910813724,70.3424709620465
178.815788465464,107.642362372948,94.3664326145952,70.4627322851986
179.220526047534,107.847462581288,94.5413144963072,70.5832051848423
179.626223807157,108.05297544559,94.7165373456575,70.7038899751975
180.032884017554,108.258901755394,94.8921017824635,70.8247869704919
180.440508956858,108.465242301265,95.0680084272019,70.945896484952
180.849100908146,108.671997874807,95.2442579010175,71.0672188328081
181.258662159438,108.879169268651,95.4208508257164,71.1887543282872
181.669195003684,109.086757276454,95.5977878237575,71.3105032856063
182.080701738804,109.294762692901,95.7750695182623,71.4324660189766
182.49318466768,109.503186313708,95.9526965330077,71.5546428425984
182.906646098153,109.712028935603,96.1306694924163,71.6770340706503
183.321088343054,109.921291356345,96.3089890215678,71.7996400172978
183.736513720194,110.130974374712,96.4876557461882,71.9224609966827
184.152924552379,110.3410787905,96.6666702926494,72.0454973229214
184.570323167422,110.551605404525,96.8460332879694,72.1687493101037
184.988711898128,110.762555018613,97.0257453598026,72.2922172722839
185.408093082336,110.973928435608,97.2058071364479,72.4159015234851
185.828469062905,111.185726459369,97.3862192468421,72.5398023776926
186.249842187715,111.39794989476,97.5669823205523,72.6639201488474
186.672214809699,111.610599547657,97.7480969877824,72.7882551508483
187.095589286836,111.823676224948,97.9295638793679,72.9128076975466
187.519967982147,112.037180734516,98.1113836267672,73.0375781027393
187.945353263728,112.251113885257,98.2935568620697,73.1625666801722
188.371747504747,112.465476487068,98.4760842179882,73.2877737435322
188.799153083436,112.680269350841,98.6589663278517,73.4131996064421
189.227572383124,112.895493288472,98.8422038256137,73.538844582464
189.657007792234,113.111149112854,99.0257973458438,73.6647089850908
190.087461704278,113.327237637867,99.2097475237195,73.7907931277399
190.518936517887,113.543759678395,99.3940549950373,73.9170973237589
190.951434636803,113.760716050304,99.5787203961991,74.043621886414
191.384958469896,113.978107570456,99.7637443642143,74.1703671288897
191.819510431168,114.195935056698,99.9491275366984,74.2973333642868
192.255092939746,114.414199327858,100.134870551863,74.4245209056122
192.691708419918,114.632901203753,100.320974048523,74.5519300657847
193.129359301126,114.852041505181,100.507438666093,74.6795611576264
193.568048017959,115.071621053913,100.694265044573,74.8074144938555
194.007777010191,115.291640672705,100.881453824561,74.9354903870916
194.448548722768,115.512101185287,101.069005647244,75.0637891498462
194.890365605813,115.733003416357,101.25692115439,75.1923110945158
195.333230114648,115.954348191589,101.445200988355,75.3210565333876
195.777144709798,116.176136337627,101.633845792076,75.4500257786303
196.222111856981,116.398368682075,101.822856209064,75.5792191422859
196.668134027143,116.621046053509,102.012232883408,75.7086369362759
197.115213696445,116.844169281465,102.201976459772,75.838279472391
197.563353346286,117.06773919644,102.392087583389,75.9681470622896
198.012555463285,117.291756629886,102.582566900052,76.0982400174897
198.46282253932,117.516222414213,102.773415056129,76.2285586493729
198.914157071518,117.741137382788,102.964632698543,76.3591032691739
199.366561562269,117.966502369926,103.15622047478,76.4898741879819
199.820038519215,118.192318210888,103.348179032875,76.6208717167289
200.274590455289,118.418585741888,103.540509021423,76.752096166195
200.730219888703,118.645305800084,103.733211089568,76.8835478470008
201.186929342947,118.872479223568,103.926285886995,77.0152270695981
201.64472134682,119.100106851381,104.11973406394,77.1471341442759
202.103598434428,119.3281895235,104.313556271181,77.2792693811508
202.563563145171,119.556728080829,104.507753160027,77.4116330901597
203.024618023785,119.785723365215,104.702325382328,77.544225581064
203.486765620333,120.015176219429,104.897273590468,77.6770471634406
203.950008490196,120.245087487169,105.092598437352,77.8100981466756
204.414349194111,120.475458013061,105.28830057642,77.9433788399664
204.879790298166,120.706288642653,105.484380661632,78.0768895523151
205.346334373785,120.937580222407,105.680839347462,78.2106305925172
205.813983997787,121.169333599715,105.877677288914,78.3446022691753
206.282741752333,121.40154962287,106.074895141492,78.4788048906718
206.752610224977,121.634229141084,106.272493561218,78.6132387651837
207.223592008664,121.867373004482,106.470473204623,78.7479042006717
207.695689701713,122.100982064084,106.668834728735,78.8828015048698
208.16890590786,122.335057171826,106.867578791087,79.0179309852924
208.64324323625,122.569599180542,107.066706049713,79.1532929492241
209.118704301426,122.804608943959,107.266217163134,79.2888877037112
209.595291723371,123.040087316707,107.466112790367,79.4247155555677
210.073008127496,123.276035154307,107.666393590918,79.5607768113632
210.551856144635,123.512453313167,107.86706022477,79.6970717774187
211.03183841108,123.749342650588,108.068113352396,79.8336007598081
211.512957568577,123.986704024754,108.269553634743,79.9703640643489
211.995216264315,124.224538294725,108.471381733228,80.1073619965954
212.478617150964,124.462846320448,108.673598309746,80.2445948618425
212.963162886663,124.701628962742,108.876204026654,80.3820629651146
213.448856135031,124.9408870833,109.079199546776,80.5197666111633
213.93569956518,125.180621544687,109.282585533397,80.6577061044648
214.423695851705,125.420833210328,109.486362650253,80.7958817492083
214.912847674712,125.66152294452,109.690531561539,80.9342938493021
215.403157719824,125.90269161242,109.8950929319,81.0729427083616
215.894628678162,126.144340080037,110.100047426421,81.2118286297038
216.387263246385,126.38646921424,110.305395710637,81.3509519163502
216.881064126686,126.629079882753,110.511138450519,81.4903128710165
217.37603402678,126.872172954138,110.717276312468,81.6299117961054
217.872175659941,127.115749297814,110.923809963326,81.7697489937108
218.369491744998,127.359809784038,111.130740070358,81.9098247656061
218.867985006325,127.604355283901,111.33806730125,82.0501394132388
219.367658173874,127.849386669339,111.545792324114,82.1906932377319
219.868513983175,128.094904813118,111.753915807477,82.3314865398759
220.370555175321,128.340910588826,111.962438420275,82.4725196201193
220.873784497012,128.587404870887,112.171360831857,82.613792778573
221.378204700535,128.834388534544,112.380683711977,82.7553063149991
221.883818543779,129.081862455859,112.590407730789,82.8970605288083
222.390628790249,129.329827511715,112.800533558847,83.039055719056
222.89863820905,129.578284579796,113.011061867092,83.1812921844313
223.407849574927,129.827234538607,113.22199332686,83.3237702232614
223.918265668253,130.076678267458,113.433328609874,83.4664901335021
224.429889275024,130.326616646451,113.645068388232,83.6094522127292
224.942723186897,130.5770505565,113.857213334416,83.7526567581411
225.456770201179,130.827980879308,114.069764121279,83.8961040665498
225.972033120819,131.079408497369,114.282721422041,84.0397944343729
226.488514754448,131.331334293967,114.496085910292,84.1837281576349
227.00621791637,131.583759153175,114.709858259982,84.3279055319597
227.525145426547,131.836683959838,114.924039145414,84.4723268525611
228.045300110651,132.090109599585,115.13862924125,84.6169924142445
228.566684800033,132.344036958819,115.353629222498,84.7619025113996
229.089302331757,132.598466924714,115.569039764512,84.9070574379934
229.61315554857,132.853400385202,115.784861542983,85.0524574875641
230.138247298954,133.108838228988,116.001095233941,85.1981029532214
230.664580437103,133.364781345531,116.217741513748,85.3439941276363
231.192157822944,133.621230625049,116.434801059096,85.4901313030402
231.720982322122,133.878186958504,116.652274546992,85.6365147712103
232.251056806038,134.135651237613,116.87016265477,85.783144823478
232.782384151842,134.393624354835,117.088466060077,85.9300217507147
233.314967242419,134.652107203365,117.307185440868,86.0771458433263
233.848808966434,134.911100677136,117.526321475404,86.2245173912518
234.383912218318,135.170605670819,117.745874842251,86.3721366839575
234.920279898262,135.4306230798,117.965846220266,86.5200040104265
235.457914912251,135.691153800201,118.186236288602,86.6681196591605
235.996820172061,135.952198728861,118.407045726704,86.8164839181719
236.536998595244,136.213758763329,118.628275214289,86.9650970749722
237.07845310517,136.475834801873,118.849925431362,87.1139594165767
237.621186631016,136.738427743468,119.071997058204,87.2630712294943
238.165202107754,137.001538487783,119.294490775351,87.4124327997154
238.710502476213,137.265167935205,119.517407263626,87.5620444127237
239.25709068301,137.529316986798,119.740747204092,87.711906353469
239.804969680621,137.793986544327,119.964511278079,87.8620189063783
240.354142427361,138.059177510244,120.188700167166,88.0123823553445
240.904611887376,138.324890787676,120.413314553173,88.1629969837163
241.456381030681,138.591127280437,120.638355118168,88.3138630743007
242.009452833155,138.857887893014,120.863822544453,88.4649809093534
242.563830276523,139.125173530556,121.089717514558,88.6163507705693
243.1195163484,139.392985098885,121.316040711245,88.7679729390846
243.676514042286,139.661323504485,121.542792817499,88.9198476954674
244.234826357543,139.930189654489,121.769974516514,89.0719753197069
244.794456299447,140.199584456687,121.997586491705,89.2243560912167
245.355406879173,140.46950881952,122.225629426692,89.3769902888251
245.917681113782,140.739963652062,122.454104005291,89.5298781907639
246.481282026266,141.010949864037,122.683010911524,89.683020074672
247.046212645527,141.282468365795,122.912350829599,89.8364162175835
247.612476006394,141.55452006832,123.142124443917,89.9900668959238
248.180075149631,141.827105883223,123.372332439057,90.143972385504
248.749013121923,142.100226722725,123.602975499773,90.2981329615095
249.319292975915,142.373883499673,123.834054310996,90.4525488985037
249.890917770201,142.648077127523,124.065569557822,90.6072204704159
250.463890569313,142.922808520331,124.297521925505,90.7621479505335
251.038214443766,143.198078592761,124.529912099461,90.9173316115016
251.613892470039,143.473888260076,124.762740765255,91.0727717253155
252.190927730571,143.75023843812,124.996008608594,91.2284685633066
252.769323313799,144.027130043334,125.229716315331,91.3844223961501
253.349082314145,144.304563992741,125.463864571454,91.5406334938499
253.930207832008,144.582541203932,125.698454063075,91.6971021257296
254.512702973802,144.86106259508,125.933485476437,91.8538285604366
255.09657085195,145.140129084927,126.168959497902,92.0108130659293
255.681814584866,145.419741592766,126.404876813938,92.1680559094669
256.268437296998,145.699901038457,126.641238111132,92.3255573576142
256.856442118815,145.980608342412,126.878044076166,92.4833176762256
257.445832186811,146.261864425587,127.115295395823,92.6413371304435
258.036610643526,146.543670209486,127.35299275698,92.799615984692
258.62878063752,146.826026616141,127.591136846593,92.9581545026651
259.222345323421,147.108934568125,127.829728351703,93.1169529473282
259.817307861909,147.392394988537,128.068767959432,93.2760115809098
260.413671419705,147.676408800991,128.308256356958,93.4353306648864
261.011439169614,147.960976929624,128.548194231535,93.5949104599893
261.610614290512,148.246100299087,128.788582270471,93.7547512261917
262.211199967333,148.531779834527,129.029421161123,93.9148532226973
262.813199391114,148.818016461601,129.2707115909,94.0752167079432
263.416615758979,149.104811106462,129.512454247251,94.2358419395896
264.021452274128,149.392164695742,129.754649817655,94.3967291745072
264.627712145881,149.68007815657,129.997298989627,94.5578786687809
265.235398589655,149.96855241655,130.240402450703,94.7192906776979
265.844514826988,150.257588403763,130.483960888437,94.8809654557412
266.455064085517,150.547187046747,130.727974990391,95.0429032565787
267.067049599017,150.837349274516,130.972445444138,95.2051043330669
267.680474607389,151.128076016538,131.217372937249,95.3675689372365
268.295342356674,151.419368202732,131.462758157291,95.5302973202872
268.911656099034,151.711226763459,131.708601791812,95.6932897325789
269.529419092795,152.003652629526,131.954904528348,95.8565464236302
270.148634602435,152.296646732178,132.201667054413,96.0200676421098
270.76930589857,152.590210003078,132.44889005748,96.1838536358216
271.391436257997,152.884343374324,132.696574224998,96.3479046517124
272.015028963681,153.179047778429,132.944720244367,96.5122209358547
272.64008730474,153.474324148312,133.193328802937,96.6768027334393
273.266614576492,153.770173417306,133.442400588007,96.8416502887755
273.89461408044,154.066596519145,133.691936286815,97.0067638452797
274.524089124255,154.363594387949,133.941936586525,97.1721436454648
275.155043021824,154.661167958234,134.192402174235,97.3377899309417
275.787479093233,154.959318164901,134.443333736962,97.5037029424073
276.42140066475,155.258045943216,134.694731961628,97.6698829196325
277.056811068899,155.557352228837,134.946597535079,97.8363301014713
277.693713644375,155.857237957763,135.198931144044,98.0030447258311
278.332111736119,156.15770406637,135.451733475157,98.1700270296849
278.972008695302,156.458751491381,135.705005214941,98.3372772490562
279.613407879307,156.76038116986,135.958747049792,98.5047956190071
280.256312651773,157.062594039221,136.212959665987,98.672582373641
280.900726382582,157.365391037211,136.467643749675,98.8406377460918
281.546652447845,157.668773101898,136.722799986858,99.0089619685095
282.194094229945,157.972741171682,136.978429063401,99.1775552720646
282.843055117524,158.277296185275,137.234531665017,99.3464178869346
283.493538505467,158.582439081695,137.491108477253,99.5155500422917
284.145547794947,158.888170800269,137.748160185503,99.684951966308
284.79908639341,159.194492280622,138.005687474986,99.8546238861388
285.454157714561,159.501404462662,138.263691030736,100.024566027914
286.110765178409,159.80890828659,138.522171537612,100.194778616738
286.768912211243,160.11700469288,138.781129680276,100.365261876678
287.428602245646,160.425694622281,139.040566143194,100.536016030756
288.089838720507,160.734979015808,139.300481610631,100.707041300945
288.752625080996,161.044858814726,139.560876766628,100.878337908152
289.416964778614,161.355334960562,139.821752295017,101.049906072224
290.082861271171,161.666408395087,140.083108879406,101.221746011933
290.750318022777,161.978080060304,140.344947203161,101.393857944963
291.419338503884,162.290350898455,140.607267949414,101.566242087916
292.089926191271,162.60322185201,140.870071801055,101.738898656293
292.762084568028,162.916693863648,141.13335944071,101.911827864489
293.435817123603,163.230767876269,141.397131550751,102.08502992579
294.111127353786,163.54544483298,141.661388813283,102.258505052359
294.788018760688,163.860725677077,141.926131910129,102.432253455232
295.466494852798,164.176611352056,142.191361522838,102.606275344307
296.146559144955,164.4931028016,142.457078332669,102.780570928345
296.828215158338,164.810200969561,142.723283020576,102.955140414947
297.511466420511,165.127906799971,142.989976267219,103.12998401056
298.196316465402,165.446221237023,143.257158752942,103.305101920462
298.88276883331,165.765145225069,143.524831157773,103.480494348758
299.570827070919,166.084679708615,143.792994161417,103.656161498371
300.260494731274,166.4048256323,144.061648443237,103.832103571027
300.95177537383,166.725583940909,144.330794682264,104.008320767259
301.644672564428,167.046955579357,144.600433557182,104.184813286394
302.339189875289,167.368941492673,144.870565746313,104.361581326538
303.035330885051,167.691542626009,145.141191927622,104.538625084581
303.733099178756,168.014759924627,145.412312778705,104.715944756179
304.432498347835,168.338594333879,145.683928976774,104.893540535747
305.133531990152,168.663046799221,145.956041198662,105.071412616458
305.836203709986,168.988118266196,146.228650120811,105.249561190228
306.540517118016,169.313809680415,146.501756419254,105.427986447706
307.24647583137,169.640121987572,146.775360769624,105.606688578274
307.954083473594,169.967056133422,147.049463847137,105.785667770033
308.663343674678,170.294613063781,147.324066326588,105.964924209798
309.374260071024,170.622793724504,147.599168882333,106.144458083082
310.086836305501,170.951599061499,147.874772188298,106.324269574099
310.801076027412,171.281030020706,148.150876917959,106.50435886575
311.516982892519,171.611087548095,148.427483744343,106.684726139614
312.234560563016,171.941772589646,148.704593340004,106.865371575938
312.953812707572,172.273086091362,148.982206377037,107.046295353635
313.674743001323,172.60502899925,149.260323527058,107.227497650272
314.397355125841,172.937602259305,149.538945461189,107.408978642057
315.121652769195,173.270806817521,149.818072850068,107.590738503839
315.847639625924,173.604643619874,150.097706363832,107.772777409097
316.575319397019,173.939113612305,150.377846672099,107.955095529925
317.304695789976,174.27421774073,150.658494443978,108.137693037031
318.035772518774,174.609956951026,150.939650348054,108.32057009973
318.768553303856,174.946332189008,151.221315052369,108.503726885922
319.503041872181,175.283344400445,151.503489224432,108.687163562102
320.239241957198,175.620994531044,151.786173531204,108.870880293341
320.977157298829,175.959283526422,152.069368639073,109.05487724327
321.716791643548,176.298212332141,152.353075213885,109.239154574094
322.45814874428,176.637781893651,152.637293920891,109.423712446557
323.201232360493,176.977993156319,152.922025424769,109.608551019951
323.946046258165,177.318847065406,153.207270389608,109.793670452105
324.692594209765,177.660344566054,153.493029478889,109.979070899364
325.440879994307,178.002486603289,153.779303355495,110.164752516598
326.190907397325,178.345274122014,154.066092681692,110.350715457183
326.942680210858,178.688708066982,154.353398119114,110.536959872987
327.696202233495,179.032789382812,154.641220328773,110.723485914378
328.451477270358,179.377519013969,154.929559971037,110.9102937302
329.208509133081,179.722897904748,155.218417705618,111.097383467766
329.967301639861,180.068926999283,155.507794191579,111.284755272857
330.727858615436,180.415607241532,155.797690087315,111.472409289709
331.490183891065,180.762939575256,156.088106050541,111.660345660998
332.254281304581,181.11092494403,156.379042738294,111.848564527842
333.020154700356,181.459564291226,156.670500806918,112.037066029783
333.787807929328,181.808858560005,156.962480912058,112.225850304785
334.557244848967,182.158808693301,157.254983708641,112.414917489214
335.328469323328,182.509415633827,157.548009850888,112.604267717843
336.101485223019,182.860680324058,157.841559992285,112.793901123835
336.876296425223,183.212603706228,158.135634785592,112.983817838736
337.65290681367,183.565186722306,158.43023488281,113.174017992457
338.431320278681,183.918430314008,158.7253609352,113.364501713283
339.211540717157,184.272335422782,159.021013593261,113.55526912785
339.993572032548,184.626902989784,159.31719350671,113.746320361135
340.77741813491,184.982133955892,159.613901324496,113.937655536456
341.563082940882,185.33802926169,159.91113769478,114.129274775458
342.350570373662,185.694589847442,160.208903264914,114.321178198099
343.139884363064,186.051816653111,160.507198681456,114.51336592265
343.931028845489,186.409710618338,160.806024590148,114.705838065681
344.724007763908,186.768272682419,161.105381635898,114.898594742045
345.518825067914,187.12750378432,161.40527046279,115.091636064882
346.315484713687,187.487404862655,161.705691714063,115.284962145602
347.11399066401,187.847976855681,162.006646032107,115.478573093874
347.914346888276,188.209220701288,162.30813405845,115.672469017622
348.716557362458,188.57113733698,162.610156433746,115.866650023006
349.520626069166,188.933727699889,162.912713797777,116.061116214428
350.326556997614,189.29699272675,163.215806789437,116.25586769451
351.134354143608,189.660933353883,163.519436046714,116.450904564081
351.944021509592,190.025550517209,163.823602206702,116.646226922187
352.755563104627,190.390845152226,164.128305905574,116.841834866061
353.568982944368,190.756818193991,164.433547778573,117.037728491121
354.384285051116,191.123470577132,164.739328460016,117.233907890964
355.201473453797,191.490803235828,165.045648583275,117.430373157354
356.020552187936,191.858817103787,165.352508780761,117.627124380205
356.84152529571,192.227513114264,165.659909683934,117.824161647584
357.664396825926,192.596892200035,165.967851923278,118.021485045695
358.489170833999,192.966955293379,166.27633612829,118.219094658864
359.315851381999,193.337703326091,166.585362927485,118.41699056954
360.144442538627,193.709137229457,166.894932948373,118.615172858277
360.974948379218,194.081257934251,167.205046817456,118.81364160373
361.807372985755,194.454066370724,167.51570516022,119.01239688264
362.641720446837,194.827563468584,167.826908601112,119.211438769824
363.477994857731,195.20175015701,168.13865776355,119.410767338173
364.316200320347,195.576627364625,168.450953269904,119.610382658635
365.156340943217,195.952196019483,168.763795741477,119.810284800202
365.998420841545,196.328457049075,169.077185798514,120.010473829913
366.842444137185,196.705411380314,169.391124060184,120.210949812832
367.688414958614,197.083059939509,169.705611144557,120.411712812039
368.536337440988,197.461403652383,170.02064766862,120.612762888628
369.386215726119,197.840443444047,170.336234248248,120.814100101693
370.238053962444,198.220180238983,170.652371498196,121.015724508311
371.091856305087,198.600614961054,170.969060032099,121.217636163543
371.947626915825,198.981748533486,171.286300462457,121.419835120421
372.805369963064,199.363581878838,171.604093400612,121.622321429926
373.665089621929,199.746115919042,171.922439456772,121.825095141003
374.526790074148,200.12935157533,172.241339239957,122.028156300521
375.390475508143,200.513289768276,172.560793358024,122.231504953288
376.256150119005,200.897931417761,172.880802417647,122.435141142029
377.12381810846,201.283277442961,173.20136702429,122.639064907369
377.993483684931,201.669328762354,173.522487782226,122.843276287842
378.865151063505,202.056086293699,173.844165294508,123.047775319866
379.738824465913,202.443550954017,174.166400162957,123.252562037733
380.614508120582,202.831723659602,174.489192988167,123.457636473608
381.49220626261,203.220605326001,174.812544369484,123.662998657514
382.371923133739,203.61019686799,175.136454904991,123.868648617312
383.25366298241,204.00049919959,175.460925191512,124.074586378709
384.137430063739,204.391513234042,175.785955824597,124.280811965238
385.023228639487,204.783239883788,176.111547398496,124.48732539824
385.911062978118,205.175680060483,176.437700506176,124.694126696871
386.800937354764,205.56883467497,176.764415739289,124.901215878076
387.692856051241,205.962704637274,177.091693688177,125.10859295659
388.586823356013,206.357290856582,177.419534941841,125.316257944917
389.482843564251,206.752594241252,177.747940087956,125.524210853329
390.380920977794,207.148615698787,178.076909712843,125.73245168985
391.281059905172,207.545356135835,178.406444401469,125.94098046025
392.183264661562,207.942816458161,178.73654473742,126.149797168026
393.087539568851,208.340997570661,179.067211302914,126.358901814402
393.993888955605,208.739900377338,179.398444678777,126.568294398315
394.902317157044,209.139525781284,179.730245444426,126.777974916396
395.812828515097,209.539874684685,180.062614177874,126.987943362972
396.72542737837,209.940947988812,180.395551455716,127.198199730053
397.640118102129,210.342746593983,180.7290578531,127.408744007309
398.556905048343,210.745271399588,181.063133943745,127.619576182076
399.475792585659,211.148523304056,181.397780299911,127.830696239338
400.396785089411,211.552503204858,181.732997492398,128.042104161716
401.31988694159,211.957211998474,182.068786090521,128.253799929454
402.245102530895,212.362650580411,182.405146662119,128.465783520415
403.172436252701,212.768819845173,182.742079773532,128.67805491007
404.10189250907,213.175720686262,183.079585989597,128.890614071484
405.033475708722,213.583353996148,183.417665873621,129.1034609753
405.967190267085,213.991720666284,183.756319987396,129.316595589742
406.90304060627,214.400821587084,184.095548891174,129.530017880595
407.841031155041,214.810657647897,184.435353143644,129.74372781119
408.78116634887,215.221229737022,184.775733301948,129.957725342407
409.723450629913,215.632538741686,185.116689921655,130.172010432655
410.66788844698,216.044585548022,185.458223556741,130.386583037854
411.614484255584,216.457371041078,185.8003347596,130.601443111444
412.563242517922,216.870896104797,186.143024081021,130.816590604358
413.514167702845,217.285161621995,186.486292070168,131.032025465011
414.467264285908,217.700168474371,186.830139274587,131.247747639301
415.422536749346,218.115917542487,187.174566240193,131.463757070593
416.379989582043,218.532409705742,187.519573511235,131.680053699695
417.339627279591,218.949645842389,187.865161630318,131.896637464868
418.301454344249,219.367626829502,188.211331138372,132.113508301803
419.265475284952,219.786353542976,188.558082574648,132.330666143612
420.231694617323,220.205826857514,188.905416476705,132.548110920819
421.200116863626,220.626047646603,189.253333380391,132.765842561342
422.170746552834,221.047016782525,189.601833819848,132.983860990493
423.143588220589,221.468735136337,189.950918327496,133.202166130962
424.118646409181,221.891203577844,190.300587434003,133.4207579028
425.095925667595,222.314422975612,190.650841668304,133.639636223416
426.075430551494,222.73839419695,191.001681557573,133.858801007568
427.057165623175,223.163118107879,191.353107627204,134.078252167339
428.041135451638,223.58859557315,191.70512040082,134.297989612138
429.02734461255,224.014827456221,192.057720400251,134.518013248689
430.015797688211,224.441814619229,192.410908145514,134.738322981008
431.006499267619,224.869557923007,192.764684154819,134.958918710407
431.999453946439,225.29805822706,193.119048944553,135.179800335473
432.994666326956,225.727316389534,193.474003029248,135.400967752054
433.992141018187,226.157333267255,193.829546921613,135.622420853267
434.99188263574,226.588109715655,194.185681132473,135.844159529459
435.993895801923,227.01964658881,194.542406170793,136.066183668218
436.998185145702,227.451944739407,194.899722543658,136.288493154354
438.004755302666,227.885005018725,195.257630756244,136.511087869883
439.013610915094,228.318828276647,195.616131311835,136.733967694022
440.024756631915,228.753415361634,195.975224711796,136.957132503182
441.03819710868,229.188767120703,196.334911455553,137.180582170942
442.053937007621,229.624884399439,196.695192040602,137.404316568051
443.07198099762,230.061768041973,197.056066962489,137.628335562417
444.092333754174,230.499418890956,197.417536714783,137.852639019082
445.114999959455,230.93783778757,197.779601789091,138.077226800225
446.139984302282,231.377025571513,198.142262675034,138.30209876515
447.167291478079,231.816983080963,198.505519860223,138.527254770258
448.196926188947,232.257711152597,198.869373830271,138.75269466906
449.22889314361,232.699210621567,199.233825068766,138.978418312149
450.263197057441,233.141482321488,199.598874057269,139.204425547195
451.299842652415,233.584527084414,199.964521275283,139.430716218926
452.33883465717,234.028345740853,200.330767200267,139.657290169129
453.380177806964,234.472939119733,200.697612307611,139.884147236631
454.423876843695,234.918308048405,201.065057070626,140.11128725729
455.469936515851,235.364453352609,201.433101960524,140.338710063976
456.518361578579,235.811375856493,201.801747446424,140.566415486574
457.569156793647,236.259076382581,202.170993995332,140.794403351963
458.622326929408,236.707555751756,202.540842072117,141.022673484
459.677876760867,237.156814783266,202.911292139519,141.251225703521
460.735811069642,237.606854294709,203.282344658132,141.480059828326
461.796134643929,238.057675101998,203.654000086374,141.709175673156
462.85885227857,238.509278019382,204.026258880506,141.938573049697
463.923968775001,238.961663859413,204.399121494597,142.16825176656
464.991488941272,239.414833432946,204.772588380524,142.398211629277
466.061417592007,239.868787549103,205.146659987944,142.628452440272
467.133759548459,240.323527015298,205.521336764307,142.858973998873
468.208519638467,240.779052637197,205.896619154825,143.089776101285
469.285702696478,241.235365218719,206.272507602472,143.320858540585
470.365313563495,241.692465562007,206.649002547953,143.552221106701
471.447357087145,242.150354467443,207.026104429718,143.783863586415
472.531838121638,242.609032733619,207.403813683938,144.015785763346
473.618761527738,243.068501157315,207.78213074448,144.247987417926
474.70813217282,243.528760533512,208.161056042919,144.480468327408
475.799954930837,243.989811655368,208.540590008517,144.713228265847
476.894234682283,244.451655314189,208.920733068194,144.946267004079
477.990976314259,244.914292299449,209.301485646546,145.179584309722
479.090184720431,245.377723398759,209.682848165815,145.413179947164
480.191864800998,245.841949397844,210.064821045871,145.647053677539
481.296021462757,246.306971080559,210.447404704218,145.881205258729
482.402659619063,246.77278922886,210.830599555976,146.11563444535
483.511784189791,247.239404622781,211.214406013851,146.350340988728
484.623400101405,247.706818040447,211.598824488152,146.585324636907
485.737512286907,248.175030258046,211.983855386761,146.820585134623
486.854125685843,248.644042049818,212.369499115125,147.056122223298
487.973245244317,249.11385418805,212.755756076245,147.29193564103
489.094875914933,249.584467443043,213.142626670656,147.528025122571
490.219022656868,250.055882583131,213.530111296431,147.764390399331
491.345690435832,250.52810037465,213.918210349158,148.001031199357
492.474884224028,251.001121581916,214.30692422192,148.237947247318
493.60660900022,251.474946967237,214.696253305305,148.475138264504
494.740869749691,251.949577290891,215.086197987381,148.712603968811
495.87767146421,252.425013311095,215.476758653671,148.950344074717
497.017019142094,252.901255784022,215.867935687168,149.188358293289
498.158917788171,253.378305463777,216.259729468307,149.426646332163
499.30337241374,253.856163102368,216.652140374947,149.665207895527
500.450388036639,254.334829449722,217.045168782374,149.904042684118
501.599969681205,254.814305253662,217.438815063285,150.14315039521
502.752122378222,255.294591259868,217.833079587757,150.38253072259
503.906851165048,255.775688211925,218.227962723276,150.62218335657
505.064161085448,256.257596851239,218.623464834673,150.862107983947
506.224057189726,256.740317917082,219.019586284157,151.102304288017
507.386544534621,257.223852146539,219.41632743127,151.342771948543
508.551628183378,257.708200274527,219.813688632898,151.583510641757
509.719313205708,258.193363033764,220.211670243247,151.824520040342
510.889604677796,258.679341154767,220.610272613839,152.065799813428
512.062507682254,259.166135365818,221.009496093479,152.307349626563
513.238027308189,259.653746392981,221.409341028272,152.549169141722
514.416168651161,260.142174960079,221.809807761597,152.791258017286
515.596936813148,260.631421788659,222.210896634082,153.033615908022
516.780336902602,261.121487598016,222.612607983615,153.276242465089
517.966374034422,261.612373105164,223.014942145324,153.519137336017
519.155053329906,262.104079024804,223.417899451547,153.762300164688
520.346379916817,262.596606069349,223.82148023185,154.005730591338
521.540358929338,263.089954948883,224.225684812991,154.249428252539
522.736995508084,263.584126371167,224.630513518925,154.49339278119
523.93629480005,264.079121041599,225.035966670768,154.737623806495
525.138261958686,264.574939663237,225.442044586812,154.982120953966
526.342902143835,265.071582936762,225.848747582497,155.226883845406
527.550220521758,265.569051560478,226.256075970406,155.471912098894
528.760222265079,266.06734623028,226.664030060238,155.717205328773
529.972912552849,266.566467639667,227.072610158817,155.962763145645
531.188296570515,267.066416479722,227.481816570072,156.208585156357
532.406379509868,267.567193439076,227.891649595006,156.454670963981
533.627166569116,268.06879920393,228.302109531716,156.701020167815
534.850662952844,268.571234458031,228.713196675364,156.947632363368
536.076873871966,269.074499882633,229.124911318151,157.194507142337
537.305804543804,269.578596156526,229.537253749333,157.441644092612
538.53746019202,270.083523955997,229.950224255192,157.689042798255
539.77184604665,270.589283954832,230.363823119029,157.936702839494
541.008967344037,271.095876824276,230.778050621137,158.184623792698
542.24882932692,271.603303233063,231.192907038819,158.432805230387
543.491437244315,272.111563847353,231.608392646336,158.681246721196
544.736796351659,272.620659330783,232.024507714946,158.929947829893
545.98491191063,273.130590344384,232.441252512834,159.178908117333
547.235789189277,273.641357546619,232.858627305142,159.428127140475
548.489433461972,274.152961593355,233.276632353947,159.677604452358
549.745850009354,274.665403137835,233.695267918228,159.927339602087
551.005044118415,275.178682830692,234.114534253886,160.177332134827
552.267021082442,275.692801319925,234.534431613714,160.427581591796
553.53178620098,276.207759250871,234.954960247375,160.678087510238
554.799344779905,276.723557266217,235.376120401415,160.928849423425
556.06970213138,277.24019600598,235.797912319234,161.179866860646
557.342863573801,277.757676107477,236.22033624107,161.431139347183
558.618834431882,278.275998205337,236.643392404001,161.682666404312
559.897620036602,278.795162931481,237.067081041928,161.934447549289
561.179225725162,279.315170915087,237.491402385548,162.186482295329
562.463656841061,279.836022782618,237.916356662367,162.43877015161
563.750918734031,280.357719157774,238.341944096668,162.691310623251
565.041016760053,280.880260661501,238.76816490951,162.944103211303
566.333956281356,281.403647911968,239.195019318711,163.197147412739
567.629742666361,281.927881524547,239.622507538828,163.450442720436
568.928381289759,282.452962111822,240.050629781161,163.703988623177
570.229877532457,282.978890283565,240.479386253737,163.957784605628
571.534236781541,283.505666646708,240.908777161279,164.211830148326
572.841464430339,284.033291805358,241.338802705221,164.466124727679
574.151565878389,284.561766360776,241.769463083684,164.720667815946
575.464546531377,285.091090911338,242.20075849145,164.975458881221
576.780411801223,285.621266052564,242.632689119976,165.230497387436
578.099167106031,286.152292377085,243.065255157367,165.485782794339
579.42081787004,286.684170474612,243.498456788356,165.741314557479
580.745369523702,287.216900931963,243.93229419431,165.997092128209
582.072827503629,287.750484333025,244.366767553214,166.253114953666
583.403197252559,288.284921258731,244.801877039637,166.509382476751
584.736484219416,288.82021228708,245.237622824752,166.765894136139
586.072693859256,289.356357993099,245.674005076305,167.022649366248
587.411831633291,289.893358948847,246.111023958611,167.279647597243
588.753903008821,290.431215723373,246.548679632523,167.536888255005
590.098913459313,290.969928882743,246.98697225545,167.794370761143
591.446868464342,291.509498990003,247.425901981322,168.052094532969
592.79777350961,292.049926605176,247.865468960593,168.31005898349
594.151634086877,292.591212285229,248.305673340207,168.568263521393
595.508455694052,293.133356584093,248.746515263613,168.826707551039
596.868243835131,293.676360052635,249.18799487074,169.085390472456
598.231004020158,294.220223238627,249.630112297973,169.344311681311
599.596741765294,294.76494668677,250.072867678166,169.603470568921
600.965462592774,295.31053093866,250.516261140618,169.862866522226
602.337172030857,295.856976532761,250.960292811045,170.122498923778
603.711875613902,296.404284004428,251.404962811598,170.382367151745
605.089578882306,296.952453885871,251.850271260832,170.642470579881
606.470287382523,297.501486706151,252.296218273701,170.902808577532
607.854006667003,298.051382991148,252.742803961531,171.163380509605
609.240742294272,298.602143263581,253.190028432034,171.424185736578
610.63049982886,299.153768042977,253.637891789279,171.685223614479
612.023284841331,299.706257845661,254.086394133686,171.946493494876
613.419102908217,300.259613184729,254.535535561997,172.207994724855
614.817959612092,300.813834570069,254.985316167297,172.469726647035
616.219860541527,301.368922508325,255.435736038978,172.731688599536
617.624811291037,301.924877502875,255.886795262725,172.993879915968
619.032817461161,302.481700053848,256.338493920521,173.256299925435
620.443884658411,303.0393906581,256.790832090629,173.518947952514
621.858018495224,303.597949809175,257.243809847564,173.781823317237
623.275224590034,304.157377997337,257.697427262107,174.044925335099
624.695508567233,304.717675709535,258.151684401281,174.308253317035
626.11887605711,305.278843429375,258.606581328326,174.571806569403
627.545332695932,305.840881637141,259.062118102716,174.835584393991
628.9748841259,306.403790809769,259.518294780128,175.099586087995
630.407535995073,306.967571420804,259.975111412417,175.363810943999
631.843293957533,307.532223940461,260.432568047654,175.628258249996
633.28216367316,308.097748835525,260.89066473005,175.892927289335
634.724150807796,308.664146569404,261.349401499993,176.157817340745
636.16926103317,309.231417602097,261.808778394019,176.42292767831
637.617500026858,309.799562390156,262.268795444787,176.68825757145
639.068873472347,310.36858138672,262.729452681096,176.953806284933
640.523387059002,310.938475041476,263.190750127857,177.219573078846
641.981046481995,311.509243800635,263.65268780607,177.485557208585
643.441857442404,312.08088810695,264.115265732838,177.751757924856
644.905825647147,312.653408399691,264.578483921344,178.01817447366
646.372956808938,313.226805114614,265.042342380823,178.28480609627
647.843256646362,313.801078683982,265.506841116581,178.55165202924
649.316730883829,314.376229536539,265.971980129966,178.818711504386
650.793385251517,314.952258097475,266.437759418347,179.085983748767
652.273225485455,315.529164788455,266.904178975127,179.353467984689
653.756257327453,316.10695002758,267.371238789716,179.62116342969
655.242486525117,316.685614229382,267.838938847519,179.889069296523
656.731918831843,317.265157804819,268.307279129937,180.157184793157
658.22456000676,317.845581161234,268.77625961433,180.425509122751
659.720415814809,318.426884702388,269.245880274037,180.694041483663
661.21949202669,319.009068828421,269.716141078349,180.962781069427
662.721794418801,319.592133935828,270.187041992488,181.23172706874
664.227328773333,320.176080417482,270.658582977618,181.500878665467
665.736100878213,320.760908662601,271.130763990823,181.770235038618
667.248116527041,321.346619056722,271.60358498508,182.039795362335
668.763381519188,321.933211981725,272.077045909279,182.309558805898
670.281901659725,322.520687815799,272.551146708194,182.579524533703
671.803682759386,323.109046933419,273.025887322461,182.849691705247
673.328730634639,323.698289705362,273.501267688593,183.120059475134
674.85705110764,324.288416498686,273.977287738953,183.390626993054
676.388650006172,324.879427676694,274.453947401736,183.661393403769
677.923533163734,325.47132359896,274.931246600976,183.932357847118
679.461706419466,326.064104621294,275.409185256526,184.203519457993
681.003175618178,326.657771095744,275.887763284049,184.47487736634
682.547946610274,327.252323370555,276.366980594993,184.746430697135
684.096025251841,327.847761790201,276.846837096605,185.018178570389
685.647417404573,328.444086695343,277.327332691904,185.290120101133
687.202128935799,329.041298422832,277.808467279676,185.562254399406
688.760165718408,329.639397305673,278.290240754449,185.834580570242
690.321533630942,330.238383673051,278.772653006507,186.10709771367
691.886238557525,330.838257850301,279.255703921865,186.379804924702
693.454286387825,331.439020158876,279.739393382247,186.652701293311
695.025683017129,332.040670916375,280.2237212651,186.92578590444
696.600434346292,332.643210436512,280.708687443571,187.199057837983
698.178546281674,333.246639029087,281.194291786481,187.472516168766
699.760024735236,333.85095700001,281.680534158346,187.746159966559
701.344875624462,334.456164651268,282.167414419343,188.019988296051
702.933104872384,335.062262280922,282.654932425312,188.294000216846
704.524718407503,335.669250183075,283.143088027723,188.568194783444
706.119722163892,336.277128647895,283.6318810737,188.842571045251
707.718122081106,336.885897961582,284.121311405983,189.11712804655
709.319924104215,337.495558406366,284.611378862936,189.391864826509
710.925134183727,338.106110260473,285.102083278511,189.66678041915
712.533758275678,338.71755379815,285.593424482269,189.941873853362
714.145802341575,339.329889289638,286.085402299354,190.217144152885
715.761272348335,339.943117001138,286.578016550469,190.492590336285
717.380174268381,340.557237194842,287.071267051895,190.768211416969
719.002514079573,341.1722501289,287.565153615466,191.044006403167
720.628297765162,341.78815605739,288.059676048543,191.319974297909
722.257531313872,342.404955230349,288.554834154034,191.596114099037
723.890220719843,343.022647893739,289.050627730368,191.872424799187
725.526371982574,343.641234289418,289.547056571475,192.148905385774
727.165991107012,344.260714655168,290.044120466795,192.425554840992
728.809084103497,344.881089224665,290.541819201265,192.702372141805
730.455656987677,345.502358227443,291.040152555281,192.979356259925
732.105715780695,346.124521888954,291.539120304746,193.256506161831
733.759266508936,346.747580430466,292.03872222099,193.533820808725
735.416315204209,347.371534069123,292.538958070814,193.811299156548
737.076867903665,347.996383017912,293.03982761646,194.088940155969
738.740930649741,348.622127485628,293.541330615586,194.366742752358
740.408509490251,349.248767676907,294.04346682129,194.644705885804
742.079610478331,349.876303792193,294.546235982078,194.922828491089
743.754239672366,350.504736027709,295.049637841847,195.201109497678
745.432403136098,351.134064575487,295.553672139898,195.479547829724
747.114106938557,351.764289623334,296.058338610917,195.758142406049
748.799357154005,352.395411354807,296.563636984946,196.036892140133
750.488159862021,353.027429949239,297.069566987408,196.315795940117
752.180521147456,353.660345581709,297.576128339078,196.594852708789
753.876447100355,354.294158423013,298.08332075606,196.874061343567
755.575943816062,354.928868639694,298.591143949808,197.153420736506
757.279017395142,355.564476394004,299.099597627097,197.43292977428
758.985673943376,356.200981843899,299.608681490018,197.712587338178
760.695919571793,356.838385143041,300.118395235972,197.992392304095
762.409760396566,357.476686440755,300.628738557642,198.272343542514
764.127202539122,358.115885882063,301.139711143014,198.552439918516
765.84825212608,358.755983607652,301.651312675353,198.832680291764
767.57291528918,359.396979753845,302.163542833177,199.113063516484
769.301198165392,360.03887445263,302.676401290279,199.393588441474
771.03310689684,360.681667831634,303.189887715705,199.674253910093
772.768647630752,361.325360014087,303.704001773723,199.955058760235
774.507826519548,361.969951118855,304.218743123851,200.236001824348
776.250649720782,362.615441260415,304.734111420833,200.517081929412
777.997123397081,363.261830548817,305.250106314607,200.798297896923
779.747253716237,363.909119089718,305.766727450335,201.079648542905
781.501046851147,364.557306984354,306.283974468374,201.361132677891
783.25850897975,365.20639432951,306.801847004255,201.642749106909
785.019646285128,365.856381217547,307.320344688701,201.92449662949
786.784464955416,366.507267736371,307.839467147601,202.206374039648
788.552971183823,367.159053969426,308.359214002005,202.488380125881
790.325171168631,367.811739995691,308.87958486812,202.770513671158
792.101071113117,368.465325889649,309.400579357281,203.052773452906
793.880677225651,369.119811721312,309.922197075976,203.33515824302
795.663995719633,369.775197556196,310.444437625817,203.617666807842
797.45103281343,370.431483455288,310.96730060352,203.900297908153
799.241794730472,371.08866947508,311.490785600924,204.183050299174
801.036287699197,371.746755667536,312.01489220497,204.465922730555
802.834517952972,372.40574208007,312.539619997678,204.748913946363
804.636491730207,373.065628755566,313.064968556164,205.032022685083
806.442215274284,373.726415732362,313.590937452625,205.315247679612
808.251694833495,374.388103044209,314.117526254305,205.598587657235
810.06493666114,375.050690720308,314.644734523525,205.88204133964
811.881947015445,375.714178785278,315.172561817652,206.165607442901
813.702732159592,376.37856725915,315.701007689102,206.449284677469
815.527298361633,377.043856157342,316.23007168531,206.733071748164
817.355651894591,377.710045490685,316.759753348753,207.01696735418
819.18779903638,378.377135265388,317.29005221692,207.300970189065
821.023746069827,379.045125483046,317.820967822321,207.585078940726
822.863499282596,379.714016140596,318.352499692448,207.869292291403
824.707064967277,380.38380723036,318.884647349808,208.153608917686
826.554449421341,381.05449874001,319.417410311894,208.4380274905
828.405658947054,381.726090652538,319.95078809116,208.722546675084
830.260699851592,382.398582946292,320.484780195052,209.007165131007
832.119578446972,383.071975594945,321.019386125978,209.291881512151
833.982301049983,383.746268567468,321.554605381287,209.576694466698
835.848873982297,384.42146182816,322.090437453294,209.861602637139
837.719303570394,385.097555336621,322.626881829253,210.146604660257
839.593596145505,385.774549047724,323.163937991337,210.431699167117
841.471758043705,386.452442911646,323.701605416665,210.716884783075
843.353795605861,387.131236873842,324.239883577269,211.002160127762
845.23971517753,387.810930875005,324.778771940076,211.287523815069
847.129523109174,388.49152485114,325.318269966954,211.572974453169
849.023225755876,389.173018733453,325.858377114631,211.858510644473
850.920829477535,389.855412448424,326.399092834745,212.14413098566
852.8223406388,390.538705917769,326.940416573819,212.429834067648
854.727765608975,391.222899058413,327.482347773235,212.715618475593
856.637110762151,391.907991782523,328.02488586926,213.001482788892
858.55038247712,392.593983997477,328.568030293024,213.287425581172
860.467587137319,393.28087560584,329.111780470494,213.573445420272
862.388731130932,393.968666505398,329.656135822503,213.859540868259
864.31382085082,394.657356589124,330.201095764725,214.145710481415
866.242862694462,395.346945745155,330.74665970765,214.431952810215
868.175863064049,396.037433856826,331.292827056617,214.718266399347
870.112828366432,396.72882080264,331.839597211782,215.004649787696
872.053765013043,397.421106456237,332.3869695681,215.291101508324
873.998679419999,398.114290686438,332.934943515352,215.577620088493
875.947578008032,398.808373357197,333.483518438113,215.864204049637
877.900467202499,399.503354327621,334.032693715762,216.150851907371
879.857353433308,400.199233451923,334.582468722445,216.437562171469
881.81824313502,400.896010579466,335.13284282711,216.724333345878
883.783142746762,401.593685554721,335.683815393475,217.011163928703
885.752058712257,402.292258217283,336.235385780035,217.298052412206
887.724997479738,402.991728401824,336.787553340028,217.58499728279
889.701965502051,403.692095938139,337.340317421471,217.871997021011
891.682969236598,404.393360651114,337.893677367127,218.159050101565
893.668015145255,405.095522360696,338.447632514492,218.446154993274
895.657109694485,405.798580881931,339.002182195816,218.7333101591
897.650259355283,406.502536024939,339.557325738082,219.02051405613
899.647470603083,407.207387594879,340.113062462987,219.307765135565
901.648749917888,407.913135391992,340.669391686963,219.595061842728
903.654103784195,408.61977921157,341.22631272116,219.882402617058
905.663538690919,409.327318843928,341.78382487142,220.169785892089
907.677061131512,410.035754074442,342.341927438308,220.45721009547
909.694677603875,410.745084683512,342.900619717083,220.744673648945
911.716394610358,411.455310446567,343.459900997695,221.032174968353
913.742218657783,412.166431134061,344.019770564791,221.319712463626
915.772156257347,412.87844651144,344.580227697681,221.607284538772
917.806213924733,413.591356339182,345.141271670371,221.894889591892
919.844398180053,414.305160372765,345.70290175154,222.182526015163
921.886715547753,415.019858362643,346.265117204513,222.47019219483
923.933172556755,415.73545005428,346.827917287298,222.757886511215
925.983775740363,416.451935188126,347.391301252557,223.045607338706
928.038531636207,417.169313499587,347.955268347588,223.333353045745
930.097446786351,417.887584719065,348.51981781435,223.621121994841
932.160527737223,418.606748571928,349.084948889447,223.908912542559
934.227781039545,419.326804778485,349.6506608041,224.196723039504
936.299213248444,420.047753054021,350.216952784178,224.484551830339
938.374830923387,420.769593108775,350.783824050181,224.772397253772
940.454640628108,421.492324647907,351.35127381721,225.06025764254
942.538648930722,422.215947371539,351.919301295001,225.348131323427
944.62686240363,422.940460974723,352.487905687902,225.636016617248
946.719287623537,423.665865147438,353.057086194864,225.923911838848
948.815931171462,424.392159574595,353.626842009449,226.211815297101
950.916799632639,425.119343936004,354.197172319804,226.499725294898
953.021899596647,425.847417906409,354.768076308685,226.787640129157
955.131237657325,426.576381155465,355.33955315344,227.075558090814
957.244820412705,427.306233347709,355.911602025987,227.363477464812
959.362654465135,428.036974142599,356.484222092844,227.651396530114
961.484746421197,428.768603194488,357.057412515105,227.939313559689
963.611102891639,429.501120152599,357.631172448424,228.227226820507
965.741730491496,430.234524661057,358.20550104304,228.515134573544
967.876635840018,430.968816358874,358.780397443758,228.80303507378
970.015825560588,431.703994879912,359.355860789932,229.090926570184
972.159306280855,432.440059852929,359.931890215487,229.378807305725
974.307084632648,433.177010901549,360.508484848905,229.666675517367
976.45916725189,433.914847644229,361.085643813195,229.95452943605
978.615560778827,434.653569694339,361.663366225956,230.242367286722
980.776271857706,435.393176660048,362.241651199288,230.530187288295
982.94130713702,436.133668144408,362.820497839855,230.817987653676
985.110673269399,436.875043745314,363.399905248858,231.105766589749
987.284376911546,437.617303055485,363.979872522016,231.393522297372
989.462424724354,438.360445662495,364.56039874959,231.68125297138
991.644823372833,439.104471148758,365.141483016374,231.968956800588
993.831579526032,439.849379091491,365.723124401664,232.256631967771
996.02269985717,440.595169062762,366.305321979296,232.54427664968
998.218191043558,441.341840629463,366.888074817621,232.831889017036
1000.41805976653,442.089393353279,367.47138197949,233.119467234515
1002.62231271154,442.837826790739,368.055242522281,233.407009460766
1004.83095656813,443.587140493177,368.63965549788,233.694513848401
1007.04399802982,444.337334006717,369.224619952661,233.98197854398
1009.26144379427,445.08840687231,369.810134927518,234.269401688031
1011.48330056312,445.840358625702,370.396199457842,234.556781415039
1013.7095750421,446.593188797444,370.982812573523,234.844115853445
1015.94027394087,447.346896912858,371.569973298932,235.131403125633
1018.17540397321,448.101482492084,372.157680652946,235.418641347951
1020.41497185684,448.856945050042,372.74593364893,235.705828630693
1022.65898431355,449.613284096445,373.334731294739,235.992963078107
1024.907448069,450.370499135766,373.924072592695,236.280042788379
1027.16036985297,451.128589667282,374.513956539624,236.567065853652
1029.41775639915,451.887555185048,375.10438212683,236.854030360016
1031.67961444516,452.647395177869,375.695348340076,237.140934387494
1033.94595073266,453.408109129344,376.286854159622,237.427776010064
1036.21677200724,454.169696517844,376.878898560201,237.714553295647
1038.49208501837,454.932156816482,377.471480510999,238.001264306096
1040.77189651953,455.695489493157,378.064598975693,238.287907097215
1043.05621326813,456.459694010533,378.658252912426,238.574479718749
1045.34504202541,457.224769826007,379.25244127379,238.860980214372
1047.63838955662,457.990716391757,379.847163006861,239.147406621706
1049.93626263088,458.757533154709,380.442417053173,239.433756972312
1052.23866802119,459.525219556541,381.038202348718,239.720029291683
1054.5456125045,460.293775033689,381.634517823957,240.006221599258
1056.85710286152,461.063199017315,382.231362403793,240.292331908401
1059.17314587695,461.83349093335,382.828735007601,240.578358226422
1061.49374833933,462.60465020247,383.426634549215,240.864298554568
1063.81891704099,463.37667624007,384.025059936903,241.150150888013
1066.1486587782,464.149568456309,384.624010073405,241.435913215873
1068.48298035105,464.923326256088,385.223483855916,241.721583521206
1070.82188856339,465.697949039017,385.823480176061,242.007159780989
1073.165390223,466.473436199469,386.423997919935,242.29263996615
1075.51349214145,467.249787126553,387.025035968081,242.578022041549
1077.86620113407,468.027001204084,387.626593195475,242.863303965975
1080.22352402006,468.805077810635,388.228668471555,243.148483692162
1082.58546762241,469.584016319507,388.831260660209,243.433559166777
1084.95203876786,470.363816098708,389.434368619751,243.718528330417
1087.32324428695,471.144476510998,390.037991202959,244.003389117627
1089.69909101403,471.925996913855,390.642127257052,244.288139456882
1092.07958578719,472.708376659483,391.246775623689,244.572777270597
1094.46473544831,473.491615094819,391.851935138983,244.857300475129
1096.85454684296,474.275711561501,392.457604633472,245.141706980762
1099.24902682051,475.060665395912,393.063782932152,245.425994691731
1101.64818223409,475.84647592916,393.670468854467,245.71016150621
1104.05201994049,476.633142487048,394.277661214283,245.994205316307
1106.46054680029,477.420664390125,394.885358819926,246.278124008077
1108.8737696778,478.209040953661,395.493560474166,246.561915461521
1111.29169544097,478.998271487622,396.102264974199,246.845577550573
1113.71433096151,479.788355296716,396.711471111679,247.129108143121
1116.14168311486,480.579291680372,397.321177672706,247.412505100998
1118.57375878004,481.371079932713,397.931383437802,247.695766279977
1121.01056483987,482.163719342603,398.542087181952,247.978889529784
1123.45210818083,482.957209193628,399.153287674585,248.261872694099
1125.89839569297,483.751548764057,399.764983679549,248.544713610536
1128.34943427018,484.546737326936,400.377173955182,248.827410110685
1130.80523080985,485.34277414997,400.989857254219,249.109960020066
1133.2657922131,486.139658495618,401.60303232387,249.392361158167
1135.73112538471,486.937389621056,402.21669790579,249.674611338432
1138.20123723302,487.735966778154,402.830852736063,249.956708368254
1140.67613467009,488.535389213526,403.445495545237,250.238650048994
1143.15582461159,489.335656168506,404.060625058311,250.520434175974
1145.64031397675,490.136766879124,404.676239994716,250.802058538471
1148.12960968847,490.938720576153,405.29233906835,251.083520919735
1150.62371867328,491.741516485089,405.908920987564,251.364819096982
1153.12264786122,492.545153826124,406.525984455142,251.64595084139
1155.62640418601,493.349631814197,407.14352816834,251.926913918112
1158.13499458497,494.154949658972,407.761550818874,252.207706086278
1160.64842599889,494.961106564809,408.380051092892,252.488325098984
1163.16670537226,495.768101730822,408.999027671021,252.768768703308
1165.68983965309,496.575934350839,409.618479228341,253.049034640307
1168.21783579299,497.384603613424,410.2384044344,253.329120645022
1170.75070074704,498.194108701846,410.858801953187,253.609024446469
1173.28844147397,499.004448794126,411.479670443175,253.888743767657
1175.83106493601,499.81562306301,412.101008557299,254.168276325584
1178.37857809899,500.62763067598,412.722814942962,254.44761983124
1180.93098793216,501.440470795231,413.345088242023,254.7267719896
1183.48830140842,502.254142577715,413.967827090829,255.005730499647
1186.05052550415,503.06864517512,414.591030120197,255.284493054358
1188.61766719922,503.883977733847,415.214695955404,255.563057340706
1191.18973347705,504.700139395064,415.838823216222,255.841421039678
1193.7667313246,505.517129294676,416.463410516902,256.119581826269
1196.34866773224,506.334946563309,417.088456466156,256.397537369472
1198.93554969392,507.153590326359,417.713959667201,256.675285332306
1201.52738420709,507.973059703965,418.339918717739,256.952823371803
1204.12417827258,508.793353810995,418.966332209941,257.230149139011
1206.72593889483,509.614471757089,419.593198730487,257.507260279002
1209.33267308168,510.436412646634,420.220516860547,257.784154430878
1211.94438784448,511.259175578771,420.848285175784,258.060829227767
1214.56109019805,512.082759647405,421.476502246367,258.337282296832
1217.18278716062,512.907163941179,422.105166636948,258.613511259264
1219.80948575392,513.732387543522,422.734276906699,258.889513730301
1222.44119300315,514.558429532627,423.363831609303,259.165287319225
1225.07791593689,515.385288981427,423.99382929293,259.440829629354
1227.71966158723,516.212964957654,424.624268500284,259.716138258068
1230.36643698969,517.041456523812,425.255147768585,259.991210796796
1233.01824918316,517.870762737148,425.88646562955,260.266044831018
1235.67510521003,518.700882649723,426.518220609439,260.540637940284
1238.3370121161,519.531815308369,427.150411229037,260.814987698208
1241.00397695053,520.363559754682,427.783036003639,261.089091672463
1243.67600676597,521.196115025069,428.416093443088,261.362947424808
1246.35310861848,522.029480150724,429.049582051764,261.636552511071
1249.03528956744,522.863654157612,429.683500328568,261.909904481159
1251.72255667572,523.698636066517,430.317846766958,262.183000879069
1254.41491700954,524.534424893015,430.952619854936,262.455839242884
1257.11237763854,525.371019647483,431.587818075048,262.728417104781
1259.81494563577,526.208419335114,432.223439904405,263.000731991038
1262.52262807757,527.046622955886,432.85948381465,263.272781422024
1265.23543204374,527.885629504611,433.49594827201,263.544562912224
1267.95336461748,528.725437970923,434.132831737275,263.816073970233
1270.67643288527,529.566047339246,434.770132665783,264.087312098754
1273.40464393703,530.407456588857,435.407849507465,264.358274794615
1276.13800486605,531.249664693857,436.045980706827,264.62895954877
1278.8765227689,532.092670623156,436.684524702937,264.899363846293
1281.62020474561,532.936473340523,437.323479929468,265.1694851664
1284.36905789952,533.781071804568,437.962844814681,265.439320982444
1287.12308933727,534.626464968717,438.602617781409,265.708868761914
1289.88230616892,535.47265178127,439.242797247106,265.978125966455
1292.64671550789,536.319631185379,439.883381623824,266.247090051863
1295.41632447079,537.167402119016,440.524369318199,266.515758468082
1298.19114017779,538.015963515075,441.165758731521,266.784128659238
1300.9711697522,538.865314301254,441.807548259651,267.052198063604
1303.75642032074,539.715453400153,442.449736293098,267.31996411364
1306.5468990135,540.566379729247,443.092321216993,267.587424235978
1309.34261296378,541.418092200862,443.735301411079,267.854575851431
1312.14356930828,542.270589722233,444.378675249755,268.121416375007
1314.94977518704,543.123871195482,445.022441102054,268.387943215904
1317.76123774332,543.977935517596,445.666597331641,268.654153777516
1320.57796412375,544.832781580487,446.311142296845,268.920045457447
1323.39996147831,545.688408270968,446.956074350652,269.18561564751
1326.22723696017,546.54481447073,447.601391840687,269.450861733729
1329.0597977259,547.401999056405,448.247093109262,269.715781096354
1331.89765093536,548.259960899539,448.893176493355,269.980371109861
1334.74080375164,549.118698866575,449.539640324603,270.244629142954
1337.5892633412,549.978211818907,450.186482929342,270.508552558579
1340.44303687375,550.838498612856,450.833702628591,270.772138713926
1343.30213152234,551.699558099687,451.481297738063,271.035384960437
1346.16655446319,552.56138912558,452.129266568151,271.298288643799
1349.03631287594,553.423990531693,452.77760742397,271.560847103971
1351.91141394343,554.287361154125,453.426318605337,271.823057675175
1354.79186485185,555.151499823945,454.075398406791,272.084917685911
1357.67767279055,556.016405367161,454.724845117569,272.346424458949
1360.56884495227,556.882076604776,455.374657021656,272.607575311352
1363.46538853301,557.748512352772,456.024832397768,272.868367554475
1366.36731073195,558.615711422083,456.675369519338,273.128798493965
1369.27461875163,559.48367261866,457.326266654563,273.388865429779
1372.18731979786,560.352394743448,457.977522066392,273.648565656185
1375.10542107964,561.221876592361,458.629134012505,273.907896461758
1378.0289298093,562.09211695635,459.281100745368,274.166855129408
1380.95785320241,562.963114621367,459.933420512208,274.425438936368
1383.89219847786,563.834868368392,460.586091555031,274.683645154212
1386.83197285766,564.7073769734,461.239112110608,274.94147104885
1389.7771835672,565.580639207425,461.892480410512,275.198913880544
1392.72783783509,566.454653836529,462.546194681105,275.455970903915
1395.68394289323,567.329419621825,463.200253143559,275.712639367946
1398.64550597667,568.204935319449,463.854654013827,275.968916515981
1401.61253432382,569.081199680621,464.5093955027,276.224799585751
1404.58503517633,569.958211451622,465.164475815786,276.480285809366
1407.56301577901,570.835969373778,465.819893153501,276.735372413319
1410.54648338001,571.714472183514,466.475645711114,276.990056618508
1413.53544523074,572.59371861234,467.131731678732,277.244335640235
1416.52990858576,573.47370738683,467.788149241293,277.498206688203
1419.52988070295,574.354437228676,468.444896578606,277.75166696654
1422.53536884346,575.23590685468,469.101971865342,278.004713673802
1425.54638027159,576.118114976723,469.75937327102,278.257344002964
1428.56292225496,577.00106030183,470.417098960052,278.509555141453
1431.58500206445,577.884741532151,471.075147091734,278.761344271135
1434.61262697409,578.769157364942,471.733515820234,279.012708568329
1437.64580426123,579.654306492622,472.392203294628,279.263645203818
1440.68454120645,580.54018760275,473.051207658899,279.51415134285
1443.72884509356,581.426799378034,473.710527051934,279.76422414515
1446.77872320965,582.314140496354,474.370159607548,280.013860764928
1449.83418284495,583.202209630731,475.030103454461,280.263058350875
1452.89523129303,584.091005449387,475.690356716347,280.511814046189
1455.96187585071,584.980526615729,476.350917511821,280.760124988573
1459.03412381795,585.870771788326,477.011783954427,281.007988310233
1462.11198249803,586.76173962097,477.672954152681,281.255401137905
1465.19545919749,587.653428762663,478.334426210069,281.502360592852
1468.28456122602,588.545837857591,478.996198225023,281.748863790867
1471.37929589663,589.438965545189,479.658268290979,281.994907842291
1474.47967052559,590.332810460119,480.320634496354,282.240489852017
1477.5856924323,591.227371232257,480.983294924547,282.485606919493
1480.69736893951,592.122646486747,481.646247653974,282.730256138736
1483.81470737322,593.018634843989,482.309490758065,282.974434598341
1486.93771506255,593.915334919616,482.973022305249,283.218139381479
1490.06639933999,594.812745324554,483.636840358998,283.461367565915
1493.20076754124,595.710864665003,484.300942977817,283.704116224015
1496.34082700526,596.609691542455,484.965328215259,283.946382422752
1499.48658507418,597.509224553666,485.629994119908,284.188163223705
1502.63804909345,598.409462290725,486.294938735426,284.429455683086
1505.79522641178,599.31040334102,486.96016010054,284.670256851734
1508.95812438112,600.212046287269,487.625656249058,284.910563775131
1512.12675035659,601.114389707488,488.291425209851,285.150373493398
1515.30111169666,602.017432175057,488.957465006905,285.389683041319
1518.48121576305,602.921172258702,489.623773659309,285.628489448344
1521.66706992065,603.825608522471,490.290349181236,285.866789738585
1524.85868153769,604.730739525804,490.957189582004,286.104580930846
1528.05605798566,605.636563823511,491.624292866056,286.341860038616
1531.25920663921,606.543079965753,492.29165703295,286.578624070079
1534.46813487636,607.450286498107,492.959280077408,286.814870028128
1537.68285007836,608.358181961537,493.6271599893,287.05059491037
1540.90335962973,609.266764892423,494.295294753665,287.285795709139
1544.12967091818,610.176033822531,494.963682350692,287.520469411492
1547.3617913348,611.08598727908,495.632320755771,287.754612999235
1550.59972827389,611.99662378471,496.301207939471,287.988223448919
1553.84348913306,612.907941857515,496.970341867569,288.221297731856
1557.09308131311,613.81994001101,497.639720501025,288.453832814116
1560.34851221821,614.732616754198,498.309341796038,288.685825656554
1563.60978925579,615.645970591556,498.97920370403,288.917273214809
1566.87691983649,616.560000023004,499.649304171635,289.148172439301
1570.1499113743,617.474703543985,500.319641140755,289.378520275264
1573.42877128653,618.390079645437,500.99021254854,289.608313662742
1576.71350699366,619.306126813774,501.661016327382,289.837549536587
1580.00412591955,620.222843530961,502.332050404964,290.06622482649
1583.30063549137,621.140228274482,503.003312704252,290.294336456981
1586.60304313949,622.058279517332,503.674801143475,290.521881347424
1589.91135629766,622.97699572808,504.346513636187,290.748856412051
1593.22558240294,623.896375370848,505.018448091248,290.975258559956
1596.54572889557,624.816416905283,505.690602412807,291.201084695094
1599.87180321931,625.737118786676,506.36297450039,291.426331716324
1603.20381282103,626.658479465835,507.035562248812,291.650996517379
1606.541765151,627.580497389197,507.70836354826,291.875075986901
1609.88566766284,628.503170998805,508.381376284279,292.098567008443
1613.2355278134,629.426498732286,509.054598337757,292.32146646047
1616.59135306291,630.350479022918,509.72802758498,292.543771216383
1619.95315087497,631.275110299616,510.401661897617,292.76547814452
1623.32092871639,632.200390986907,511.075499142713,292.986584108161
1626.69469405741,633.126319505001,511.749537182738,293.207085965548
1630.07445437162,634.052894269771,512.423773875576,293.426980569889
1633.46021713583,634.980113692736,513.098207074515,293.646264769361
1636.85198983033,635.907976181127,513.772834628299,293.864935407133
1640.24977993872,636.83648013787,514.447654381113,294.082989321367
1643.65359494787,637.765623961567,515.12266417258,294.300423345222
1647.06344234811,638.695406046563,515.797861837805,294.517234306878
1650.4793296331,639.625824782919,516.473245207361,294.733419029535
1653.90126429984,640.556878556431,517.148812107306,294.948974331423
1657.32925384876,641.488565748651,517.8245603592,295.163897025819
1660.76330578355,642.420884736859,518.500487780084,295.378183921041
1664.20342761138,643.353833894132,519.176592182539,295.591831820481
1667.6496268428,644.287411589321,519.852871374669,295.804837522595
1671.10191099164,645.22161618704,520.52932316009,296.017197820914
1674.56028757523,646.156446047729,521.205945337989,296.228909504068
1678.02476411429,647.091899527637,521.882735703107,296.439969355786
1681.49534813284,648.027974978806,522.55969204573,296.650374154896
1684.97204715841,648.964670749137,523.236812151741,296.860120675357
1688.45486872194,649.90198518237,523.914093802612,297.069205686252
1691.94382035766,650.839916618073,524.591534775391,297.2776259518
1695.43890960335,651.778463391704,525.269132842754,297.485378231373
1698.94014400021,652.717623834594,525.946885772996,297.6924592795
1702.44753109274,653.657396273932,526.62479133002,297.898865845874
1705.96107842901,654.597779032831,527.302847273391,298.104594675372
1709.48079356048,655.538770430302,527.981051358315,298.309642508054
1713.00668404209,656.480368781283,528.659401335667,298.514006079183
1716.53875743212,657.422572396611,529.337894951972,298.717682119221
1720.07702129242,658.365379583096,530.016529949458,298.920667353857
1723.62148318827,659.308788643486,530.69530406604,299.122958504003
1727.17215068844,660.2527978765,531.374215035342,299.324552285809
1730.72903136506,661.197405576806,532.053260586682,299.525445410671
1734.29213279388,662.142610035081,532.732438445123,299.725634585244
1737.86146255408,663.088409538002,533.411746331466,299.925116511453
1741.43702822827,664.034802368222,534.091181962236,300.123887886495
1745.01883740265,664.981786804439,534.770743049737,300.321945402857
1748.60689766689,665.929361121389,535.450427302042,300.51928574833
1752.20121661411,666.87752358981,536.13023242298,300.715905606
1755.80180184102,667.826272476529,536.810156112195,300.911801654282
1759.40866094782,668.775606044425,537.490196065123,301.106970566914
1763.02180153828,669.725522552461,538.170349973018,301.301409012976
1766.64123121958,670.676020255661,538.85061552294,301.495113656889
1770.26695760256,671.627097405172,539.530990397799,301.68808115844
1773.89898830156,672.578752248245,540.211472276349,301.880308172781
1777.53733093453,673.530983028261,540.892058833202,302.071791350445
1781.18199312283,674.483787984704,541.57274773882,302.26252733735
1784.83298249153,675.437165353235,542.253536659565,302.452512774817
1788.49030666926,676.391113365668,542.934423257684,302.641744299577
1792.15397328811,677.345630249958,543.61540519131,302.830218543775
1795.82398998389,678.300714230267,544.296480114505,303.017932134994
1799.50036439598,679.256363526951,544.977645677255,303.204881696253
1803.18310416725,680.212576356538,545.65889952546,303.391063846019
1806.87221694431,681.169350931801,546.340239300987,303.576475198223
1810.56771037736,682.12668546174,547.021662641658,303.761112362271
1814.26959212012,683.084578151565,547.703167181246,303.944971943043
1817.97786983006,684.043027202762,548.38475054952,304.128050540911
1821.69255116826,685.002030813086,549.066410372244,304.310344751759
1825.41364379932,685.961587176522,549.748144271154,304.491851166968
1829.14115539174,686.92169448341,550.429949864048,304.672566373458
1832.87509361743,687.882350920322,551.111824764701,304.852486953669
1836.61546615209,688.843554670178,551.793766582953,305.031609485591
1840.36228067513,689.805303912219,552.47577292469,305.209930542767
1844.1155448695,690.767596821994,553.157841391839,305.387446694303
1847.87526642196,691.730431571423,553.839969582415,305.56415450488
1851.64145302299,692.693806328787,554.522155090517,305.740050534765
1855.41411236662,693.657719258707,555.204395506318,305.915131339817
1859.19325215075,694.622168522217,555.886688416113,306.089393471505
1862.97888007697,695.587152276743,556.569031402317,306.262833476914
1866.77100385051,696.552668676092,557.251422043451,306.43544789875
1870.56963118045,697.518715870514,557.933857914197,306.607233275362
1874.37476977959,698.485292006695,558.616336585388,306.778186140747
1878.18642736441,699.452395227732,559.298855623997,306.948303024552
1882.00461165524,700.420023673206,559.981412593196,307.117580452101
1885.82933037617,701.388175479158,560.664005052333,307.286014944391
1889.66059125504,702.356848778108,561.346630556953,307.453603018114
1893.49840202354,703.326041699076,562.029286658819,307.620341185656
1897.34277041704,704.295752367562,562.711970905895,307.786225955114
1901.19370417482,705.265978905605,563.394680842394,307.951253830307
1905.05121104001,706.236719431779,564.077414008776,308.115421310788
1908.91529875941,707.207972061166,564.760167941735,308.278724891842
1912.7859750838,708.179734905435,565.442940174254,308.441161064515
1916.66324776779,709.152006072817,566.125728235595,308.602726315615
1920.54712456972,710.124783668094,566.80852965129,308.763417127714
1924.43761325192,711.098065792668,567.491341943192,308.923229979179
1928.3347215806,712.071850544545,568.174162629472,309.082161344163
1932.23845732571,713.046136018316,568.856989224603,309.240207692623
1936.14882826123,714.02092030523,569.539819239416,309.397365490335
1940.06584216504,714.996201493177,570.222650181096,309.553631198899
1943.98950681878,715.971977666671,570.905479553164,309.709001275748
1947.91983000816,716.948246906918,571.588304855535,309.863472174161
1951.85681952278,717.925007291796,572.271123584505,310.017040343278
1955.80048315619,718.902256895882,572.953933232769,310.169702228104
1959.75082870581,719.879993790425,573.636731289412,310.321454269516
1963.70786397309,720.858216043422,574.319515239961,310.472292904287
1967.67159676345,721.836921719586,575.002282566364,310.622214565082
1971.64203488632,722.816108880381,575.685030747024,310.771215680482
1975.61918615498,723.795775583996,576.367757256775,310.919292674977
1979.60305838684,724.775919885413,577.050459566941,311.066441968996
1983.59365940333,725.756539836394,577.733135145324,311.212659978904
1987.59099702976,726.737633485464,578.415781456198,311.357943117014
1991.59507909561,727.719198877977,579.098395960358,311.502287791606
1995.60591343439,728.701234056106,579.780976115115,311.645690406928
1999.62350788353,729.683737058825,580.463519374287,311.788147363208
2003.64787028466,730.666705921974,581.146023188246,311.929655056669
2007.67900848345,731.650138678242,581.828485003914,312.070209879537
2011.71693032966,732.634033357192,582.510902264776,312.20980822005
2015.76164367706,733.618387985239,583.193272410874,312.348446462468
2019.81315638361,734.603200585717,583.875592878854,312.486120987086
2023.87147631138,735.588469178858,584.557861101953,312.622828170244
2027.93661132658,736.574191781818,585.240074510026,312.758564384337
2032.00856929946,737.560366408655,585.922230529525,312.893325997822
2036.08735810452,738.546991070401,586.604326583559,313.027109375233
2040.17298562042,739.534063775041,587.286360091881,313.159910877192
2044.26545972989,740.5215825275,587.96832847088,313.291726860412
2048.36478831995,741.509545329714,588.650229133633,313.422553677717
2052.47097928182,742.497950180611,589.3320594899,313.552387678046
2056.5840405108,743.486795076097,590.013816946109,313.681225206464
2060.70397990652,744.476078009125,590.695498905417,313.809062604172
2064.83080537286,745.465796969684,591.377102767696,313.935896208525
2068.9645248178,746.45594994477,592.058625929522,314.061722353027
2073.1051461537,747.446534918477,592.740065784236,314.186537367359
2077.25267729719,748.437549871959,593.421419721928,314.310337577374
2081.407126169,749.428992783417,594.102685129424,314.433119305114
2085.56850069446,750.420861628219,594.783859390374,314.554878868824
2089.73680880287,751.413154378766,595.464939885167,314.675612582955
2093.91205842804,752.405869004627,596.14592399102,314.79531675818
2098.09425750811,753.399003472498,596.826809081957,314.913987701398
2102.28341398539,754.392555746195,597.507592528808,315.031621715748
2106.47953580671,755.386523786723,598.188271699256,315.148215100625
2110.68263092323,756.380905552257,598.868843957829,315.263764151676
2114.89270729036,757.37569899813,599.549306665897,315.378265160822
2119.10977286804,758.370902076899,600.229657181717,315.491714416267
2123.33383562059,759.366512738332,600.909892860428,315.604108202502
2127.56490351662,760.362528929391,601.590011054044,315.715442800318
2131.80298452929,761.358948594302,602.270009111502,315.825714486819
2136.0480866362,762.35576967454,602.949884378658,315.934919535431
2140.30021781926,763.352990108812,603.629634198277,316.043054215907
2144.55938606497,764.350607833127,604.309255910083,316.150114794345
2148.82559936427,765.348620780773,604.988746850748,316.256097533191
2153.09886571259,766.347026882334,605.668104353906,316.360998691254
2157.37919310988,767.345824065719,606.347325750177,316.464814523715
2161.66658956051,768.345010256129,607.026408367144,316.567541282131
2165.96106307347,769.344583376135,607.705349529414,316.669175214456
2170.26262166231,770.344541345655,608.384146558602,316.769712565041
2174.571273345,771.344882081944,609.062796773328,316.86914957465
2178.8870261442,772.345603499657,609.741297489264,316.967482480467
2183.20988808714,773.346703510843,610.419646019133,317.064707516108
2187.53986720554,774.348180024917,611.097839672689,317.160820911626
2191.87697153584,775.350030948742,611.775875756783,317.255818893529
2196.22120911909,776.352254186604,612.453751575344,317.349697684784
2200.57258800085,777.354847640198,613.131464429373,317.442453504827
2204.93111623148,778.357809208703,613.809011616996,317.534082569573
2209.29680186596,779.36113678876,614.486390433458,317.624581091431
2213.66965296383,780.364828274458,615.163598171109,317.713945279306
2218.04967758948,781.368881557403,615.840632119458,317.802171338611
2222.4368838119,782.373294526699,616.517489565162,317.889255471283
2226.83127970489,783.378065068968,617.194167792044,317.975193875785
2231.23287334683,784.383191068335,617.870664081084,318.059982747117
2235.64167282096,785.38867040649,618.546975710465,318.143618276828
2240.05768621526,786.39450096267,619.223099955561,318.226096653025
2244.48092162252,787.400680613685,619.899034088966,318.307414060386
2248.91138714016,788.407207233893,620.574775380468,318.387566680159
2253.34909087057,789.414078695273,621.250321097111,318.466550690184
2257.79404092094,790.421292867406,621.925668503182,318.544362264895
2262.24624540314,791.428847617459,622.600814860202,318.62099757533
2266.70571243404,792.436740810257,623.275757426977,318.696452789146
2271.17245013537,793.444970308265,623.950493459595,318.770724070622
2275.64646663357,794.453533971574,624.625020211409,318.843807580672
2280.12777006014,795.462429657964,625.299334933094,318.915699476851
2284.61636855141,796.47165522289,625.973434872632,318.986395913372
2289.11227024869,797.481208519504,626.647317275332,319.055893041107
2293.61548329808,798.491087398632,627.32097938382,319.124187007599
2298.12601585075,799.501289708845,627.994418438088,319.191273957073
2302.64387606281,800.511813296433,628.667631675479,319.257150030447
2307.16907209539,801.522656005433,629.340616330707,319.321811365335
2311.70161211444,802.53381567761,630.013369635854,319.385254096061
2316.24150429111,803.545290152518,630.685888820407,319.447474353667
2320.78875680152,804.557077267496,631.358171111258,319.508468265924
2325.34337782674,805.569174857635,632.030213732691,319.568231957337
2329.90537555297,806.581580755862,632.702013906436,319.626761549158
2334.47475817155,807.594292792921,633.373568851662,319.684053159397
2339.0515338787,808.607308797348,634.044875784961,319.740102902821
2343.63571087591,809.620626595553,634.715931920406,319.794906890976
2348.22729736979,810.634244011794,635.386734469538,319.848461232189
2352.82630157192,811.648158868163,636.057280641361,319.900762031574
2357.43273169919,812.662368984659,636.727567642387,319.95180539105
2362.04659597362,813.676872179172,637.397592676638,320.001587409346
2366.66790262225,814.691666267446,638.067352945615,320.050104182003
2371.29665987763,815.706749063214,638.736845648397,320.097351801394
2375.93287597718,816.72211837806,639.406067981547,320.143326356725
2380.57655916373,817.73777202155,640.075017139209,320.188023934051
2385.22771768539,818.753707801192,640.743690313077,320.231440616275
2389.88635979534,819.76992352243,641.412084692399,320.273572483164
2394.55249375219,820.786416988711,642.08019746402,320.314415611359
2399.22612781984,821.803186001469,642.748025812381,320.353966074378
2403.90727026736,822.820228360102,643.415566919496,320.392219942628
2408.59592936927,823.837541862049,644.082817965018,320.429173283411
2413.29211340542,824.855124302775,644.749776126224,320.464822160942
2417.9958306609,825.872973475742,645.416438577999,320.499162636342
2422.70708942629,826.891087172491,646.082802492897,320.532190767659
2427.42589799757,827.909463182624,646.748865041131,320.563902609873
2432.15226467595,828.928099293776,647.414623390552,320.594294214904
2436.88619776825,829.946993291701,648.080074706716,320.623361631618
2441.62770558664,830.96614296023,648.745216152854,320.651100905841
2446.3767964488,831.985546081315,649.410044889907,320.677508080362
2451.13347867774,833.00520043499,650.074558076501,320.702579194947
2455.8977606021,834.025103799453,650.738752869005,320.72631028634
2460.66965055597,835.04525395103,651.402626421508,320.74869738828
2465.44915687901,836.065648664212,652.066175885851,320.769736531501
2470.23628791627,837.086285711622,652.729398411601,320.789423743746
2475.0310520185,838.107162864092,653.392291146112,320.807755049772
2479.83345754202,839.128277890642,654.054851234507,320.824726471363
2484.64351284859,840.149628558458,654.717075819671,320.840334027329
2489.46122630573,841.171212632974,655.378962042306,320.854573733525
2494.28660628656,842.193027877841,656.040507040913,320.86744160285
2499.11966116971,843.215072054918,656.701707951789,320.878933645259
2503.96039933961,844.23734292434,657.362561909076,320.889045867775
2508.80882918635,845.259838244502,658.023066044751,320.897774274491
2513.66495910558,846.282555772033,658.683217488611,320.905114866574
2518.52879749881,847.305493261879,659.343013368334,320.911063642288
2523.40035277319,848.328648467266,660.002450809452,320.915616596987
2528.2796333417,849.352019139735,660.661526935383,320.918769723129
2533.16664762292,850.375603029111,661.320238867407,320.920519010284
2538.06140404135,851.399397883577,661.978583724721,320.920860445141
2542.96391102724,852.423401449647,662.636558624424,320.919790011518
2547.8741770167,853.447611472191,663.294160681532,320.917303690362
2552.79221045153,854.47202569441,663.951387008971,320.913397459764
2557.71801977951,855.496641857913,664.608234717622,320.908067294971
2562.65161345431,856.521457702688,665.264700916311,320.901309168378
2567.59299993532,857.546470967089,665.9207827118,320.893119049551
2572.54218768797,858.571679387904,666.576477208838,320.883492905224
2577.49918518364,859.597080700347,667.231781510149,320.872426699316
2582.46400089948,860.62267263802,667.886692716422,320.859916392929
2587.43664331873,861.648452933002,668.541207926361,320.845957944362
2592.41712093064,862.674419315821,669.195324236675,320.830547309112
2597.40544223028,863.700569515437,669.849038742069,320.813680439892
2602.40161571887,864.726901259315,670.502348535294,320.795353286628
2607.40564990362,865.753412273391,671.155250707123,320.775561796466
2612.41755329781,866.780100282099,671.807742346378,320.75430191379
2617.4373344208,867.80696300839,672.459820539941,320.731569580219
2622.46500179789,868.833998173698,673.111482372733,320.707360734616
2627.50056396065,869.86120349802,673.762724927773,320.681671313099
2632.54402944675,870.888576699891,674.413545286158,320.654497249044
2637.59540679985,871.916115496363,675.063940527058,320.625834473094
2642.65470456994,872.943817603082,675.713907727765,320.595678913163
2647.72193131316,873.971680734266,676.36344396368,320.564026494449
2652.79709559171,874.999702602682,677.012546308306,320.530873139437
2657.88020597413,876.027880919723,677.661211833294,320.496214767904
2662.97127103523,877.056213395385,678.309437608432,320.460047296926
2668.07029935588,878.084697738249,678.957220701639,320.422366640893
2673.17729952339,879.11333165555,679.60455817901,320.383168711505
2678.29228013137,880.142112853161,680.251447104806,320.342449417782
2683.41524977951,881.171039035559,680.897884541436,320.300204666075
2688.54621707419,882.20010790595,681.543867549542,320.256430360067
2693.68519062779,883.229317166134,682.189393187911,320.211122400783
2698.83217905924,884.258664516635,682.834458513564,320.164276686595
2703.98719099385,885.288147656659,683.479060581727,320.115889113228
2709.15023506321,886.317764284085,684.123196445832,320.065955573769
2714.32131990545,887.347512095529,684.766863157561,320.014471958671
2719.50045416516,888.377388786329,685.410057766831,319.961434155757
2724.68764649322,889.40739205052,686.05277732179,319.906838050235
2729.88290554715,890.437519580908,686.69501886886,319.850679524696
2735.08623999099,891.467769069051,687.33677945273,319.792954459118
2740.2976584951,892.498138205237,687.978056116344,319.733658730886
2745.51716973656,893.528624678553,688.618845900945,319.672788214782
2750.744782399,894.55922617687,689.259145846072,319.610338783001
2755.98050517247,895.589940386818,689.898952989542,319.546306305155
2761.22434675377,896.620764993859,690.538264367501,319.480686648277
2766.47631584625,897.651697682255,691.177077014405,319.413475676828
2771.73642115998,898.6827361351,691.815387963041,319.344669252701
2777.00467141149,899.713878034291,692.453194244516,319.274263235235
2782.28107532415,900.745121060594,693.090492888297,319.202253481211
2787.56564162799,901.776462893616,693.727280922193,319.12863584486
2792.85837905979,902.807901211835,694.363555372381,319.053406177872
2798.15929636288,903.839433692571,694.99931326339,318.976560329404
2803.46840228756,904.871058012053,695.63455161814,318.898094146075
2808.78570559084,905.902771845403,696.269267457938,318.818003471981
2814.11121503641,906.934572866609,696.903457802463,318.736284148701
2819.44493939489,907.9664587486,697.537119669817,318.652932015294
2824.78688744377,908.998427163229,698.170250076512,318.567942908316
2830.13706796721,910.030475781239,698.802846037451,318.481312661811
2835.49548975641,911.062602272349,699.434904565991,318.393037107334
2840.86216160945,912.094804305224,700.066422673917,318.30311207394
2846.23709233117,913.127079547455,700.697397371436,318.211533388201
2851.62029073351,914.159425665631,701.327825667227,318.118296874204
2857.01176563529,915.191840325309,701.957704568418,318.023398353559
2862.41152586232,916.224321191028,702.587031080602,317.926833645404
2867.81958024745,917.256865926338,703.215802207852,317.82859856641
2873.23593763037,918.289472193756,703.844014952701,317.728688930788
2878.66060685799,919.32213765485,704.471666316195,317.627100550291
2884.09359678425,920.354859970206,705.098753297869,317.523829234217
2889.53491627001,921.387636799413,705.725272895749,317.418870789424
2894.9845741834,922.420465801134,706.351222106388,317.312221020321
2900.44257939963,923.45334463308,706.976597924861,317.203875728883
2905.90894080093,924.486270951991,707.601397344747,317.093830714653
2911.3836672768,925.519242413708,708.225617358184,316.982081774746
2916.86676772396,926.552256673147,708.849254955844,316.86862470385
2922.35825104612,927.585311384282,709.472307126936,316.753455294243
2927.85812615441,928.618404200211,710.094770859242,316.636569335782
2933.36640196719,929.65153277314,710.716643139108,316.517962615918
2938.88308740988,930.684694754353,711.337920951431,316.397630919697
2944.4081914154,931.717887794288,711.958601279706,316.275570029762
2949.94172292387,932.751109542505,712.57868110601,316.151775726367
2955.48369088275,933.784357647703,713.198157411008,316.026243787367
2961.03410424691,934.817629757737,713.817027173974,315.898969988232
2966.59297197838,935.850923519591,714.435287372773,315.769950102056
2972.16030304677,936.884236579441,715.052934983893,315.639179899542
2977.73610642909,937.917566582645,715.669966982457,315.50665514903
2983.3203911096,938.950911173701,716.286380342185,315.372371616485
2988.91316608018,939.984267996338,716.902172035456,315.236325065503
2994.51444034019,941.017634693481,717.517339033293,315.098511257323
3000.12422289627,942.051008907229,718.131878305343,314.958925950824
3005.74252276279,943.084388278934,718.74578681993,314.817564902529
3011.36934896162,944.117770449167,719.359061544041,314.674423866612
3017.00471052202,945.151153057705,719.971699443314,314.529498594904
3022.64861648098,946.18453374359,720.583697482074,314.382784836885
3028.3010758831,947.217910145121,721.195052623337,314.234278339703
3033.96209778038,948.251279899808,721.805761828779,314.083974848172
3039.63169123282,949.284640644501,722.415822058814,313.931870104766
3045.30986530771,950.317990015248,723.025230272513,313.77795984964
3050.99662908024,951.351325647421,723.633983427681,313.622239820619
3056.69199163329,952.384645175682,724.242078480837,313.464705753207
3062.39596205729,953.41794623396,724.849512387206,313.305353380598
3068.10854945062,954.451226455519,725.456282100752,313.144178433662
3073.82976291937,955.484483472934,726.062384574177,312.981176640963
3079.55961157729,956.517714918072,726.6678167589,312.816343728761
3085.29810454608,957.55091842216,727.272575605107,312.649675421004
3091.0452509553,958.584091615759,727.876658061734,312.481167439343
3096.80105994217,959.617232128748,728.480061076461,312.310815503137
3102.56554065194,960.650337590378,729.082781595741,312.138615329441
3108.33870223779,961.683405629273,729.684816564806,311.964562633023
3114.12055386061,962.716433873381,730.286162927638,311.788653126363
3119.91110468942,963.74941995006,730.886817627023,311.610882519654
3125.71036390115,964.782361486041,731.486777604529,311.431246520808
3131.51834068073,965.815256107451,732.086039800519,311.249740835453
3137.33504422097,966.848101439783,732.684601154142,311.066361166947
3143.16048372284,967.880895107967,733.282458603365,310.881103216369
3148.99466839532,968.913634736332,733.879609084962,310.693962682527
3154.8376074555,969.946317948636,734.476049534528,310.504935261959
3160.68931012839,970.97894236803,735.071776886462,310.314016648944
3166.54978564731,972.01150561713,735.666788074007,310.121202535489
3172.41904325368,973.044005317994,736.261080029239,309.926488611341
3178.29709219692,974.076439092091,736.854649683056,309.729870563996
3184.18394173479,975.108804560378,737.447493965211,309.531344078685
3190.07960113328,976.141099343272,738.039609804313,309.330904838389
3195.98407966638,977.173321060628,738.630994127804,309.128548523841
3201.89738661654,978.205467331804,739.221643862,308.924270813518
3207.81953127446,979.237535775642,739.811555932087,308.718067383654
3213.75052293894,980.269524010438,740.400727262096,308.509933908238
3219.6903709173,981.30142965402,740.989154774958,308.299866059019
3225.6390845251,982.3332503237,741.576835392471,308.087859505499
3231.59667308626,983.364983636304,742.163766035322,307.873909914948
3237.56314593316,984.396627208183,742.749943623092,307.658012952393
3243.53851240638,985.428178655173,743.335365074237,307.440164280635
3249.5227818551,986.459635592677,743.920027306134,307.220359560237
3255.51596363695,987.490995635627,744.50392723506,306.998594449527
3261.51806711784,988.522256398468,745.087061776188,306.774864604615
3267.52910167236,989.553415495221,745.669427843618,306.549165679374
3273.54907668359,990.584470539464,746.25102235037,306.321493325454
3279.57800154299,991.615419144302,746.831842208372,306.091843192287
3285.61588565073,992.646258922437,747.411884328493,305.860210927072
3291.66273841558,993.676987486146,747.991145620537,305.626592174794
3297.7185692547,994.70760244725,748.569622993227,305.390982578219
3303.78338759408,995.738101417192,749.147313354244,305.153377777893
3309.85720286836,996.768482006999,749.724213610212,304.913773412141
3315.94002452063,997.798741827269,750.300320666695,304.672165117085
3322.03186200288,998.828878488233,750.875631428221,304.428548526622
3328.13272477576,999.85888959972,751.450142798275,304.18291927244
3334.24262230863,1000.88877277117,752.023851679301,303.935272984013
3340.36156407968,1001.91852561167,752.596754972721,303.685605288607
3346.48955957569,1002.94814572987,753.168849578905,303.433911811283
3352.62661829245,1003.97763073413,753.740132397222,303.180188174888
3358.77274973456,1005.0069782324,754.310600326012,302.924430000056
3364.92796341526,1006.03618583228,754.880250262588,302.666632905231
3371.0922688569,1007.06525114103,755.449079103265,302.406792506639
3377.26567559067,1008.09417176557,756.017083743347,302.1449044183
3383.44819315653,1009.12294531244,756.584261077116,301.880964252041
3389.63983110353,1010.15156938791,757.150607997874,301.614967617477
3395.84059898972,1011.18004159788,757.71612139792,301.346910122021
3402.05050638193,1012.20835954792,758.280798168546,301.076787370891
3408.26956285617,1013.23652084331,758.844635200066,300.804594967096
3414.49777799751,1014.26452308901,759.407629381813,300.530328511445
3420.7351613998,1015.29236388964,759.96977760211,300.253983602559
3426.98172266641,1016.32004084959,760.531076748342,299.975555836835
3433.23747140939,1017.34755157287,761.091523706878,299.695040808497
3439.50241725019,1018.37489366326,761.651115363142,299.41243410955
3445.77656981919,1019.40206472422,762.209848601566,299.127731329815
3452.0599387561,1020.42906235894,762.767720305634,298.840928056906
3458.35253370977,1021.45588417033,763.324727357861,298.552019876239
3464.65436433832,1022.48252776104,763.880866639806,298.26100237103
3470.96544030894,1023.50899073344,764.436135032058,297.967871122308
3477.28577129824,1024.53527068964,764.990529414267,297.672621708891
3483.61536699213,1025.5613652315,765.544046665137,297.375249707403
3489.95423708563,1026.58727196062,766.096683662402,297.075750692275
3496.30239128328,1027.61298847835,766.648437282874,296.774120235735
3502.65983929898,1028.63851238581,767.19930440242,296.470353907807
3509.02659085581,1029.66384128388,767.749281895956,296.164447276333
3515.40265568644,1030.68897277318,768.298366637477,295.856395906939
3521.78804353289,1031.71390445414,768.846555500037,295.54619536306
3528.18276414671,1032.73863392695,769.393845355773,295.233841205928
3534.5868272887,1033.76315879157,769.940233075871,294.919328994582
3541.00024272936,1034.78747664774,770.485715530612,294.602654285852
3547.42302024864,1035.81158509501,771.030289589351,294.283812634372
3553.85516963609,1036.83548173273,771.573952120527,293.962799592569
3560.29670069063,1037.85916415999,772.116699991648,293.639610710679
3566.74762322096,1038.88262997575,772.658530069321,293.314241536725
3573.20794704537,1039.90587677875,773.199439219244,292.986687616527
3579.67768199162,1040.92890216751,773.739424306189,292.656944493709
3586.15683789728,1041.9517037404,774.278482194034,292.325007709683
3592.64542460964,1042.97427909562,774.816609745756,291.990872803653
3599.14345198546,1043.99662583114,775.353803823412,291.654535312625
3605.65092989144,1045.01874154479,775.890061288173,291.315990771392
3612.16786820402,1046.04062383424,776.425379000314,290.975234712532
3618.69427680923,1047.06227029696,776.959753819197,290.632262666429
3625.23016560306,1048.08367853028,777.493182603306,290.287070161243
3631.77554449137,1049.10484613138,778.025662210232,289.939652722921
3638.33042338953,1050.12577069724,778.557189496655,289.590005875214
3644.89481222331,1051.14644982475,779.087761318404,289.238125139631
3651.46872092785,1052.1668811106,779.617374530385,288.88400603549
3658.0521594485,1053.18706215136,780.14602598664,288.52764407988
3664.64513774052,1054.20699054347,780.673712540328,288.16903478767
3671.24766576896,1055.2266638832,781.200431043712,287.80817367152
3677.85975350903,1056.24607976671,781.726178348192,287.445056241859
3684.48141094595,1057.26523579003,782.250951304285,287.079678006887
3691.11264807479,1058.28412954904,782.774746761625,286.712034472601
3697.75347490085,1059.30275863952,783.29756156898,286.342121142752
3704.40390143951,1060.32112065712,783.819392574247,285.969933518866
3711.06393771606,1061.33921319738,784.340236624436,285.595467100252
3717.73359376612,1062.3570338557,784.8600905657,285.218717383972
3724.41287963545,1063.37458022742,785.378951243326,284.839679864859
3731.10180537977,1064.39184990771,785.896815501721,284.458350035524
3737.80038106523,1065.40884049167,786.413680184431,284.074723386322
3744.50861676809,1066.4255495743,786.92954213414,283.688795405379
3751.22652257488,1067.44197475048,787.444398192666,283.300561578579
3757.95410858247,1068.45811361504,787.958245200966,282.910017389556
3764.6913848978,1069.47396376264,788.471079999127,282.517158319717
3771.43836163834,1070.48952278791,788.98289942638,282.121979848199
3778.19504893188,1071.50478828539,789.493700321108,281.724477451901
3784.9614569164,1072.51975784949,790.00347952081,281.324646605475
3791.73759574044,1073.53442907458,790.512233862149,280.922482781311
3798.52347556297,1074.54879955495,791.019960180926,280.517981449536
3805.31910655317,1075.56286688478,791.526655312074,280.111138078038
3812.12449889089,1076.57662865819,792.032316089682,279.701948132425
3818.93966276648,1077.59008246926,792.536939346989,279.290407076048
3825.76460838057,1078.60322591195,793.040521916359,278.876510369995
3832.59934594451,1079.61605658017,793.543060629322,278.460253473081
3839.44388568024,1080.62857206779,794.044552316551,278.041631841841
3846.29823782004,1081.64076996857,794.544993807856,277.620640930559
3853.16241260702,1082.65264787625,795.044381932206,277.197276191217
3860.03642029482,1083.6642033845,795.542713517714,276.771533073531
3866.92027114783,1084.67543408694,796.03998539165,276.343407024925
3873.81397544087,1085.68633757711,796.536194380414,275.912893490552
3880.71754345969,1086.69691144851,797.031337309572,275.479987913262
3887.63098550067,1087.70715329461,797.525411003835,275.04468573362
3894.55431187103,1088.71706070882,798.018412287067,274.60698238989
3901.48753288854,1089.72663128448,798.510337982271,274.166873318053
3908.43065888194,1090.73586261493,799.001184911609,273.724353951775
3915.38370019085,1091.74475229343,799.490949896399,273.27941972242
3922.34666716545,1092.75329791322,799.979629757093,272.832066059056
3929.31957016705,1093.76149706749,800.467221313305,272.382288388428
3936.30241956782,1094.76934734941,800.953721383801,271.930082134966
3943.29522575063,1095.77684635208,801.439126786481,271.475442720799
3950.29799910953,1096.78399166862,801.923434338415,271.018365565725
3957.31075004941,1097.79078089206,802.406640855809,270.558846087212
3964.33348898626,1098.79721161545,802.888743154031,270.096879700408
3971.36622634684,1099.80328143177,803.369738047579,269.632461818136
3978.40897256917,1100.808987934,803.849622350114,269.165587850875
3985.46173810225,1101.81432871508,804.328392874444,268.696253206767
3992.52453340623,1102.81930136794,804.806046432528,268.224453291613
3999.59736895215,1103.82390348546,805.282579835457,267.750183508877
4006.68025522241,1104.82813266052,805.757989893484,267.273439259663
4013.77320271055,1105.83198648599,806.23227341601,266.79421594272
4020.87622192107,1106.83546255468,806.705427211565,266.312508954458
4027.98932336989,1107.83855845941,807.177448087842,265.828313688908
4035.11251758416,1108.841271793,807.648332851671,265.341625537735
4042.24581510207,1109.8436001482,808.118078309022,264.852439890257
4049.38922647329,1110.84554111779,808.586681265014,264.360752133399
4056.5427622588,1111.84709229454,809.054138523913,263.866557651711
4063.70643303066,1112.84825127116,809.520446889107,263.369851827375
4070.88024937254,1113.84901564039,809.985603163145,262.870630040175
4078.06422187943,1114.84938299495,810.449604147709,262.368887667505
4085.25836115747,1115.84935092753,810.912446643606,261.864620084389
4092.46267782471,1116.84891703084,811.374127450809,261.357822663408
4099.67718251011,1117.84807889756,811.834643368399,260.848490774792
4106.90188585445,1118.84683412035,812.293991194604,260.336619786325
4114.13679850995,1119.84518029191,812.752167726795,259.822205063399
4121.38193114014,1120.84311500487,813.209169761454,259.305241968991
4128.63729442033,1121.84063585191,813.664994094214,258.785725863653
4135.90289903738,1122.83774042567,814.119637519833,258.263652105504
4143.17875568953,1123.83442631878,814.57309683219,257.739016050256
4150.46487508683,1124.83069112388,815.0253688243,257.211813051168
4157.761267951,1125.82653243363,815.476450288308,256.682038459062
4165.0679450152,1126.82194784062,815.926338015467,256.149687622331
4172.38491702447,1127.8169349375,816.375028796171,255.614755886908
4179.71219473559,1128.81149131688,816.822519419928,255.077238596265
4187.04978891684,1129.80561457138,817.26880667536,254.537131091442
4194.3977103485,1130.7993022936,817.713887350218,253.994428710993
4201.75596982253,1131.79255207615,818.157758231365,253.449126791015
4209.12457814274,1132.78536151165,818.600416104779,252.901220665128
4216.50354612482,1133.77772819271,819.041857755554,252.350705664469
4223.8928845961,1134.7696497119,819.482079967887,251.797577117715
4231.29260439602,1135.76112366183,819.921079525093,251.24183035103
4238.70271637592,1136.7521476351,820.358853209595,250.68346068809
4246.12323139886,1137.74271922428,820.795397802911,250.122463450089
4253.55416034008,1138.73283602197,821.230710085675,249.5588339557
4260.99551408679,1139.72249562076,821.664786837623,248.992567521087
4268.44730353798,1140.7116956132,822.097624837573,248.423659459915
4275.9095396049,1141.70043359188,822.529220863463,247.852105083319
4283.38223321087,1142.68870714938,822.959571692316,247.277899699898
4290.86539529102,1143.67651387824,823.388674100242,246.701038615748
4298.35903679286,1144.66385137103,823.816524862457,246.121517134411
4305.86316867599,1145.6507172203,824.243120753254,245.539330556875
4313.37780191195,1146.6371090186,824.668458546014,244.954474181616
4320.90294748469,1147.62302435846,825.092535013206,244.366943304526
4328.43861639027,1148.60846083242,825.515346926378,243.776733218952
4335.98481963706,1149.59341603301,825.936891056165,243.18383921567
4343.54156824545,1150.57788755274,826.357164172261,242.588256582897
4351.10887324833,1151.5618729841,826.776163043452,241.989980606268
4358.68674569083,1152.54536991961,827.193884437589,241.389006568834
4366.27519663046,1153.52837595176,827.610325121594,240.785329751051
4373.87423713685,1154.510888673,828.025481861447,240.178945430808
4381.48387829225,1155.4929056758,828.439351422202,239.569848883369
4389.10413119128,1156.47442455262,828.851930567979,238.958035381397
4396.73500694079,1157.45544289589,829.263216061936,238.34350019496
4404.37651666026,1158.43595829801,829.673204666305,237.72623859149
4412.02867148168,1159.41596835142,830.08189314237,237.106245835796
4419.69148254929,1160.39547064848,830.48927825045,236.483517190075
4427.36496102009,1161.37446278156,830.895356749926,235.858047913869
4435.04911806352,1162.35294234302,831.300125399218,235.229833264086
4442.7439648617,1163.33090692519,831.703580955792,234.598868494978
4450.4495126091,1164.30835412036,832.105720176138,233.965148858159
4458.16577251304,1165.28528152082,832.506539815796,233.328669602565
4465.89275579341,1166.26168671884,832.90603662933,232.689425974469
4473.63047368284,1167.23756730666,833.304207370344,232.047413217468
4481.37893742641,1168.21292087647,833.701048791445,231.40262657249
4489.13815828218,1169.18774502046,834.096557644284,230.755061277763
4496.90814752092,1170.16203733078,834.490730679527,230.104712568819
4504.68891642596,1171.13579539955,834.883564646845,229.451575678509
4512.48047629365,1172.10901681885,835.275056294931,228.795645836955
4520.28283843313,1173.08169918075,835.665202371489,228.136918271569
4528.09601416618,1174.05384007725,836.053999623219,227.475388207061
4535.92001482765,1175.02543710034,836.441444795831,226.811050865393
4543.75485176532,1175.99648784197,836.827534634037,226.143901465797
4551.60053633961,1176.96698989402,837.212265881531,225.473935224776
4559.45707992414,1177.93694084836,837.595635281009,224.801147356072
4567.32449390548,1178.90633829682,837.97763957416,224.125533070673
4575.20278968288,1179.87517983113,838.358275501637,223.447087576828
4583.09197866916,1180.84346304306,838.737539803104,222.765806079971
4590.99207228961,1181.81118552425,839.115429217173,222.081683782811
4598.90308198292,1182.77834486633,839.491940481444,221.39471588524
4606.82501920087,1183.74493866088,839.867070332492,220.704897584369
4614.75789540807,1184.71096449939,840.24081550584,220.012224074528
4622.70172208257,1185.67641997333,840.613172735986,219.316690547221
4630.65651071555,1186.64130267411,840.984138756391,218.618292191145
4638.62227281112,1187.60561019304,841.353710299449,217.917024192191
4646.59901988687,1188.56934012139,841.721884096524,217.212881733413
4654.58676347362,1189.53249005039,842.088656877921,216.505859995026
4662.5855151152,1190.49505757115,842.454025372882,215.795954154428
4670.59528636898,1191.45704027476,842.817986309588,215.083159386142
4678.61608880564,1192.41843575221,843.180536415165,214.367470861846
4686.64793400895,1193.37924159441,843.541672415648,213.648883750363
4694.69083357627,1194.33945539221,843.901391036015,212.927393217635
4702.74479911828,1195.29907473637,844.259689000159,212.202994426728
4710.80984225907,1196.25809721758,844.61656303089,211.475682537824
4718.88597463625,1197.21652042645,844.972009849938,210.745452708205
4726.97320790062,1198.17434195346,845.326026177921,210.012300092269
4735.07155371674,1199.13155938906,845.678608734383,209.27621984149
4743.18102376267,1200.08817032357,846.02975423776,208.537207104419
4751.30162972974,1201.04417234722,846.379459405377,207.795257026712
4759.43338332311,1201.99956305015,846.727720953457,207.050364751066
4767.57629626151,1202.95434002242,847.074535597113,206.302525417241
4775.73038027703,1203.90850085394,847.419900050324,205.551734162066
4783.89564711566,1204.86204313456,847.76381102596,204.797986119397
4792.07210853702,1205.814964454,848.106265235761,204.041276420124
4800.2597763142,1206.76726240186,848.44725939033,203.281600192191
4808.45866223419,1207.71893456766,848.786790199137,202.51895256054
4816.66877809779,1208.66997854078,849.124854370514,201.753328647117
4824.89013571924,1209.62039191048,849.461448611633,200.984723570903
4833.12274692685,1210.57017226589,849.796569628529,200.21313244785
4841.36662356264,1211.51931719605,850.130214126077,199.438550390908
4849.62177748256,1212.46782428985,850.46237880799,198.660972509992
4857.88822055614,1213.41569113603,850.793060376812,197.880393912018
4866.16596466706,1214.36291532322,851.122255533924,197.096809700844
4874.45502171285,1215.30949443991,851.449960979522,196.310214977279
4882.755403605,1216.25542607446,851.776173412636,195.520604839085
4891.06712226874,1217.20070781505,852.10088953109,194.727974380975
4899.39018964354,1218.14533724974,852.424106031533,193.932318694574
4907.72461768285,1219.08931196646,852.745819609418,193.133632868427
4916.07041835392,1220.03262955292,853.066026958983,192.331911988012
4924.42760363831,1220.97528759676,853.384724773276,191.527151135693
4932.79618553164,1221.91728368539,853.701909744129,190.719345390728
4941.17617604342,1222.85861540609,854.01757856215,189.908489829283
4949.5675871975,1223.79928034597,854.331727916735,189.094579524384
4957.97043103183,1224.73927609196,854.644354496047,188.277609545929
4966.38471959864,1225.67860023084,854.955454987024,187.457574960674
4974.81046496406,1226.61725034917,855.265026075356,186.634470832253
4983.24767920877,1227.55522403337,855.573064445493,185.808292221107
4991.69637442756,1228.49251886966,855.879566780646,184.979034184542
5000.15656272965,1229.42913244409,856.184529762763,184.146691776662
5008.62825623825,1230.36506234247,856.487950072529,183.311260048422
5017.11146709118,1231.30030615046,856.789824389372,182.472734047562
5025.60620744065,1232.23486145353,857.090149391453,181.631108818618
5034.11248945294,1233.1687258369,857.388921755641,180.786379402943
5042.63032530902,1234.10189688561,857.686138157536,179.938540838645
5051.15972720429,1235.03437218452,857.981795271457,179.087588160611
5059.70070734835,1235.96614931821,858.275889770409,178.233516400509
5068.25327796553,1236.8972258711,858.568418326114,177.376320586739
5076.81745129467,1237.82759942737,858.859377608991,176.515995744449
5085.3932395889,1238.75726757097,859.148764288138,175.652536895549
5093.98065511613,1239.68622788561,859.436575031344,174.785939058646
5102.57971015889,1240.61447795481,859.722806505078,173.916197249067
5111.19041701392,1241.54201536178,860.00745537447,173.043306478884
5119.81278799326,1242.46883768958,860.290518303338,172.16726175681
5128.44683542295,1243.39494252094,860.571991954135,171.288058088303
5137.09257164408,1244.32032743839,860.851872987988,170.405690475471
5145.75000901244,1245.24499002422,861.130158064666,169.520153917096
5154.4191598983,1246.16892786039,861.406843842577,168.631443408642
5163.10003668692,1247.09213852868,861.681926978766,167.739553942204
5171.79265177838,1248.01461961056,861.955404128921,166.844480506522
5180.49701758729,1248.93636868723,862.227271947333,165.946218086989
5189.21314654333,1249.85738333963,862.49752708693,165.044761665606
5197.94105109107,1250.77766114843,862.766166199246,164.140106220981
5206.68074368968,1251.69719969398,863.033185934413,163.232246728357
5215.43223681351,1252.61599655638,863.298582941175,162.321178159548
5224.19554295184,1253.53404931543,863.562353866866,161.406895482949
5232.97067460863,1254.45135555061,863.8244953574,160.489393663565
5241.7576443031,1255.36791284113,864.085004057278,159.568667662934
5250.55646456938,1256.28371876587,864.343876609578,158.644712439167
5259.36714795675,1257.19877090344,864.601109655943,157.717522946906
5268.18970702922,1258.11306683207,864.856699836572,156.787094137363
5277.02415436622,1259.02660412974,865.110643790229,155.85342095825
5285.87050256215,1259.93938037406,865.362938154222,154.916498353805
5294.72876422665,1260.85139314235,865.613579564406,153.976321264765
5303.59895198425,1261.76264001156,865.862564655163,153.032884628392
5312.48107847492,1262.67311855832,866.109890059413,152.086183378414
5321.37515635386,1263.58282635894,866.355552408595,151.136212445028
5330.2811982912,1264.49176098933,866.599548332662,150.182966754935
5339.19921697263,1265.3999200251,866.841874460083,149.226441231265
5348.12922509912,1266.30730104148,867.082527417824,148.26663079359
5357.07123538667,1267.21390161334,867.321503831351,147.303530357961
5366.02526056687,1268.1197193152,867.558800324617,146.337134836819
5374.99131338668,1269.0247517212,867.794413520063,145.367439139026
5383.96940660821,1269.92899640508,868.028340038595,144.394438169877
5392.95955300918,1270.83245094024,868.260576499601,143.418126831045
5401.96176538272,1271.73511289967,868.491119520924,142.438500020593
5410.97605653746,1272.636979856,868.719965718868,141.455552632954
5420.00243929728,1273.53804938141,868.947111708179,140.469279558957
5429.04092650182,1274.43831904773,869.172554102047,139.479675685756
5438.09153100618,1275.33778642637,869.396289512103,138.486735896868
5447.1542656811,1276.23644908832,869.618314548404,137.490455072133
5456.22914341262,1277.13430460417,869.838625819418,136.490828087744
5465.31617710269,1278.03135054406,870.057219932038,135.487849816181
5474.4153796689,1278.92758447776,870.274093491563,134.481515126231
5483.5267640442,1279.82300397455,870.489243101686,133.471818883005
5492.65034317751,1280.7176066033,870.702665364501,132.458755947868
5501.78613003348,1281.61138993245,870.914356880482,131.442321178457
5510.9341375922,1282.50435152998,871.124314248482,130.422509428705
5520.0943788498,1283.39648896341,871.332534065727,129.399315548766
5529.26686681821,1284.28779979983,871.539012927811,128.372734385036
5538.45161452489,1285.17828160583,871.743747428677,127.342760780173
5547.64863501341,1286.06793194757,871.946734160623,126.309389573025
5556.85794134312,1286.95674839072,872.147969714291,125.272615598662
5566.07954658926,1287.84472850047,872.347450678656,124.232433688352
5575.31346384305,1288.73186984153,872.545173641023,123.18883866954
5584.55970621141,1289.61816997811,872.741135187013,122.141825365885
5593.81828681748,1290.50362647394,872.935331900567,121.091388597178
5603.0892188004,1291.38823689226,873.127760363927,120.037523179364
5612.37251531501,1292.27199879576,873.318417157634,118.980223924573
5621.66818953254,1293.15490974668,873.507298860525,117.919485641034
5630.97625464022,1294.03696730669,873.694402049716,116.855303133096
5640.29672384112,1294.91816903695,873.879723300599,115.787671201261
5649.6296103547,1295.79851249812,874.063259186839,114.716584642098
5658.97492741657,1296.67799525032,874.245006280359,113.642038248264
5668.33268827822,1297.55661485307,874.424961151332,112.564026808531
5677.7029062076,1298.43436886544,874.603120368187,111.482545107711
5687.0855944889,1299.31125484588,874.779480497585,110.397587926669
5696.48076642218,1300.18727035229,874.954038104412,109.309150042364
5705.88843532439,1301.06241294206,875.126789751792,108.217226227714
5715.30861452815,1301.93668017196,875.297732001053,107.121811251741
5724.74131738277,1302.81006959819,875.466861411734,106.022899879435
5734.18655725389,1303.6825787764,875.634174541576,104.920486871787
5743.64434752324,1304.55420526162,875.799667946509,103.814566985819
5753.11470158924,1305.42494660831,875.963338180649,102.705134974492
5762.59763286673,1306.29480037034,876.125181796291,101.592185586744
5772.0931547867,1307.16376410095,876.285195343896,100.475713567503
5781.6012807969,1308.03183535279,876.443375372085,99.3557136576025
5791.12202436158,1308.8990116779,876.599718427642,98.2321805938276
5800.65539896121,1309.76529062768,876.75422105548,97.105109108905
5810.20141809313,1310.63066975291,876.906879798664,95.9744939314514
5819.76009527122,1311.49514660375,877.057691198383,94.8403297859807
5829.33144402568,1312.35871872971,877.206651793948,93.7026113929341
5838.91547790362,1313.22138367964,877.35375812278,92.5613334685912
5848.5122104687,1314.08313900177,877.499006720412,91.4164907251194
5858.12165530137,1314.94398224366,877.642394120475,90.2680778705246
5867.74382599847,1315.80391095219,877.78391685468,89.1160896086931
5877.37873617387,1316.66292267359,877.923571452832,87.9605206393133
5887.02639945807,1317.5210149534,878.061354442799,86.8013656578996
5896.68682949847,1318.37818533651,878.197262350527,85.6386193557753
5906.36003995898,1319.23443136707,878.331291699999,84.4722764200821
5916.04604452059,1320.08975058857,878.463439013271,83.3023315337334
5925.74485688121,1320.94414054381,878.593700810423,82.1287793753998
5935.45649075525,1321.79759877485,878.722073609574,80.9516146195629
5945.18095987441,1322.65012282304,878.848553926866,79.7708319364141
5954.91827798725,1323.50171022905,878.973138276462,78.5864259918899
5964.66845885901,1324.35235853277,879.095823170525,77.3983914476908
5974.43151627222,1325.2020652734,879.216605119222,76.2067229611933
5984.2074640264,1326.05082798939,879.335480630715,75.0114151854869
5993.99631593781,1326.89864421842,879.452446211143,73.8124627693864
6003.79808584006,1327.74551149744,879.567498364624,72.6098603573533
6013.61278758375,1328.59142736265,879.680633593242,71.4036025895334
6023.4404350367,1329.43638934949,879.791848397034,70.1936841017087
6033.28104208352,1330.28039499258,879.901139273995,68.9800995253617
6043.13462262632,1331.12344182581,880.008502720056,67.7628434875578
6053.00119058429,1331.96552738228,880.113935229081,66.5419106110042
6062.8807598939,1332.8066491943,880.217433292865,65.3172955140075
6072.7733445086,1333.64680479336,880.318993401107,64.0889928105044
6082.67895839938,1334.48599171015,880.418612041423,62.856997109987
6092.5976155545,1335.32420747459,880.516285699324,61.6213030175177
6102.52932997925,1336.16144961573,880.612010858214,60.3819051337678
6112.47411569657,1336.99771566182,880.705783999374,59.1387980549108
6122.43198674674,1337.83300314031,880.797601601965,57.891976372669
6132.40295718715,1338.66730957774,880.887460143006,56.6414346743214
6142.38704109288,1339.50063249987,880.975356097375,55.3871675426308
6152.38425255647,1340.33296943159,881.061285937803,54.1291695558619
6162.39460568764,1341.16431789693,881.145246134847,52.8674352878026
6172.41811461386,1341.99467541905,881.227233156904,51.6019593076856
6182.45479348006,1342.82403952025,881.307243470191,50.332736180224
6192.50465644869,1343.65240772195,881.385273538734,49.0597604655818
6202.56771769988,1344.47977754469,881.461319824369,47.783026719355
6212.64399143103,1345.30614650811,881.535378786719,46.5025294926068
6222.73349185749,1346.13151213094,881.6074468832,45.2182633317798
6232.83623321226,1346.95587193105,881.677520569004,43.9302227787201
6242.95222974567,1347.77922342535,881.74559629709,42.6384023707105
6253.08149572609,1348.60156412984,881.81167051818,41.3427966403723
6263.22404543961,1349.42289155963,881.875739680743,40.0434001156928
6273.37989318974,1350.24320322885,881.937800230994,38.7402073200613
6283.54905329809,1351.06249665073,881.997848612882,37.4332127721698
6293.73154010405,1351.88076933753,882.055881268077,36.1224109860389
6303.92736796457,1352.69801880055,882.111894635965,34.8077964710476
6314.13655125471,1353.51424255015,882.165885153642,33.4893637318459
6324.35910436744,1354.32943809573,882.217849255901,32.1671072683779
6334.59504171321,1355.14360294566,882.267783375219,30.84102157592
6344.84437772114,1355.95673460742,882.315683941758,29.5111011449254
6355.10712683754,1356.76883058742,882.361547383349,28.1773404611997
6365.38330352716,1357.5798883911,882.405370125485,26.8397340057377
6375.67292227273,1358.38990552292,882.447148591312,25.4982762547686
6385.97599757471,1359.19887948629,882.486879201617,24.152961679779
6396.29254395194,1360.00680778364,882.524558374826,22.8037847474222
6406.62257594132,1360.81368791636,882.560182526988,21.4507399195484
6416.96610809756,1361.6195173848,882.593748071767,20.0938216532276
6427.32315499384,1362.42429368828,882.625251420434,18.7330244006561
6437.69373122145,1363.22801432508,882.654688981866,17.3683426091959
6448.07785138961,1364.03067679241,882.682057162519,15.9997707213844
6458.47553012604,1364.83227858643,882.707352366432,14.6273031748533
6468.8867820767,1365.63281720225,882.730570995216,13.2509344023516
6479.3116219055,1366.43229013387,882.751709448043,11.870658831777
6489.75006429496,1367.23069487423,882.770764121638,10.4864708860808
6500.20212394582,1368.02802891517,882.787731410266,9.09836498330464
6510.66781557726,1368.82428974746,882.802607705727,7.70633553654314
6521.1471539265,1369.61947486072,882.815389397345,6.31037695399276
6531.64015374949,1370.4135817435,882.826072871964,4.91048363884931
6542.1468298205,1371.2066078832,882.834654513925,3.50664998934797
6552.66719693235,1371.99855076613,882.841130705071,2.09887039872775
6563.20126989598,1372.78940787742,882.845497824734,0.687139255280521
6573.7490635412,1373.5791767011,882.847752249716,-0.728549057764187
6584.3105927163,1374.36785472003,882.847890354299,-2.14820016218814
6594.88587228785,1375.15543941591,882.84590851021,-3.57181968477662
6605.47491714126,1375.9419282693,882.841803086639,-4.99941325739319
6616.07774218058,1376.72731875958,882.835570450207,-6.43098651697031
6626.69436232817,1377.51160836492,882.827206964968,-7.86654510547092
6637.32479252534,1378.29479456234,882.816708992401,-9.30609466998161
6647.96904773212,1379.07687482768,882.804072891394,-10.7496408626934
6658.62714292687,1379.85784663553,882.789295018236,-12.1971893408641
6669.29909310707,1380.6377074593,882.772371726608,-13.648745766925
6679.98491328879,1381.41645477119,882.753299367581,-15.1043158084243
6690.68461850705,1382.19408604218,882.732074289594,-16.5639051380804
6701.39822381531,1382.97059874198,882.70869283845,-18.0275194337321
6712.12574428622,1383.7459903391,882.683151357313,-19.4951643784388
6722.86719501118,1384.52025830079,882.655446186683,-20.9668456604363
6733.62259110058,1385.29340009306,882.625573664404,-22.4425689731784
6744.39194768341,1386.06541318063,882.593530125638,-23.9223400152948
6755.17527990792,1386.83629502697,882.559311902872,-25.4061644906836
6765.97260294133,1387.60604309428,882.522915325894,-26.8940481084907
6776.78393196954,1388.37465484345,882.484336721791,-28.3859965830703
6787.60928219778,1389.14212773409,882.443572414933,-29.8820156340997
6798.44866885034,1389.90845922454,882.40061872698,-31.3821109865212
6809.30210717025,1390.67364677177,882.355471976847,-32.8862883705469
6820.16961241996,1391.43768783148,882.30812848071,-34.3945535217345
6831.05119988106,1392.20057985805,882.258584552004,-35.9069121809578
6841.94688485396,1392.9623203045,882.206836501387,-37.4233700943956
6852.85668265856,1393.72290662252,882.152880636757,-38.9439330136108
6863.78060863387,1394.48233626247,882.096713263234,-40.4686066955094
6874.71867813814,1395.24060667334,882.038330683134,-41.9973969023885
6885.67090654896,1395.99771530277,881.977729195984,-43.5303094019363
6896.6373092629,1396.75365959701,881.914905098503,-45.0673499671939
6907.61790169614,1397.50843700095,881.849854684581,-46.6085243766804
6918.61269928423,1398.26204495808,881.782574245285,-48.1538384143284
6929.62171748174,1399.01448091051,881.713060068842,-49.7032978694733
6940.64497176292,1399.76574229894,881.641308440629,-51.2569085369491
6951.6824776215,1400.51582656267,881.567315643162,-52.8146762170624
6962.73425057028,1401.26473113956,881.49107795609,-54.3766067155556
6973.80030614187,1402.01245346608,881.412591656185,-55.9427058437092
6984.88065988836,1402.75899097723,881.331853017325,-57.5129794183163
6995.97532738105,1403.50434110659,881.248858310497,-59.0874332616449
7007.08432421109,1404.24850128629,881.163603803773,-60.6660732015469
7018.20766598925,1404.991468947,881.076085762307,-62.2489050714248
7029.3453683454,1405.73324151791,880.986300448329,-63.8359347101802
7040.49744692985,1406.47381642677,880.894244121126,-65.4271679623984
7051.66391741178,1407.21319109982,880.79991303704,-67.0226106781499
7062.84479548048,1407.95136296182,880.703303449451,-68.6222687131721
7074.04009684496,1408.68832943604,880.604411608771,-70.2261479288186
7085.24983723361,1409.42408794423,880.50323376244,-71.8342541920195
7096.47403239494,1410.15863590664,880.399766154901,-73.4465933754088
7107.71269809722,1410.891970742,880.294005027606,-75.063171357269
7118.9658501282,1411.62408986749,880.185946618988,-76.6839940215171
7130.23350429581,1412.35499069877,880.075587164472,-78.3090672577932
7141.51567642786,1413.08467064996,879.962922896449,-79.938396961442
7152.81238237168,1413.8131271336,879.847950044277,-81.5719890334662
7164.12363799487,1414.54035756071,879.730664834255,-83.2098493806551
7175.44945918499,1415.2663593407,879.611063489632,-84.8519839155266
7186.7898618492,1415.99112988142,879.489142230579,-86.498398556313
7198.14486191504,1416.71466658912,879.364897274199,-88.1490992270557
7209.51447532992,1417.43696686849,879.238324834499,-89.8040918575617
7220.89871806143,1418.15802812259,879.109421122385,-91.4633823834528
7232.2976060969,1418.87784775285,878.978182345655,-93.1269767461127
7243.7111554441,1419.59642315913,878.84460470899,-94.794880892789
7255.13938213082,1420.31375173963,878.708684413935,-96.4671007765559
7266.58230220513,1421.02983089092,878.5704176589,-98.1436423563505
7278.03993173492,1421.74465800792,878.429800639141,-99.8245115969264
7289.51228680865,1422.45823048393,878.286829546756,-101.509714468964
7300.99938353501,1423.17054571054,878.141500570668,-103.199256949035
7312.50123804262,1423.88160107772,877.993809896623,-104.893145019566
7324.01786648072,1424.59139397372,877.843753707174,-106.591384668953
7335.54928501889,1425.29992178515,877.691328181667,-108.293981891531
7347.09550984669,1426.00718189688,877.536529496245,-110.000942687522
7358.6565571744,1426.71317169212,877.379353823823,-111.712273063165
7370.23244323271,1427.41788855235,877.219797334081,-113.427979030675
7381.82318427237,1428.12132985732,877.057856193466,-115.148066608199
7393.42879656494,1428.82349298507,876.893526565157,-116.872541819948
7405.04929640236,1429.52437531192,876.726804609082,-118.601410696122
7416.68470009716,1430.22397421242,876.557686481884,-120.334679272977
7428.33502398208,1430.92228705937,876.386168336932,-122.072353592758
7440.00028441073,1431.61931122383,876.212246324296,-123.814439703818
7451.68049775725,1432.31504407507,876.035916590737,-125.560943660572
7463.37568041646,1433.0094829806,875.857175279703,-127.311871523535
7475.08584880348,1433.70262530613,875.676018531318,-129.067229359272
7486.81101935447,1434.3944684156,875.492442482369,-130.827023240511
7498.55120852627,1435.08500967112,875.30644326629,-132.591259246117
7510.30643279606,1435.77424643301,875.118017013169,-134.359943461035
7522.07670866218,1436.46217605975,874.927159849716,-136.133081976428
7533.86205264372,1437.14879590803,874.733867899263,-137.910680889632
7545.66248128018,1437.83410333266,874.538137281761,-139.692746304105
7557.4780111323,1438.51809568663,874.339964113761,-141.479284329562
7569.30865878164,1439.20077032109,874.139344508391,-143.270301081935
7581.15444083032,1439.88212458529,873.936274575376,-145.06580268333
7593.01537390169,1440.56215582666,873.730750421003,-146.865795262141
7604.89147464007,1441.2408613907,873.52276814811,-148.670284953028
7616.78275971035,1441.91823862107,873.312323856098,-150.479277896858
7628.68924579881,1442.5942848595,873.099413640896,-152.292780240843
7640.61094961261,1443.26899744584,872.884033594964,-154.11079813847
7652.54788787996,1443.94237371801,872.666179807273,-155.933337749547
7664.50007735026,1444.61441101203,872.445848363304,-157.760405240217
7676.46753479365,1445.28510666196,872.223035345038,-159.592006782915
7688.45027700176,1445.95445799996,871.997736830936,-161.428148556485
7700.44832078739,1446.62246235623,871.769948895927,-163.268836746143
7712.46168298413,1447.28911705898,871.539667611417,-165.114077543431
7724.49038044716,1447.95441943451,871.306889045254,-166.963877146346
7736.53443005291,1448.61836680712,871.071609261731,-168.818241759298
7748.59384869868,1449.28095649913,870.833824321579,-170.677177593065
7760.66865330345,1449.94218583087,870.593530281941,-172.540690864925
7772.75886080751,1450.60205212069,870.350723196375,-174.408787798611
7784.86448817212,1451.26055268491,870.105399114841,-176.281474624267
7796.98555238032,1451.91768483784,869.857554083683,-178.158757578584
7809.12207043637,1452.57344589178,869.607184145627,-180.040642904725
7821.27405936601,1453.22783315699,869.354285339763,-181.927136852373
7833.44153621652,1453.88084394169,869.09885370154,-183.818245677752
7845.62451805632,1454.53247555203,868.840885262755,-185.713975643574
7857.8230219757,1455.18272529213,868.580376051539,-187.614333019162
7870.03706508649,1455.83159046404,868.31732209235,-189.519324080406
7882.26666452172,1456.47906836771,868.051719405956,-191.428955109735
7894.51183743637,1457.12515630103,867.783564009428,-193.343232396226
7906.77260100705,1457.7698515598,867.512851916135,-195.26216223557
7919.04897243164,1458.41315143769,867.239579135725,-197.18575093003
7931.34096893008,1459.05505322628,866.963741674117,-199.114004788572
7943.64860774402,1459.69555421503,866.685335533485,-201.046930126818
7955.97190613643,1460.33465169126,866.404356712264,-202.984533267002
7968.31088139245,1460.97234294017,866.120801205116,-204.926820538106
7980.66555081898,1461.60862524482,865.834665002939,-206.873798275805
7993.03593174426,1462.24349588606,865.545944092847,-208.825472822422
8005.42204151924,1462.87695214266,865.254634458148,-210.781850527143
8017.82389751583,1463.50899129116,864.960732078368,-212.742937745755
8030.24151712838,1464.13961060594,864.664232929197,-214.708740840894
8042.67491777315,1464.76880735918,864.365132982508,-216.679266181957
8055.12411688797,1465.39657882088,864.063428206337,-218.654520145081
8067.58913193303,1466.0229222588,863.759114564873,-220.634509113258
8080.06998039052,1466.64783493854,863.452188018435,-222.619239476303
8092.5666797643,1467.2713141234,863.142644523489,-224.608717630797
8105.07924758067,1467.89335707452,862.830480032607,-226.602949980235
8117.60770138803,1468.51396105076,862.515690494474,-228.601942934967
8130.15205875648,1469.13312330871,862.198271853879,-230.605702912157
8142.71233727869,1469.75084110275,861.878220051684,-232.614236335932
8155.28855456949,1470.36711168497,861.555531024836,-234.627549637311
8167.88072826552,1470.98193230515,861.230200706347,-236.645649254179
8180.48887602605,1471.59530021083,860.902225025278,-238.668541631418
8193.11301553247,1472.20721264723,860.571599906736,-240.696233220831
8205.75316448845,1472.81766685727,860.238321271858,-242.728730481194
8218.40934062013,1473.42666008157,859.9023850378,-244.766039878278
8231.08156167557,1474.03418955841,859.563787117736,-246.808167884788
8243.76984542561,1474.64025252374,859.222523420833,-248.855120980493
8256.47420966349,1475.24484621118,858.87858985224,-250.906905652195
8269.19467220447,1475.847967852,858.531982313096,-252.963528393667
8281.93125088667,1476.4496146751,858.182696700499,-255.024995705793
8294.68396357067,1477.04978390704,857.830728907496,-257.091314096528
8307.45282813921,1477.64847277196,857.476074823092,-259.162490080847
8320.23786249792,1478.24567849167,857.118730332213,-261.238530180886
8333.03908457501,1478.84139828555,856.758691315708,-263.319440925889
8345.8565123209,1479.43562937058,856.395953650344,-265.405228852171
8358.69016370903,1480.02836896135,856.030513208784,-267.495900503237
8371.54005673546,1480.61961427001,855.662365859571,-269.591462429765
8384.40620941843,1481.20936250627,855.291507467145,-271.69192118951
8397.28863979982,1481.79761087745,854.91793389179,-273.797283347563
8410.18736594329,1482.38435658837,854.541640989662,-275.90755547607
8423.10240593582,1482.96959684142,854.162624612757,-278.022744154472
8436.03377788717,1483.55332883652,853.780880608894,-280.142855969453
8448.98149992952,1484.13554977112,853.396404821735,-282.267897514861
8461.94559021831,1484.71625684018,853.009193090734,-284.397875391884
8474.92606693183,1485.29544723618,852.619241251151,-286.532796208977
8487.92294827092,1485.87311814908,852.226545134044,-288.672666581823
8500.93625245972,1486.44926676634,851.831100566231,-290.817493133481
8513.96599774534,1487.02389027291,851.432903370308,-292.967282494317
8527.01220239749,1487.59698585119,851.03194936463,-295.122041301981
8540.07488470929,1488.16855068107,850.628234363287,-297.281776201531
8553.1540629969,1488.73858193988,850.221754176099,-299.446493845392
8566.24975559918,1489.30707680238,849.812504608625,-301.616200893304
8579.36198087848,1489.8740324408,849.400481462121,-303.790904012468
8592.49075722015,1490.43944602476,848.985680533544,-305.970609877471
8605.63610303285,1491.00331472132,848.568097615537,-308.155325170355
8618.79803674799,1491.56563569495,848.147728496432,-310.345056580525
8631.97657682066,1492.1264061075,847.724568960215,-312.539810804917
8645.17174172913,1492.68562311824,847.298614786528,-314.739594547931
8658.38354997462,1493.24328388378,846.869861750665,-316.944414521395
8671.61202008198,1493.79938555816,846.438305623545,-319.154277444691
8684.85717059933,1494.35392529272,846.003942171709,-321.369190044704
8698.11902009823,1494.90690023621,845.566767157303,-323.589159055873
8711.39758717326,1495.45830753467,845.126776338086,-325.81419122011
8724.69289044281,1496.00814433153,844.683965467391,-328.044293286958
8738.00494854875,1496.55640776752,844.238330294125,-330.279472013541
8751.33378015597,1497.10309498067,843.789866562778,-332.519734164495
8764.6794039533,1497.64820310635,843.338570013376,-334.76508651214
8778.04183865298,1498.19172927722,842.884436381491,-337.015535836395
8791.42110299094,1498.73367062323,842.427461398226,-339.271088924832
8804.81721572629,1499.2740242716,841.967640790212,-341.531752572613
8818.23019564216,1499.81278734684,841.504970279581,-343.797533582626
8831.66006154536,1500.34995697071,841.039445583953,-346.068438765458
8845.10683226596,1500.88553026221,840.571062416454,-348.344474939314
8858.57052665813,1501.41950433763,840.099816485671,-350.625648930175
8872.0511635998,1501.95187631046,839.625703495652,-352.91196757176
8885.54876199224,1502.4826432914,839.14871914591,-355.203437705461
8899.06334076093,1503.01180238842,838.668859131388,-357.50006618049
8912.59491885506,1503.53935070666,838.186119142458,-359.801859853821
8926.14351524778,1504.06528534846,837.700494864905,-362.108825590233
8939.70914893573,1504.58960341336,837.211981979941,-364.420970262237
8953.29183893985,1505.11230199807,836.720576164151,-366.738300750241
8966.89160430506,1505.6333781965,836.22627308951,-369.060823942482
8980.50846409981,1506.15282909967,835.729068423377,-371.388546734977
8994.14243741697,1506.67065179581,835.228957828456,-373.721476031684
9007.79354337344,1507.18684337025,834.725936962797,-376.05961874444
9021.46180110975,1507.70140090547,834.220001479818,-378.402981792897
9035.14722979096,1508.21432148108,833.711147028227,-380.751572104708
9048.84984860622,1508.7256021738,833.199369252065,-383.105396615437
9062.56967676842,1509.23524005746,832.684663790684,-385.464462268525
9076.30673351505,1509.74323220298,832.167026278713,-387.828776015444
9090.06103810766,1510.24957567838,831.646452346074,-390.198344815607
9103.83260983203,1510.75426754874,831.122937617946,-392.573175636428
9117.62146799834,1511.25730487625,830.596477714773,-394.953275453335
9131.42763194065,1511.7586847201,830.067068252255,-397.338651249713
9145.25112101777,1512.25840413657,829.534704841313,-399.729310017048
9159.09195461284,1512.756460179,828.999383088092,-402.125258754878
9172.95015213297,1513.25284989771,828.461098593968,-404.526504470731
9186.82573301012,1513.74757034008,827.919846955493,-406.933054180294
9200.71871670067,1514.24061855051,827.375623764417,-409.344914907347
9214.62912268506,1514.73199157036,826.828424607682,-411.762093683708
9228.55697046862,1515.22168643804,826.278245067379,-414.184597549393
9242.50227958127,1515.70970018892,825.725080720755,-416.612433552568
9256.465069577,1516.19602985535,825.168927140214,-419.045608749475
9270.44536003486,1516.68067246663,824.609779893276,-421.484130204612
9284.44317055849,1517.16362504905,824.047634542586,-423.928004990658
9298.45852077576,1517.64488462583,823.482486645914,-426.377240188423
9312.49143033966,1518.12444821714,822.9143317561,-428.831842887021
9326.54191892772,1518.60231284006,822.34316542109,-431.291820183762
9340.61000624222,1519.07847550862,821.768983183894,-433.757179184224
9354.69571201037,1519.55293323375,821.191780582581,-436.227927002265
9368.7990559837,1520.02568302327,820.611553150294,-438.704070759947
9382.92005793903,1520.4967218819,820.02829641519,-441.185617587721
9397.05873767803,1520.96604681126,819.44200590046,-443.672574624336
9411.21511502683,1521.43365480982,818.852677124329,-446.164949016799
9425.38920983689,1521.89954287293,818.260305600004,-448.662747920542
9439.58104198466,1522.3637079928,817.664886835688,-451.165978499356
9453.79063137106,1522.82614715847,817.06641633459,-453.67464792532
9468.01799792253,1523.28685735583,816.464889594855,-456.188763379003
9482.26316159049,1523.74583556759,815.860302109607,-458.708332049361
9496.52614235102,1524.20307877329,815.25264936692,-461.233361133704
9510.80696020572,1524.65858394927,814.641926849791,-463.763857837859
9525.10563518117,1525.11234806866,814.028130036146,-466.299829376078
9539.42218732912,1525.5643681014,813.411254398821,-468.841282971087
9553.75663672665,1526.01464101422,812.791295405553,-471.388225854114
9568.1090034756,1526.46316377057,812.168248518975,-473.940665264827
9582.47930770352,1526.90993333072,811.542109196591,-476.498608451468
9596.86756956323,1527.35494665166,810.912872890758,-479.062062670833
9611.27380923241,1527.79820068713,810.280535048718,-481.631035188169
9625.69804691453,1528.23969238762,809.645091112532,-484.205533277373
9640.14030283843,1528.67941870032,809.006536519084,-486.785564220931
9654.60059725789,1529.11737656915,808.364866700105,-489.371135309832
9669.07895045258,1529.55356293473,807.720077082112,-491.96225384376
9683.57538272762,1529.98797473439,807.072163086414,-494.55892713103
9698.08991441319,1530.42060890211,806.421120129132,-497.161162488513
9712.62256586541,1530.8514623686,805.766943621129,-499.768967241822
9727.17335746599,1531.2805320612,805.109628968033,-502.38234872525
9741.74230962158,1531.70781490392,804.449171570248,-505.001314281663
9756.32944276553,1532.13330781742,803.78556682287,-507.625871262827
9770.93477735574,1532.55700771901,803.118810115762,-510.25602702904
9785.55833387644,1532.9789115226,802.44889683348,-512.891788949446
9800.20013283752,1533.39901613876,801.775822355276,-515.533164401943
9814.86019477417,1533.81731847464,801.099582055116,-518.180160773116
9829.53854024779,1534.233815434,800.420171301624,-520.832785458417
9844.23518984559,1534.64850391722,799.737585458088,-523.491045862099
9858.95016418015,1535.06138082122,799.051819882474,-526.154949397153
9873.68348389033,1535.47244303953,798.362869927376,-528.824503485474
9888.43516964093,1535.88168746222,797.670730940002,-531.499715557824
9903.20524212219,1536.28911097592,796.975398262223,-534.180593053731
9917.99372205074,1536.69471046381,796.276867230479,-536.867143421696
9932.80063016922,1537.09848280561,795.575133175813,-539.559374119113
9947.62598724582,1537.50042487756,794.87019142388,-542.257292612201
9962.4698140752,1537.90053355242,794.162037294873,-544.9609063762
9977.33213147797,1538.29880569945,793.450666103562,-547.67022289526
9992.21296030086,1538.69523818442,792.736073159267,-550.385249662492
10007.1123214168,1539.08982786959,792.01825376583,-553.105994180012
10022.0302357246,1539.48257161367,791.297203221649,-555.832463958845
10036.9667241496,1539.87346627188,790.572916819604,-558.56466651911
10051.9218076433,1540.26250869587,789.845389847087,-561.302609389946
10066.8955071832,1540.64969573375,789.114617585996,-564.046300109449
10081.8878437734,1541.03502423009,788.380595312686,-566.795746224859
10096.8988384444,1541.41849102585,787.643318297976,-569.550955292488
10111.9285122524,1541.80009295846,786.902781807166,-572.311934877648
10126.9768862809,1542.17982686172,786.158981099976,-575.078692554839
10142.0439816393,1542.55768956586,785.411911430551,-577.851235907689
10157.1298194632,1542.93367789749,784.661568047484,-580.629572528872
10172.2344209153,1543.30778867961,783.907946193752,-583.413710020297
10187.3578071845,1543.6800187316,783.151041106715,-586.203655993056
10202.499999486,1544.05036486919,782.390848018162,-588.999418067294
10217.6610190622,1544.41882390448,781.627362154197,-591.801003872564
10232.8408871814,1544.78539264591,780.86057873533,-594.608421047439
10248.039625139,1545.15006789825,780.090492976394,-597.421677239836
10263.2572542571,1545.5128464626,779.317100086556,-600.240780106919
10278.4937958839,1545.87372513639,778.540395269327,-603.06573731504
10293.7492713952,1546.23270071333,777.760373722501,-605.896556539943
10309.0237021928,1546.58976998346,776.977030638206,-608.733245466549
10324.3171097058,1546.9449297331,776.190361202832,-611.575811789185
10339.6295153898,1547.29817674481,775.400360597048,-614.424263211482
10354.9609407277,1547.64950779749,774.607023995787,-617.278607446443
10370.3114072286,1547.99891966624,773.810346568259,-620.138852216339
10385.6809364292,1548.34640912243,773.010323477879,-623.005005252924
10401.0695498928,1548.69197293368,772.206949882305,-625.87707429733
10416.4772692096,1549.03560786383,771.400220933418,-628.755067100028
10431.904115997,1549.37731067295,770.590131777299,-631.638991420987
10447.3501118996,1549.71707811731,769.776677554216,-634.528855029605
10462.8152785888,1550.05490694939,768.959853398607,-637.424665704768
10478.2996377631,1550.39079391786,768.139654439116,-640.326431234737
10493.8032111484,1550.72473576758,767.316075798514,-643.234159417365
10509.3260204976,1551.05672923958,766.489112593708,-646.147858060014
10524.8680875907,1551.38677107104,765.658759935771,-649.067534979481
10540.4294342351,1551.71485799532,764.825012929868,-651.99319800219
10556.0100822655,1552.0409867419,763.987866675283,-654.924854964095
10571.6100535441,1552.36515403641,763.147316265386,-657.862513710759
10587.2293699597,1552.6873566006,762.303356787657,-660.806182097236
10602.8680534293,1553.00759115234,761.455983323626,-663.755867988283
10618.5261258969,1553.3258544056,760.60519094888,-666.711579258278
10634.2036093338,1553.64214307045,759.75097473308,-669.673323791151
10649.9005257392,1553.95645385305,758.893329739899,-672.641109480575
10665.6168971393,1554.26878345564,758.032251027043,-675.614944229868
10681.3527455885,1554.57912857651,757.167733646221,-678.594835952064
10697.1080931679,1554.88748591002,756.299772643167,-681.580792569812
10712.8829619868,1555.19385214658,755.42836305758,-684.572822015575
10728.6773741821,1555.49822397264,754.55349992313,-687.570932231555
10744.491351918,1555.80059807068,753.675178267486,-690.575131169611
10760.3249173868,1556.10097111918,752.793393112225,-693.585426791497
10776.1780928082,1556.39933979267,751.908139472902,-696.601827068637
10792.0509004299,1556.69570076162,751.019412358972,-699.624339982353
10807.9433625272,1556.99005069256,750.127206773816,-702.652973523743
10823.8555014033,1557.28238624794,749.231517714721,-705.687735693752
10839.7873393896,1557.57270408622,748.33234017285,-708.728634503207
10855.7388988446,1557.86100086181,747.429669133279,-711.775677972713
10871.7102021554,1558.14727322507,746.523499574921,-714.828874132848
10887.7012717369,1558.43151782231,745.613826470545,-717.8882310241
10903.7121300317,1558.71373129574,744.700644786782,-720.953756696788
10919.7427995108,1558.99391028353,743.783949484083,-724.02545921124
10935.7933026731,1559.27205141977,742.863735516703,-727.103346637757
10951.8636620454,1559.5481513344,741.939997832736,-730.187427056508
10967.9539001829,1559.82220665331,741.012731374046,-733.277708557736
10984.064039669,1560.09421399825,740.081931076269,-736.3741992417
11000.1941031148,1560.36416998684,739.147591868853,-739.476907218567
11016.3441131601,1560.63207123257,738.209708674967,-742.58584060864
11032.5140924728,1560.89791434479,737.268276411534,-745.701007542251
11048.7040637491,1561.16169592868,736.323289989215,-748.82241615979
11064.9140497135,1561.42341258528,735.374744312381,-751.950074611765
11081.1440731187,1561.68306091143,734.422634279138,-755.083991058699
11097.394156746,1561.94063749979,733.466954781262,-758.224173671321
11113.6643234052,1562.19613893885,732.507700704219,-761.370630630494
11129.9545959341,1562.44956181287,731.544866927166,-764.523370127146
11146.2649971994,1562.7009027019,730.578448322904,-767.682400362454
11162.5955500963,1562.95015818179,729.608439757864,-770.847729547805
11178.9462775481,1563.19732482413,728.634836092161,-774.019365904667
11195.3172025073,1563.44239919627,727.657632179493,-777.197317664838
11211.7083479547,1563.68537786133,726.676822867169,-780.381593070348
11228.1197368996,1563.92625737815,725.692402996137,-783.572200373373
11244.5513923802,1564.16503430129,724.704367400887,-786.769147836474
11261.0033374637,1564.40170518105,723.712710909497,-789.972443732482
11277.4755952453,1564.63626656343,722.717428343627,-793.182096344439
11293.9681888495,1564.86871499012,721.718514518461,-796.398113965805
11310.4811414296,1565.09904699852,720.715964242736,-799.620504900338
11327.0144761677,1565.32725912168,719.709772318704,-802.849277462158
11343.5682162749,1565.55334788835,718.699933542127,-806.084439975781
11360.1423849907,1565.77730982292,717.686442702298,-809.32600077601
11376.7370055841,1565.99914144543,716.669294581965,-812.573968208156
11393.3521013531,1566.21883927159,715.648483957358,-815.828350627938
11409.9876956242,1566.43639981268,714.624005598189,-819.089156401436
11426.6438117534,1566.65181957566,713.595854267607,-822.35639390526
11443.320473126,1566.86509506307,712.564024722183,-825.63007152651
11460.0177031555,1567.07622277307,711.528511711966,-828.910197662651
11476.7355252856,1567.28519919939,710.489309980373,-832.196780721773
11493.4739629886,1567.49202083136,709.446414264223,-835.489829122485
11510.2330397661,1567.69668415387,708.39981929377,-838.789351293821
11527.012779149,1567.89918564737,707.349519792601,-842.095355675486
11543.8132046975,1568.09952178787,706.295510477679,-845.407850717717
11560.6343400012,1568.29768904693,705.23778605933,-848.72684488134
11577.4762086792,1568.49368389163,704.176341241198,-852.052346637824
11594.3388343794,1568.68750278456,703.111170720298,-855.384364469156
11611.2222407797,1568.87914218385,702.042269186915,-858.722906868071
11628.1264515873,1569.06859854312,700.96963132465,-862.067982337957
11645.0514905387,1569.25586831148,699.893251810426,-865.41959939277
11661.9973814003,1569.44094793353,698.813125314399,-868.777766557275
11678.9641479678,1569.62383384934,697.729246500006,-872.142492366926
11695.9518140665,1569.80452249444,696.641610023966,-875.513785367811
11712.9604035514,1569.98301029982,695.550210536197,-878.891654116866
11729.9899403074,1570.15929369191,694.455042679863,-882.276107181778
11747.0404482484,1570.33336909258,693.356101091361,-885.667153140912
11764.1119513189,1570.50523291912,692.25338040027,-889.064800583532
11781.2044734928,1570.67488158422,691.146875229352,-892.469058109708
11798.3180387734,1570.842311496,690.036580194597,-895.879934330207
11815.4526711947,1571.00751905796,688.922489905085,-899.297437866874
11832.6083948199,1571.170500669,687.804598963127,-902.72157735218
11849.7852337422,1571.33125272335,686.682901964125,-906.152361429616
11866.9832120851,1571.48977161067,685.557393496619,-909.589798753563
11884.2023540016,1571.64605371592,684.428068142292,-913.033897989217
11901.4426836751,1571.80009541943,683.294920475903,-916.484667812807
11918.7042253191,1571.95189309688,682.157945065298,-919.94211691151
11935.9870031766,1572.10144311923,681.017136471438,-923.406253983365
11953.2910415212,1572.2487418528,679.872489248316,-926.877087737498
11970.616364657,1572.3937856592,678.723997942983,-930.35462689403
11987.9629969173,1572.53657089532,677.571657095557,-933.838880184006
12005.3309626664,1572.67709391336,676.415461239156,-937.3298563496
12022.7202862989,1572.81535106078,675.255404899919,-940.827564144037
12040.130992239,1572.95133868031,674.091482597012,-944.332012331516
12057.5631049419,1573.08505310995,672.92368884257,-947.84320968741
12075.016648893,1573.21649068291,671.75201814171,-951.36116499818
12092.491648608,1573.34564772767,670.576464992515,-954.885887061396
12109.9881286332,1573.47252056794,669.397023886018,-958.417384685803
12127.506113545,1573.5971055226,668.21368930622,-961.955666691195
12145.0456279506,1573.71939890579,667.026455730017,-965.500741908651
12162.606696488,1573.83939702682,665.835317627221,-969.052619180431
12180.1893438252,1573.95709619018,664.640269460588,-972.611307359901
12197.7935946611,1574.07249269555,663.441305685719,-976.17681531176
12215.4194737255,1574.18558283778,662.2384207511,-979.749151911946
12233.0670057782,1574.29636290686,661.03160909812,-983.328326047547
12250.7362156106,1574.40482918794,659.820865160977,-986.914346617047
12268.4271280443,1574.5109779613,658.606183366718,-990.507222530211
12286.1397679315,1574.61480550235,657.387558135248,-994.106962708009
12303.8741601558,1574.71630808161,656.16498387925,-997.713576082863
12321.6303296316,1574.81548196471,654.938455004214,-1001.32707159853
12339.4083013035,1574.91232341239,653.707965908451,-1004.94745821001
12357.2081001479,1575.00682868045,652.473510983016,-1008.57474488383
12375.0297511716,1575.09899401979,651.235084611735,-1012.20894059785
12392.8732794129,1575.18881567636,649.992681171182,-1015.85005434138
12410.7387099404,1575.27628989118,648.746295030697,-1019.49809511509
12428.6260678546,1575.36141290032,647.495920552323,-1023.15307193116
12446.5353782867,1575.44418093486,646.241552090798,-1026.81499381329
12464.466666399,1575.52459022092,644.983183993607,-1030.48386979653
12482.419957385,1575.60263697966,643.720810600895,-1034.15970892754
12500.3952764697,1575.67831742722,642.45442624548,-1037.84252026448
12518.3926489093,1575.75162777474,641.184025252832,-1041.53231287709
12536.4120999907,1575.82256422834,639.909601941117,-1045.22909584653
12554.453655033,1575.89112298915,638.631150621097,-1048.93287826567
12572.5173393862,1575.95730025322,637.348665596153,-1052.64366923897
12590.6031784317,1576.02109221159,636.062141162321,-1056.36147788239
12608.7111975823,1576.08249505023,634.771571608197,-1060.08631332361
12626.8414222826,1576.14150495006,633.476951214977,-1063.81818470194
12644.9938780086,1576.1981180869,632.178274256406,-1067.5571011684
12663.1685902674,1576.25233063152,630.875534998845,-1071.30307188554
12681.3655845983,1576.30413874958,629.568727701158,-1075.05610602775
12699.5848865721,1576.35353860163,628.257846614735,-1078.81621278113
12717.8265217907,1576.4005263431,626.942885983539,-1082.5834013434
12736.0905158885,1576.44509812432,625.623840043995,-1086.35768092416
12754.3768945311,1576.48725009048,624.300703025043,-1090.13906074471
12772.6856834163,1576.5269783816,622.973469148093,-1093.9275500382
12791.016908273,1576.56427913258,621.642132627057,-1097.72315804947
12809.3705948627,1576.59914847314,620.306687668278,-1101.52589403528
12827.7467689785,1576.63158252781,618.967128470535,-1105.33576726425
12846.1454564452,1576.66157741596,617.623449225081,-1109.15278701674
12864.5666831198,1576.68912925175,616.27564411555,-1112.9769625851
12883.0104748915,1576.71423414415,614.923707317981,-1116.80830327357
12901.4768576808,1576.73688819691,613.567633000851,-1120.64681839817
12919.965857441,1576.75708750853,612.207415324968,-1124.49251728702
12938.4775001574,1576.77482817231,610.843048443515,-1128.34540928013
12957.0118118469,1576.79010627629,609.474526502072,-1132.20550372938
12975.5688185592,1576.80291790324,608.101843638512,-1136.07280999877
12994.1485463761,1576.8132591307,606.724993983046,-1139.94733746427
13012.7510214111,1576.8211260309,605.343971658237,-1143.82909551377
13031.3762698108,1576.82651467079,603.958770778913,-1147.71809354732
13050.0243177535,1576.82942111205,602.569385452202,-1151.61434097697
13068.6951914503,1576.82984141101,601.17580977751,-1155.51784722686
13087.3889171446,1576.82777161872,599.778037846498,-1159.42862173324
13106.1055211119,1576.8232077809,598.376063743118,-1163.34667394438
13124.8450296604,1576.81614593791,596.969881543515,-1167.27201332077
13143.6074691312,1576.80658212479,595.559485316061,-1171.20464933507
13162.3928658972,1576.7945123712,594.144869121388,-1175.14459147195
13181.2012463645,1576.77993270145,592.726027012282,-1179.0918492284
13200.0326369717,1576.76283913445,591.302953033704,-1183.04643211364
13218.8870641897,1576.74322768376,589.875641222851,-1187.00834964894
13237.7645545226,1576.7210943575,588.444085609026,-1190.97761136794
13256.6651345071,1576.69643515842,587.00828021368,-1194.95422681655
13275.5888307123,1576.66924608383,585.568219050448,-1198.93820555282
13294.5356697406,1576.6395231256,584.123896125025,-1202.92955714721
13313.5056782271,1576.60726227019,582.675305435253,-1206.92829118245
13332.4988828397,1576.5724594986,581.222440971054,-1210.9344172536
13351.5153102796,1576.53511078635,579.765296714423,-1214.9479449681
13370.5549872803,1576.49521210353,578.303866639463,-1218.96888394564
13389.6179406087,1576.45275941472,576.838144712295,-1222.99724381839
13408.7041970652,1576.40774867902,575.368124891079,-1227.03303423096
13427.8137834821,1576.36017585002,573.89380112605,-1231.07626484021
13446.946726726,1576.31003687583,572.415167359417,-1235.1269453156
13466.1030536963,1576.257327699,570.932217525388,-1239.18508533901
13485.2827913251,1576.20204425658,569.444945550212,-1243.25069460469
13504.4859665783,1576.14418248005,567.953345352065,-1247.3237828195
13523.7126064551,1576.08373829538,566.457410841092,-1251.4043597028
13542.9627379875,1576.02070762293,564.957135919432,-1255.49243498636
13562.2363882413,1575.95508637752,563.452514481119,-1259.58801841463
13581.5335843158,1575.88687046839,561.943540412103,-1263.69111974462
13600.8543533429,1575.81605579916,560.430207590317,-1267.80174874574
13620.1987224893,1575.74263826787,558.912509885481,-1271.9199152003
13639.566718954,1575.66661376694,557.390441159308,-1276.04562890294
13658.9583699702,1575.58797818317,555.863995265321,-1280.17889966112
13678.3737028046,1575.50672739773,554.3331660489,-1284.31973729493
13697.812744757,1575.42285728613,552.797947347324,-1288.46815163702
13717.2755231617,1575.33636371823,551.258332989646,-1292.62415253286
13736.7620653863,1575.24724255825,549.71431679675,-1296.78774984064
13756.2723988318,1575.1554896647,548.165892581366,-1300.95895343113
13775.8065509336,1575.06110089043,546.613054147974,-1305.137773188
13795.3645491607,1574.96407208258,545.055795292827,-1309.32421900767
13814.9464210155,1574.86439908259,543.494109803995,-1313.51830079922
13834.5521940349,1574.76207772619,541.927991461262,-1317.72002848467
13854.1818957898,1574.65710384336,540.35743403613,-1321.92941199886
13873.8355538844,1574.54947325837,538.7824312919,-1326.14646128933
13893.5131959574,1574.43918178973,537.202976983524,-1330.37118631663
13913.2148496815,1574.3262252502,535.619064857665,-1334.60359705413
13932.9405427635,1574.21059944675,534.030688652691,-1338.84370348809
13952.6903029445,1574.0923001806,532.437842098605,-1343.09151561777
13972.4641579992,1573.97132324717,530.840518917134,-1347.34704345517
13992.2621357369,1573.84766443607,529.238712821601,-1351.61029702542
14012.0842640015,1573.72131953111,527.632417516949,-1355.88128636661
14031.9305706704,1573.59228431029,526.021626699808,-1360.16002152968
14051.8010836559,1573.46055454576,524.406334058358,-1364.44651257872
14071.6958309048,1573.32612600383,522.786533272359,-1368.74076959085
14091.6148403975,1573.18899444499,521.162218013226,-1373.04280265609
14111.5581401496,1573.04915562382,519.533381943866,-1377.35262187766
14131.5257582113,1572.90660528907,517.900018718753,-1381.67023737188
14151.5177226665,1572.76133918359,516.262121983946,-1385.99565926803
14171.5340616344,1572.61335304432,514.61968537698,-1390.32889770864
14191.5748032688,1572.46264260233,512.9727025269,-1394.66996284938
14211.6399757572,1572.30920358276,511.321167054327,-1399.0188648589
14231.7296073235,1572.15303170481,509.665072571235,-1403.37561391935
14251.8437262245,1571.99412268177,508.004412681206,-1407.74022022576
14271.9823607531,1571.83247222098,506.339180979191,-1412.11269398654
14292.1455392366,1571.66807602382,504.669371051611,-1416.49304542336
14312.3332900366,1571.5009297857,502.994976476348,-1420.88128477098
14332.5456415504,1571.33102919605,501.315990822664,-1425.27742227759
14352.7826222099,1571.15836993832,499.632407651226,-1429.68146820465
14373.0442604818,1570.98294768997,497.944220514132,-1434.09343282683
14393.3305848681,1570.80475812244,496.251422954825,-1438.51332643222
14413.6416239058,1570.62379690116,494.554008508093,-1442.94115932229
14433.9774061667,1570.44005968551,492.851970700136,-1447.37694181172
14454.337960258,1570.25354212886,491.145303048444,-1451.82068422872
14474.7233148224,1570.06423987852,489.433999061821,-1456.27239691492
14495.1334985369,1569.87214857572,487.71805224044,-1460.73209022521
14515.5685401146,1569.67726385563,485.99745607571,-1465.19977452808
14536.0284683035,1569.47958134737,484.272204050355,-1469.67546020542
14556.5133118871,1569.27909667391,482.542289638351,-1474.15915765262
14577.0230996843,1569.07580545215,480.807706304927,-1478.6508772786
14597.5578605491,1568.86970329289,479.068447506595,-1483.15062950567
14618.1176233715,1568.66078580078,477.324506691033,-1487.65842476986
14638.7024170762,1568.44904857434,475.575877297202,-1492.17427352057
14659.3122706242,1568.23448720595,473.822552755212,-1496.69818622092
14679.9472130118,1568.01709728183,472.064526486376,-1501.23017334757
14700.6072732712,1567.79687438204,470.301791903163,-1505.77024539086
14721.2924804695,1567.57381408047,468.534342409262,-1510.3184128546
14742.0028637103,1567.3479119448,466.762171399446,-1514.87468625642
14762.7384521327,1567.11916353653,464.985272259626,-1519.4390761276
14783.4992749113,1566.88756441094,463.203638366886,-1524.01159301298
14804.2853612568,1566.6531101171,461.417263089362,-1528.59224747125
14825.0967404161,1566.41579619784,459.626139786277,-1533.18105007484
14845.9334416711,1566.17561818976,457.830261807997,-1537.77801140978
14866.7954943405,1565.93257162321,456.029622495885,-1542.383142076
14887.6829277787,1565.68665202226,454.224215182381,-1546.99645268719
14908.5957713764,1565.43785490472,452.414033190936,-1551.61795387089
14929.5340545595,1565.18617578213,450.599069836092,-1556.24765626832
14950.497806791,1564.93161015971,448.779318423335,-1560.88557053468
14971.4870575699,1564.67415353639,446.954772249144,-1565.53170733907
14992.5018364308,1564.41380140479,445.125424601048,-1570.18607736429
15013.542172945,1564.15054925118,443.291268757476,-1574.84869130721
15034.6080967203,1563.88439255553,441.452297987835,-1579.51955987857
15055.6996374005,1563.61532679143,439.608505552452,-1584.19869380311
15076.8168246656,1563.34334742613,437.75988470264,-1588.88610381939
15097.9596882324,1563.06844992051,435.90642868056,-1593.58180068008
15119.1282578543,1562.79062972905,434.048130719285,-1598.28579515186
15140.3225633203,1562.50988229988,432.184984042816,-1602.99809801529
15161.5426344569,1562.22620307469,430.316981865978,-1607.71872006513
15182.7885011269,1561.93958748877,428.444117394468,-1612.44767211012
15204.0601932297,1561.65003097101,426.566383824806,-1617.18496497314
15225.3577407009,1561.35752894384,424.683774344404,-1621.93060949105
15246.6811735138,1561.06207682325,422.796282131401,-1626.684616515
15268.0305216773,1560.76367001879,420.903900354831,-1631.44699691008
15289.405815238,1560.46230393353,419.006622174445,-1636.2177615557
15310.8070842789,1560.15797396407,417.104440740793,-1640.99692134538
15332.2343589201,1559.85067550053,415.197349195181,-1645.78448718687
15353.6876693188,1559.54040392651,413.285340669641,-1650.58047000216
15375.1670456682,1559.22715461913,411.368408287005,-1655.38488072733
15396.6725181996,1558.91092294897,409.446545160749,-1660.19773031287
15418.2041171811,1558.59170428008,407.519744395062,-1665.01902972357
15439.7618729173,1558.26949397,405.587999084883,-1669.84878993834
15461.3458157506,1557.94428736967,403.651302315765,-1674.68702195055
15482.9559760605,1557.61607982351,401.709647163915,-1679.53373676793
15504.5923842632,1557.28486666934,399.763026696262,-1684.3889454124
15526.2550708128,1556.95064323841,397.811433970297,-1689.25265892042
15547.9440662005,1556.61340485535,395.854862034135,-1694.12488834284
15569.6594009545,1556.27314683824,393.893303926562,-1699.00564474476
15591.4011056408,1555.92986449849,391.926752676881,-1703.89493920588
15613.169210863,1555.58355314089,389.955201304985,-1708.79278282037
15634.9637472614,1555.23420806361,387.978642821391,-1713.69918669669
15656.7847455147,1554.88182455817,385.997070227096,-1718.61416195797
15678.6322363387,1554.52639790941,384.010476513653,-1723.53771974181
15700.5062504868,1554.16792339552,382.018854663145,-1728.46987120033
15722.4068187506,1553.80639628799,380.022197648132,-1733.41062750026
15744.3339719584,1553.44181185164,378.02049843173,-1738.35999982275
15766.287740977,1553.07416534456,376.013749967481,-1743.3179993637
15788.2681567111,1552.70345201814,374.001945199374,-1748.28463733364
15810.2752501024,1552.32966711705,371.985077061926,-1753.25992495756
15832.3090521312,1551.95280587921,369.963138480016,-1758.24387347527
15854.3695938158,1551.57286353579,367.936122368954,-1763.23649414126
15876.4569062117,1551.18983531122,365.904021634513,-1768.23779822454
15898.5710204131,1550.80371642316,363.866829172803,-1773.24779700902
15920.7119675522,1550.41450208246,361.824537870303,-1778.26650179332
15942.8797787987,1550.02218749321,359.777140603927,-1783.29392389069
15965.074485361,1549.62676785268,357.724630240875,-1788.33007462928
15987.2961184856,1549.22823835135,355.666999638711,-1793.374965352
16009.5447094572,1548.82659417283,353.604241645304,-1798.42860741658
16031.8202895989,1548.42183049395,351.536349098825,-1803.49101219563
16054.1228902715,1548.01394248465,349.463314827789,-1808.56219107647
16076.4525428747,1547.60292530804,347.38513165094,-1813.64215546145
16098.8092788469,1547.18877412035,345.301792377277,-1818.73091676782
16121.193129664,1546.77148407093,343.213289806117,-1823.82848642758
16143.6041268412,1546.35105030225,341.119616726949,-1828.93487588784
16166.0423019321,1545.92746794985,339.020765919481,-1834.05009661066
16188.5076865283,1545.5007321424,336.916730153688,-1839.17416007293
16211.0003122609,1545.07083800162,334.807502189687,-1844.30707776668
16233.5202107992,1544.63778064229,332.693074777757,-1849.44886119899
16256.067413851,1544.20155517226,330.573440658417,-1854.5995218918
16278.6419531633,1543.76215669242,328.448592562273,-1859.75907138226
16301.2438605218,1543.31958029669,326.318523210052,-1864.92752122263
16323.8731677505,1542.87382107201,324.183225312701,-1870.10488298004
16346.5299067135,1542.42487409833,322.042691571117,-1875.29116823712
16369.2141093125,1541.9727344486,319.896914676437,-1880.48638859126
16391.925807489,1541.51739718875,317.745887309794,-1885.69055565525
16414.6650332235,1541.0588573777,315.589602142384,-1890.90368105704
16437.4318185349,1540.59711006734,313.42805183551,-1896.12577643963
16460.2261954821,1540.13215030249,311.261229040447,-1901.35685346143
16483.0481961628,1539.66397312092,309.089126398493,-1906.59692379606
16505.8978527135,1539.19257355336,306.911736541007,-1911.84599913226
16528.7751973106,1538.71794662342,304.729052089277,-1917.10409117423
16551.6802621697,1538.24008734766,302.541065654581,-1922.37121164144
16574.6130795451,1537.7589907355,300.347769838194,-1927.64737226859
16597.5736817313,1537.27465178928,298.149157231292,-1932.93258480583
16620.562101062,1536.78706550418,295.945220414981,-1938.22686101872
16643.5783699099,1536.29622686829,293.735951960345,-1943.53021268802
16666.6225206879,1535.80213086252,291.521344428306,-1948.84265161008
16689.6945858481,1535.30477246063,289.301390369698,-1954.16418959662
16712.7945978823,1534.80414662922,287.076082325229,-1959.49483847482
16735.9225893223,1534.30024832768,284.84541282543,-1964.8346100874
16759.0785927387,1533.79307250827,282.609374390766,-1970.18351629238
16782.2626407428,1533.28261411599,280.367959531445,-1975.54156896347
16805.4747659856,1532.76886808864,278.121160747496,-1980.90877998994
16828.7150011571,1532.25182935682,275.868970528815,-1986.28516127643
16851.983378988,1531.73149284386,273.611381355019,-1991.67072474332
16875.2799322492,1531.20785346586,271.348385695491,-1997.06548232661
16898.6046937504,1530.68090613166,269.079976009435,-2002.46944597772
16921.9576963425,1530.15064574282,266.80614474573,-2007.88262766393
16945.3389729162,1529.61706719364,264.52688434299,-2013.30503936812
16968.7485564016,1529.08016537112,262.242187229593,-2018.73669308874
16992.1864797699,1528.53993515493,259.952045823556,-2024.17760084008
17015.6527760324,1527.99637141744,257.656452532572,-2029.62777465216
17039.1474782396,1527.44946902373,255.355399754092,-2035.08722657054
17062.6706194842,1526.89922283147,253.048879875069,-2040.5559686569
17086.2222328974,1526.34562769106,250.73688527224,-2046.03401298837
17109.802351652,1525.78867844546,248.419408311876,-2051.52137165807
17133.4110089609,1525.22836993032,246.096441349861,-2057.01805677496
17157.0482380772,1524.66469697387,243.767976731738,-2062.52408046372
17180.7140722948,1524.09765439698,241.434006792555,-2068.03945486501
17204.4085449487,1523.52723701306,239.094523856919,-2073.56419213544
17228.1316894134,1522.95343962815,236.749520239075,-2079.09830444732
17251.883539105,1522.37625704085,234.398988242706,-2084.64180398911
17275.6641274804,1521.7956840423,232.042920161022,-2090.1947029652
17299.4734880364,1521.21171541621,229.681308276813,-2095.7570135958
17323.3116543114,1520.62434593882,227.314144862275,-2101.32874811729
17347.1786598847,1520.03357037888,224.94142217909,-2106.90991878206
17371.0745383759,1519.43938349768,222.563132478455,-2112.5005378584
17394.9993234462,1518.84178004898,220.179268000947,-2118.10061763081
17418.9530487974,1518.24075477907,217.789820976598,-2123.71017039983
17442.935748173,1517.63630242668,215.394783624814,-2129.32920848216
17466.9474553565,1517.02841772303,212.994148154495,-2134.95774421047
17490.9882041736,1516.4170953918,210.587906763824,-2140.59578993373
17515.0580284911,1515.80233014909,208.176051640367,-2146.24335801712
17539.1569622161,1515.18411670345,205.75857496112,-2151.9004608418
17563.2850392982,1514.56244975587,203.335468892331,-2157.56711080534
17587.4422937276,1513.93732399971,200.906725589608,-2163.24332032148
17611.6287595366,1513.30873412075,198.472337197826,-2168.92910182029
17635.8444707979,1512.67667479716,196.032295851241,-2174.62446774792
17660.0894616266,1512.04114069947,193.586593673293,-2180.32943056704
17684.3637661792,1511.40212649059,191.135222776711,-2186.0440027566
17708.6674186533,1510.75962682579,188.678175263522,-2191.76819681173
17733.0004532886,1510.11363635264,186.215443224915,-2197.50202524413
17757.3629043664,1509.46414971109,183.74701874133,-2203.24550058178
17781.7548062099,1508.81116153335,181.272893882371,-2208.99863536918
17806.1761931836,1508.154666444,178.793060706907,-2214.76144216705
17830.6270996941,1507.49465905986,176.307511262905,-2220.53393355275
17855.1075601904,1506.83113399006,173.816237587483,-2226.31612212012
17879.6176091624,1506.16408583601,171.319231706976,-2232.10802047933
17904.1572811427,1505.49350919134,168.816485636771,-2237.90964125721
17928.726610706,1504.81939864195,166.307991381358,-2243.72099709717
17953.3256324684,1504.141748766,163.793740934401,-2249.54210065899
17977.9543810888,1503.46055413384,161.273726278569,-2255.3729646192
18002.6128912681,1502.77580930803,158.747939385611,-2261.2136016709
18027.3011977495,1502.08750884335,156.216372216311,-2267.06402452386
18052.0193353179,1501.39564728677,153.67901672055,-2272.92424590434
18076.7673388012,1500.70021917742,151.135864837158,-2278.79427855542
18101.5452430697,1500.0012190466,148.58690849396,-2284.67413523691
18126.3530830354,1499.29864141779,146.032139607851,-2290.56382872513
18151.1908936534,1498.59248080656,143.471550084613,-2296.46337181334
18176.0587099214,1497.88273172066,140.905131818992,-2302.37277731154
18200.9565668789,1497.16938865993,138.332876694745,-2308.29205804634
18225.8844996089,1496.45244611634,135.754776584475,-2314.22122686135
18250.8425432368,1495.73189857391,133.170823349703,-2320.16029661698
18275.8307329303,1495.0077405088,130.581008840906,-2326.10928019032
18300.8491039003,1494.2799663892,127.985324897378,-2332.06819047553
18325.8976914004,1493.54857067537,125.38376334729,-2338.03704038357
18350.9765307271,1492.81354781963,122.776316007664,-2344.01584284234
18376.0856572201,1492.07489226631,120.162974684326,-2350.00461079673
18401.2251062611,1491.3325984518,117.543731171998,-2356.00335720841
18426.3949132759,1490.58666080448,114.918577254131,-2362.0120950562
18451.595113733,1489.8370737447,112.287504702939,-2368.03083733596
18476.8257431436,1489.08383168487,109.650505279505,-2374.05959706036
18502.0868370626,1488.32692902931,107.007570733579,-2380.09838725931
18527.3784310882,1487.56636017434,104.358692803649,-2386.1472209798
18552.700560861,1486.80211950822,101.703863217005,-2392.20611128572
18578.0532620659,1486.03420141116,99.0430736895637,-2398.27507125828
18603.4365704309,1485.26260025527,96.3763159259252,-2404.35411399582
18628.8505217269,1484.48731040462,93.7035816194616,-2410.44325261363
18654.2951517688,1483.70832621517,91.0248624521096,-2416.5425002444
18679.7704964153,1482.92564203473,88.3401500944538,-2422.65187003803
18705.2765915676,1482.13925220306,85.6494362057883,-2428.77137516144
18730.8134731714,1481.34915105175,82.9527124339381,-2434.901028799
18756.3811772159,1480.55533290424,80.2499704153527,-2441.04084415229
18781.979739734,1479.75779207583,77.5412017750609,-2447.19083444019
18807.6091968024,1478.95652287365,74.8263981266252,-2453.35101289896
18833.2695845413,1478.15151959666,72.1055510722454,-2459.52139278201
18858.960939115,1477.34277653561,69.3786522025706,-2465.70198736031
18884.6832967322,1476.53028797304,66.6456930967659,-2471.89280992221
18910.4366936445,1475.71404818332,63.9066653225797,-2478.09387377328
18936.2211661484,1474.89405143255,61.1615604361647,-2484.30519223673
18962.0367505845,1474.0702919786,58.4103699821438,-2490.5267786532
18987.8834833367,1473.2427640711,55.6530854936741,-2496.75864638064
19013.761400834,1472.41146195139,52.8896984922684,-2503.00080879468
19039.6705395494,1471.57637985257,50.1202004878683,-2509.25327928847
19065.6109359995,1470.73751199943,47.3445829788904,-2515.51607127252
19091.582626746,1469.89485260847,44.5628374520698,-2521.78919817511
19117.5856483949,1469.04839588786,41.7749553825423,-2528.07267344204
19143.6200375964,1468.19813603746,38.9809282337898,-2534.36651053673
19169.6858310455,1467.34406724878,36.1807474576256,-2540.67072294029
19195.7830654811,1466.48618370502,33.3744044942608,-2546.98532415132
19221.9117776873,1465.62447958098,30.5618907721393,-2553.31032768628
19248.0720044929,1464.75894904308,27.7431977079896,-2559.64574707935
19274.2637827706,1463.8895862494,24.9183167069159,-2565.99159588223
19300.4871494387,1463.01638534958,22.0872391621878,-2572.34788766459
19326.7421414603,1462.13934048487,19.2499564553255,-2578.71463601386
19353.0287958424,1461.2584457881,16.4064599561673,-2585.09185453506
19379.3471496379,1460.37369538366,13.5567410226666,-2591.47955685129
19405.6972399445,1459.48508338747,10.7007910009863,-2597.87775660342
19432.0791039042,1458.59260390705,7.83860122555773,-2604.28646745003
19458.4927787048,1457.69625104139,4.97016301888133,-2610.7057030678
19484.9383015794,1456.79601888103,2.09546769161018,-2617.13547715131
19511.4157098048,1455.89190150802,-0.785493457354974,-2623.57580341282
19537.9250407053,1454.98389299585,-3.67272914119423,-2630.02669558299
19564.4663316483,1454.07198740957,-6.56624808479184,-2636.48816741005
19591.0396200479,1453.15617880563,-9.46605902506471,-2642.96023266046
19617.6449433632,1452.23646123195,-12.3721707108578,-2649.44290511875
19644.2823390982,1451.31282872793,-15.2845919028786,-2655.93619858728
19670.9518448032,1450.38527532436,-18.2033313738888,-2662.44012688668
19697.6534980737,1449.45379504346,-21.1283979086367,-2668.95470385573
19724.3873365504,1448.51838189886,-24.0598003037644,-2675.47994335108
19751.1533979202,1447.57902989559,-26.9975473680275,-2682.01585924775
19777.9517199158,1446.63573303003,-29.9416479222258,-2688.56246543896
19804.7823403147,1445.68848528997,-32.8921107990837,-2695.11977583588
19831.6452969411,1444.73728065454,-35.8489448435079,-2701.68780436814
19858.5406276652,1443.78211309418,-38.8121589124712,-2708.26656498359
19885.4683704019,1442.82297657072,-41.7817618749577,-2714.85607164815
19912.4285631134,1441.85986503727,-44.7577626121494,-2721.45633834625
19939.4212438071,1440.89277243825,-47.7401700173319,-2728.06737908053
19966.4464505368,1439.92169270939,-50.7289929959361,-2734.68920787202
19993.5042214027,1438.94661977768,-53.7242404655776,-2741.32183876012
20020.5945945501,1437.9675475614,-56.725921355966,-2747.96528580246
20047.7176081717,1436.98446997007,-59.7340446091017,-2754.61956307526
20074.8733005062,1435.99738090446,-62.7486191791892,-2761.28468467318
20102.0617098378,1435.00627425657,-65.7696540325753,-2767.96066470914
20129.2828744982,1434.01114390963,-68.7971581479335,-2774.64751731472
20156.5368328652,1433.01198373804,-71.8311405162117,-2781.34525664003
20183.8236233625,1432.00878760745,-74.8716101405338,-2788.0538968535
20211.1432844612,1431.00154937464,-77.9185760364153,-2794.7734521423
20238.4958546787,1429.99026288758,-80.9720472316827,-2801.5039367122
20265.8813725785,1428.9749219854,-84.0320327663942,-2808.24536478734
20293.2998767717,1427.95552049836,-87.0985416930499,-2814.99775061072
20320.7514059159,1426.93205224785,-90.1715830765131,-2821.76110844396
20348.2359987146,1425.90451104643,-93.2511659938851,-2828.53545256708
20375.7536939201,1424.87289069765,-96.337299534909,-2835.32079727931
20403.3045303297,1423.83718499627,-99.4299928014885,-2842.11715689806
20430.888546789,1422.79738772806,-102.52925490814,-2848.92454575991
20458.5057821895,1421.7534926699,-105.635094981673,-2855.74297821984
20486.1562754707,1420.70549358969,-108.747522161478,-2862.5724686519
20513.8400656194,1419.65338424638,-111.866545599412,-2869.41303144894
20541.5571916684,1418.59715838997,-114.992174459729,-2876.26468102242
20569.307692699,1417.53680976145,-118.124417919298,-2883.12743180289
20597.0916078392,1416.47233209282,-121.263285167482,-2890.00129823973
20624.9089762648,1415.40371910707,-124.40878540622,-2896.88629480129
20652.7598371983,1414.33096451819,-127.560927849926,-2903.78243597466
20680.6442299102,1413.25406203111,-130.719721725674,-2910.68973626607
20708.5621937189,1412.17300534171,-133.885176273152,-2917.60821020078
20736.5137679893,1411.08778813682,-137.057300744564,-2924.53787232284
20764.4989921349,1409.99840409422,-140.236104404819,-2931.47873719552
20792.5179056165,1408.90484688255,-143.421596531477,-2938.43081940111
20820.5705479432,1407.80711016138,-146.61378641476,-2945.39413354104
20848.6569586707,1406.7051875812,-149.812683357497,-2952.36869423563
20876.7771774037,1405.59907278331,-153.018296675313,-2959.35451612459
20904.9312437948,1404.48875939991,-156.230635696528,-2966.35161386671
20933.1191975435,1403.37424105407,-159.449709762124,-2973.36000213983
20961.3410783984,1402.25551135965,-162.675528225908,-2980.37969564116
20989.5969261559,1401.13256392136,-165.908100454437,-2987.41070908708
21017.8867806608,1400.0053923347,-169.147435827078,-2994.45305721331
21046.2106818051,1398.87399018602,-172.393543735903,-3001.50675477464
21074.5686695302,1397.73835105239,-175.646433585897,-3008.57181654535
21102.9607838256,1396.59846850168,-178.906114794885,-3015.64825731909
21131.3870647284,1395.45433609254,-182.172596793445,-3022.73609190863
21159.8475523249,1394.30594737434,-185.445889025123,-3029.83533514633
21188.3422867498,1393.15329588717,-188.726000946318,-3036.94600188389
21216.8713081863,1391.99637516186,-192.012942026367,-3044.06810699252
21245.4346568657,1390.83517871995,-195.306721747435,-3051.20166536266
21274.0323730689,1389.66970007367,-198.607349604748,-3058.34669190451
21302.6644971243,1388.49993272594,-201.914835106365,-3065.5032015475
21331.3310694101,1387.32587017031,-205.229187773416,-3072.67120924081
21360.0321303533,1386.14750589103,-208.550417140012,-3079.85072995315
21388.7677204288,1384.96483336296,-211.878532753191,-3087.04177867262
21417.5378801613,1383.77784605161,-215.2135441731,-3094.24437040712
21446.3426501244,1382.58653741309,-218.555460972903,-3101.45852018413
21475.1820709406,1381.39090089412,-221.904292738823,-3108.68424305075
21504.0561832818,1380.19092993199,-225.260049070199,-3115.92155407388
21532.9650278682,1378.98661795461,-228.622739579351,-3123.17046833986
21561.9086454702,1377.77795838041,-231.992373891827,-3130.43100095499
21590.8870769074,1376.56494461836,-235.3689616463,-3137.70316704537
21619.9003630479,1375.34757006803,-238.752512494492,-3144.98698175659
21648.9485448099,1374.12582811945,-242.143036101383,-3152.28246025431
21678.0316631614,1372.89971215318,-245.540542145141,-3159.58961772402
21707.1497591186,1371.6692155403,-248.945040317037,-3166.90846937082
21736.3028737486,1370.43433164233,-252.356540321655,-3174.23903041994
21765.4910481678,1369.19505381128,-255.77505187682,-3181.58131611651
21794.7143235415,1367.95137538964,-259.200584713502,-3188.93534172536
21823.9727410856,1366.70328971031,-262.633148576042,-3196.3011225315
21853.2663420657,1365.45079009662,-266.072753222048,-3203.67867383986
21882.595167797,1364.19386986235,-269.51940842242,-3211.06801097537
21911.9592596451,1362.93252231164,-272.973123961425,-3218.46914928308
21941.3586590245,1361.66674073906,-276.43390963656,-3225.88210412786
21970.7934074008,1360.39651842953,-279.901775258795,-3233.3068908949
22000.2635462896,1359.12184865833,-283.376730652462,-3240.74352498949
22029.7691172558,1357.84272469113,-286.8587856552,-3248.19202183685
22059.3101619153,1356.5591397839,-290.347950118144,-3255.65239688257
22088.8867219345,1355.27108718293,-293.844233905886,-3263.12466559243
22118.498839029,1353.97856012483,-297.347646896339,-3270.60884345221
22148.1465549658,1352.68155183653,-300.858198980991,-3278.10494596813
22177.8299115623,1351.38005553519,-304.375900064824,-3285.61298866671
22207.5489506855,1350.0740644283,-307.900760066198,-3293.1329870945
22237.3037142539,1348.76357171356,-311.432788917114,-3300.66495681861
22267.0942442365,1347.44857057891,-314.971996563107,-3308.2089134265
22296.9205826524,1346.12905420258,-318.518392963151,-3315.76487252574
22326.7827715719,1344.80501575294,-322.071988089909,-3323.33284974455
22356.6808531162,1343.47644838861,-325.632791929591,-3330.91286073149
22386.614869457,1342.14334525838,-329.20081448203,-3338.50492115556
22416.5848628175,1340.80569950119,-332.776065760705,-3346.1090467063
22446.5908754709,1339.46350424621,-336.358555792651,-3353.72525309354
22476.6329497421,1338.11675261271,-339.948294618644,-3361.35355604783
22506.7111280076,1336.76543771006,-343.545292293177,-3368.9939713203
22536.8254526936,1335.40955263784,-347.149558884305,-3376.64651468243
22566.9759662789,1334.04909048566,-350.761104473926,-3384.3112019265
22597.1627112931,1332.68404433325,-354.379939157666,-3391.98804886545
22627.3857303167,1331.31440725043,-358.006073044794,-3399.67707133261
22657.6450659821,1329.94017229708,-361.639516258461,-3407.37828518225
22687.9407609735,1328.56133252311,-365.280278935611,-3415.09170628935
22718.2728580254,1327.1778809685,-368.92837122688,-3422.81735054935
22748.641399925,1325.78981066325,-372.583803296846,-3430.55523387874
22779.0464295107,1324.39711462734,-376.246585323893,-3438.30537221467
22809.4879896727,1322.99978587077,-379.916727500263,-3446.06778151512
22839.9661233532,1321.59781739353,-383.594240032119,-3453.84247775899
22870.4808735453,1320.19120218558,-387.279133139415,-3461.62947694581
22901.0322832949,1318.77993322683,-390.971417056123,-3469.42879509622
22931.6203956998,1317.36400348709,-394.671102030167,-3477.2404482518
22962.245253909,1315.9434059262,-398.378198323297,-3485.06445247482
22992.9069011244,1314.51813349381,-402.092716211358,-3492.90082384877
23023.6053806,1313.08817912952,-405.814665984178,-3500.74957847814
23054.340735641,1311.65353576283,-409.544057945491,-3508.61073248818
23085.1130096059,1310.21419631309,-413.280902413159,-3516.48430202545
23115.9222459055,1308.77015368948,-417.025209719102,-3524.37030325759
23146.768488002,1307.32140079109,-420.776990209182,-3532.26875237309
23177.6517794107,1305.86793050681,-424.536254243463,-3540.17966558183
23208.5721636999,1304.40973571532,-428.303012196108,-3548.10305911482
23239.5296844888,1302.94680928518,-432.077274455244,-3556.03894922395
23270.5243854515,1301.47914407463,-435.859051423413,-3563.98735218288
23301.5563103126,1300.00673293178,-439.648353517039,-3571.94828428596
23332.6255028507,1298.52956869446,-443.445191166873,-3579.92176184909
23363.7320068973,1297.04764419024,-447.249574817868,-3587.90780120949
23394.8758663354,1295.56095223646,-451.061514929063,-3595.90641872544
23426.0571251024,1294.06948564015,-454.88102197386,-3603.91763077684
23457.2758271883,1292.57323719804,-458.708106439892,-3611.9414537649
23488.5320166354,1291.07219969658,-462.542778828965,-3619.97790411206
23519.8257375398,1289.56636591187,-466.385049657266,-3628.02699826236
23551.1570340512,1288.05572860968,-470.234929455308,-3636.08875268134
23582.5259503711,1286.54028054546,-474.092428767804,-3644.16318385577
23613.9325307555,1285.02001446425,-477.957558153917,-3652.25030829414
23645.3768195137,1283.49492310072,-481.830328187199,-3660.35014252652
23676.8588610075,1281.96499917918,-485.710749455438,-3668.46270310426
23708.3786996531,1280.43023541349,-489.598832560958,-3676.58800660057
23739.9363799199,1278.89062450711,-493.494588120452,-3684.72606961017
23771.5319463309,1277.34615915308,-497.398026765056,-3692.87690874943
23803.165443463,1275.79683203393,-501.309159140398,-3701.0405406565
23834.8369159461,1274.24263582182,-505.227995906465,-3709.21698199093
23866.5464084647,1272.68356317835,-509.154547737866,-3717.4062494343
23898.2939657571,1271.11960675464,-513.088825323707,-3725.60835968989
23930.0796326147,1269.55075919136,-517.030839367516,-3733.82332948256
23961.9034538837,1267.9770131186,-520.980600587492,-3742.05117555918
23993.7654744644,1266.39836115592,-524.938119716394,-3750.29191468848
24025.6657393102,1264.81479591237,-528.903407501474,-3758.54556366081
24057.6042934298,1263.22630998639,-532.876474704688,-3766.81213928865
24089.5811818859,1261.63289596585,-536.857332102636,-3775.0916584064
24121.5964497946,1260.03454642808,-540.845990486426,-3783.38413787014
24153.6501423275,1258.43125393974,-544.842460661969,-3791.68959455819
24185.7423047104,1256.82301105686,-548.846753449857,-3800.00804537087
24217.8729822227,1255.2098103249,-552.858879685261,-3808.33950723028
24250.0422201993,1253.59164427863,-556.878850218197,-3816.68399708081
24282.2500640293,1251.96850544215,-560.906675913382,-3825.04153188887
24314.4965591572,1250.34038632888,-564.942367650341,-3833.41212864306
24346.7817510807,1248.70727944158,-568.985936323251,-3841.79580435385
24379.1056853536,1247.06917727227,-573.037392841214,-3850.19257605416
24411.4684075846,1245.42607230222,-577.096748128153,-3858.60246079908
24443.8699634363,1243.77795700205,-581.164013122699,-3867.02547566568
24476.3103986271,1242.12482383156,-585.239198778472,-3875.46163775354
24508.7897589304,1240.4666652398,-589.32231606392,-3883.91096418442
24541.3080901749,1238.803473665,-593.413375962449,-3892.37347210249
24573.8654382436,1237.1352415347,-597.512389472224,-3900.84917867398
24606.4618490756,1235.46196126553,-601.619367606496,-3909.33810108776
24639.0973686656,1233.78362526332,-605.734321393464,-3917.84025655508
24671.7720430622,1232.10022592309,-609.857261876174,-3926.35566230934
24704.485918371,1230.411755629,-613.988200112784,-3934.88433560667
24737.2390407524,1228.7182067543,-618.127147176435,-3943.42629372558
24770.0314564229,1227.01957166138,-622.274114155341,-3951.98155396717
24802.8632116535,1225.31584270178,-626.429112152636,-3960.5501336548
24835.7343527721,1223.60701221605,-630.592152286655,-3969.13205013467
24868.6449261623,1221.89307253386,-634.763245690823,-3977.72732077557
24901.5949782623,1220.17401597394,-638.942403513553,-3986.33596296862
24934.5845555676,1218.44983484403,-643.129636918513,-3994.95799412788
24967.6137046291,1216.72052144094,-647.32495708448,-4003.59343168998
25000.6824720541,1214.98606805044,-651.528375205438,-4012.24229311435
25033.7909045051,1213.24646694737,-655.739902490439,-4020.90459588286
25066.9390487016,1211.50171039551,-659.959550163868,-4029.58035750044
25100.1269514194,1209.75179064758,-664.187329465345,-4038.2695954948
25133.3546594897,1207.99669994535,-668.423251649602,-4046.97232741618
25166.622219801,1206.23643051943,-672.667327986779,-4055.68857083795
25199.9296792982,1204.47097458939,-676.919569762289,-4064.41834335636
25233.2770849817,1202.70032436376,-681.179988276734,-4073.16166259027
25266.6644839095,1200.92447203989,-685.448594846172,-4081.91854618177
25300.0919231962,1199.14340980402,-689.725400802016,-4090.68901179591
25333.5594500121,1197.35712983134,-694.010417490892,-4099.4730771204
25367.0671115853,1195.56562428578,-698.303656274977,-4108.27075986633
25400.6149552006,1193.76888532015,-702.605128531837,-4117.08207776777
25434.2030281989,1191.96690507611,-706.914845654328,-4125.90704858163
25467.8313779789,1190.1596756841,-711.232819050901,-4134.74569008817
25501.5000519962,1188.34718926333,-715.55906014542,-4143.59802009071
25535.2090977631,1186.52943792181,-719.893580377237,-4152.46405641572
25568.9585628498,1184.70641375629,-724.236391201268,-4161.34381691299
25602.7484948825,1182.87810885233,-728.5875040878,-4170.23731945519
25636.5789415458,1181.04451528413,-732.946930522821,-4179.14458193859
25670.4499505817,1179.20562511464,-737.314682007881,-4188.06562228268
25704.3615697885,1177.36143039555,-741.690770059982,-4197.00045843
25738.313847023,1175.51192316718,-746.075206211868,-4205.94910834673
25772.3068301998,1173.65709545853,-750.468002011913,-4214.91159002238
25806.3405672898,1171.7969392873,-754.869169024003,-4223.8879214696
25840.4151063228,1169.93144665978,-759.278718827827,-4232.87812072473
25874.5304953863,1168.06060957087,-763.696663018771,-4241.88220584759
25908.6867826248,1166.18442000416,-768.12301320778,-4250.90019492116
25942.8840162414,1164.30286993176,-772.557781021673,-4259.93210605225
25977.1222444971,1162.41595131437,-777.000978102973,-4268.97795737112
26011.4015157108,1160.52365610127,-781.452616109979,-4278.03776703158
26045.72187826,1158.62597623027,-785.912706716807,-4287.11155321115
26080.0833805792,1156.72290362776,-790.381261613261,-4296.19933411068
26114.4860711621,1154.81443020859,-794.858292505125,-4305.30112795501
26148.929998561,1152.90054787612,-799.343811114005,-4314.41695299262
26183.4152113852,1150.98124852224,-803.83782917726,-4323.54682749545
26217.9417583038,1149.05652402728,-808.340358448281,-4332.69076975947
26252.5096880442,1147.12636626,-812.851410696361,-4341.84879810442
26287.1190493915,1145.19076707766,-817.370997706607,-4351.0209308736
26321.7698911904,1143.24971832592,-821.899131280188,-4360.20718643439
26356.4622623443,1141.3032118388,-826.435823234282,-4369.40758317805
26391.1962118144,1139.35123943881,-830.981085401892,-4378.62213951947
26425.9717886218,1137.39379293676,-835.534929632211,-4387.85087389776
26460.7890418466,1135.43086413184,-840.097367790428,-4397.09380477594
26495.6480206267,1133.46244481164,-844.668411757679,-4406.35095064078
26530.5487741602,1131.48852675201,-849.248073431306,-4415.62233000335
26565.491351704,1129.50910171716,-853.836364724708,-4424.90796139865
26600.4758025742,1127.5241614596,-858.433297567391,-4434.20786338576
26635.5021761465,1125.53369772006,-863.038883905068,-4443.522054548
26670.570521855,1123.53770222767,-867.653135699461,-4452.85055349251
26705.6808891941,1121.5361666997,-872.276064928604,-4462.19337885088
26740.8333277178,1119.52908284168,-876.90768358676,-4471.55054927893
26776.0278870385,1117.51644234744,-881.54800368424,-4480.92208345638
26811.2646168295,1115.49823689893,-886.197037247767,-4490.30800008754
26846.5435668235,1113.47445816629,-890.854796320324,-4499.70831790099
26881.8647868121,1111.44509780792,-895.521292961024,-4509.12305564932
26917.2283266477,1109.41014747031,-900.196539245451,-4518.55223210981
26952.6342362428,1107.36959878809,-904.880547265496,-4527.99586608408
26988.0825655684,1105.32344338408,-909.573329129264,-4537.45397639788
27023.5733646572,1103.27167286917,-914.274896961381,-4546.9265819017
27059.1066836011,1101.21427884233,-918.985262902805,-4556.4137014704
27094.6825725525,1099.15125289066,-923.704439110902,-4565.91535400333
27130.3010817243,1097.08258658927,-928.432437759539,-4575.43155842451
27165.9622613888,1095.00827150139,-933.169271038877,-4584.96233368219
27201.6661618796,1092.92829917823,-937.914951155695,-4594.50769874953
27237.4128335908,1090.842661159,-942.669490333281,-4604.0676726243
27273.202326976,1088.75134897101,-947.43290081128,-4613.64227432865
27309.0346925505,1086.65435412946,-952.205194846034,-4623.2315229097
27344.9099808903,1084.55166813754,-956.986384710439,-4632.8354374393
27380.8282426311,1082.44328248644,-961.776482693831,-4642.45403701373
27416.7895284703,1080.32918865525,-966.57550110228,-4652.08734075435
27452.7938891665,1078.20937811096,-971.383452258501,-4661.73536780736
27488.841375538,1076.08384230854,-976.200348501692,-4671.39813734347
27524.9320384652,1073.95257269079,-981.026202187871,-4681.07566855857
27561.0659288897,1071.81556068838,-985.861025689746,-4690.76798067347
27597.2430978129,1069.67279771994,-990.704831396527,-4700.47509293349
27633.4635962997,1067.52427519176,-995.557631714511,-4710.19702460961
27669.7274754742,1065.36998449813,-1000.4194390664,-4719.93379499716
27706.034786523,1063.20991702107,-1005.29026589186,-4729.68542341682
27742.3855806943,1061.04406413037,-1010.17012464736,-4739.45192921439
27778.7799092969,1058.87241718369,-1015.05902780603,-4749.23333176043
27815.217823702,1056.69496752636,-1019.95698785799,-4759.02965045094
27851.6993753428,1054.5117064915,-1024.86401731023,-4768.84090470706
27888.2246157129,1052.32262539997,-1029.78012868645,-4778.6671139748
27924.7935963691,1050.12771556031,-1034.70533452742,-4788.5082977257
27961.4063689298,1047.92696826875,-1039.63964739083,-4798.36447545657
27998.0629850745,1045.72037480928,-1044.58307985117,-4808.23566668915
28034.7634965458,1043.50792645346,-1049.53564450004,-4818.12189097084
28071.5079551485,1041.28961446053,-1054.49735394604,-4828.02316787434
28108.2964127482,1039.0654300774,-1059.46822081462,-4837.93951699744
28145.1289212743,1036.83536453856,-1064.44825774841,-4847.87095796363
28182.0055327178,1034.59940906609,-1069.43747740707,-4857.81751042174
28218.9262991326,1032.35755486967,-1074.43589246735,-4867.77919404617
28255.8912726342,1030.10979314656,-1079.44351562299,-4877.75602853651
28292.9005054015,1027.85611508155,-1084.46035958497,-4887.7480336182
28329.9540496761,1025.59651184695,-1089.48643708143,-4897.75522904221
28367.0519577613,1023.33097460265,-1094.5217608575,-4907.77763458484
28404.1942820241,1021.05949449597,-1099.56634367568,-4917.81527004828
28441.3810748942,1018.78206266175,-1104.6201983156,-4927.8681552603
28478.6123888646,1016.49867022226,-1109.68333757419,-4937.93631007449
28515.8882764899,1014.20930828731,-1114.75577426547,-4948.0197543698
28553.2087903892,1011.91396795406,-1119.83752122089,-4958.11850805126
28590.5739832448,1009.61264030709,-1124.9285912892,-4968.23259104972
28627.9839078006,1007.30531641848,-1130.02899733629,-4978.36202332148
28665.4386168656,1004.99198734757,-1135.1387522456,-4988.50682484906
28702.9381633118,1002.67264414111,-1140.25786891787,-4998.66701564083
28740.4826000735,1000.34727783326,-1145.38636027112,-5008.84261573076
28778.0719801497,998.015879445463,-1150.52423924089,-5019.03364517909
28815.7063566028,995.678439986473,-1155.67151878013,-5029.24012407194
28853.3857825591,993.334950452345,-1160.82821185929,-5039.46207252154
28891.1103112073,990.985401826491,-1165.99433146612,-5049.69951066583
28928.8799958016,988.629785079501,-1171.16989060604,-5059.95245866918
28966.6948896596,986.268091169242,-1176.35490230197,-5070.22093672203
29004.5550461619,983.900311040871,-1181.54937959424,-5080.50496504068
29042.4605187544,981.526435626694,-1186.75333554089,-5090.80456386791
29080.4113609466,979.146455846249,-1191.96678321748,-5101.11975347257
29118.4076263128,976.760362606231,-1197.18973571724,-5111.4505541499
29156.44936849,974.368146800584,-1202.42220615088,-5121.79698622105
29194.5366411811,971.969799310313,-1207.66420764691,-5132.15907003384
29232.6694981533,969.56531100357,-1212.91575335153,-5142.53682596238
29270.8479932371,967.154672735699,-1218.17685642846,-5152.93027440687
29309.0721803288,964.737875349072,-1223.4475300593,-5163.33943579418
29347.3421133894,962.314909673125,-1228.72778744344,-5173.76433057769
29385.6578464432,959.885766524461,-1234.01764179781,-5184.20497923685
29424.0194335809,957.450436706642,-1239.31710635733,-5194.661402278
29462.4269289578,955.00891101027,-1244.62619437473,-5205.13362023396
29500.8803867929,952.561180213041,-1249.94491912038,-5215.6216536638
29539.3798613716,950.107235079564,-1255.27329388271,-5226.12552315356
29577.9254070445,947.647066361438,-1260.61133196801,-5236.64524931586
29616.5170782255,945.180664797323,-1265.95904670025,-5247.18085278958
29655.1549293968,942.708021112649,-1271.31645142172,-5257.73235424105
29693.839015103,940.229126019966,-1276.68355949227,-5268.29977436257
29732.5693899559,937.743970218612,-1282.06038428993,-5278.88313387365
29771.3461086326,935.252544394841,-1287.44693921075,-5289.48245352058
29810.1692258746,932.754839221864,-1292.8432376686,-5300.09775407616
29849.0387964904,930.250845359662,-1298.24929309557,-5310.72905634041
29887.954875354,927.740553455066,-1303.66511894182,-5321.37638114022
29926.9175174043,925.223954141826,-1309.09072867541,-5332.03974932906
29965.926777647,922.701038040402,-1314.5261357827,-5342.71918178776
30004.9827111538,920.171795758065,-1319.97135376816,-5353.41469942409
30044.0853730615,917.636217888925,-1325.42639615427,-5364.12632317256
30083.2348185738,915.094295013785,-1330.89127648182,-5374.85407399504
30122.431102961,912.54601770018,-1336.36600830984,-5385.59797288054
30161.6742815582,909.991376502458,-1341.85060521538,-5396.35804084483
30200.9644097681,907.430361961577,-1347.34508079395,-5407.13429893122
30240.3015430595,904.862964605227,-1352.84944865922,-5417.92676821007
30279.6857369677,902.289174947759,-1358.36372244321,-5428.73546977901
30319.1170470949,899.708983490159,-1363.88791579627,-5439.56042476302
30358.5955291087,897.122380720128,-1369.42204238693,-5450.40165431405
30398.1212387449,894.5293571119,-1374.96611590228,-5461.25917961174
30437.6942318058,891.929903126316,-1380.52015004776,-5472.13302186308
30477.3145641597,889.324009210883,-1386.08415854707,-5483.02320230214
30516.9822917429,886.711665799582,-1391.65815514252,-5493.92974219077
30556.6974705587,884.092863312963,-1397.24215359487,-5504.85266281826
30596.4601566765,881.467592158172,-1402.83616768317,-5515.7919855011
30636.2704062339,878.835842728801,-1408.44021120518,-5526.74773158364
30676.1282754361,876.19760540492,-1414.05429797717,-5537.71992243781
30716.0338205541,873.55287055318,-1419.67844183378,-5548.70857946281
30755.9870979279,870.901628526596,-1425.31265662843,-5559.71372408582
30795.9881639644,868.243869664659,-1430.95695623304,-5570.73537776158
30836.0370751381,865.579584293291,-1436.61135453817,-5581.77356197254
30876.1338879917,862.90876272479,-1442.27586545309,-5592.82829822901
30916.2786591345,860.231395257916,-1447.95050290556,-5603.89960806874
30956.4714452447,857.547472177737,-1453.63528084222,-5614.98751305764
30996.7123030685,854.85698375567,-1459.33021322838,-5626.09203478946
31037.0012894189,852.159920249546,-1465.03531404798,-5637.21319488548
31077.3384611782,849.456271903434,-1470.75059730386,-5648.35101499528
31117.7238752968,846.746028947703,-1476.47607701766,-5659.50551679634
31158.1575887923,844.029181599106,-1482.21176722964,-5670.67672199381
31198.6396587517,841.305720060545,-1487.95768199911,-5681.86465232122
31239.1701423305,838.575634521195,-1493.71383540419,-5693.06932954013
31279.7490967513,835.838915156546,-1499.48024154175,-5704.29077543985
31320.3765793066,833.095552128202,-1505.25691452771,-5715.52901183815
31361.0526473577,830.345535583959,-1511.04386849696,-5726.78406058101
31401.7773583327,827.588855657916,-1516.84111760307,-5738.05594354209
31442.5507697316,824.825502470128,-1522.64867601903,-5749.3446826241
31483.3729391204,822.055466126973,-1528.46655793642,-5760.65029975724
31524.2439241355,819.278736720862,-1534.29477756606,-5771.97281690041
31565.1637824827,816.495304330291,-1540.13334913784,-5783.31225604091
31606.1325719354,813.705159019928,-1545.98228690055,-5794.66863919402
31647.1503503376,810.908290840436,-1551.84160512226,-5806.0419884038
31688.2171756026,808.104689828507,-1557.71131809017,-5817.43232574273
31729.3331057117,805.29434600698,-1563.59144011041,-5828.83967331141
31770.4981987172,802.47724938459,-1569.4819855085,-5840.26405323933
31811.7125127407,799.653389956078,-1575.38296862917,-5851.70548768452
31852.9761059722,796.822757702256,-1581.29440383616,-5863.16399883321
31894.2890366726,793.985342589797,-1587.21630551265,-5874.63960890064
31935.6513631729,791.141134571311,-1593.14868806109,-5886.13234013068
31977.0631438724,788.290123585447,-1599.09156590302,-5897.64221479552
