i,Jsm,Jc,R
1.00810124830131,313589931088.799,51638219.5892665,6072.82616602804
1.0180632933666,314370749868.091,52016703.7788159,6043.64996299746
1.02809772600011,315151483969.813,52396967.7747409,6014.68934852635
1.03820488074847,315932133183.67,52779015.1464773,5985.94218378015
1.04838509278564,316712697299.39,53162849.4596276,5957.40635648028
1.05863869791199,317493176106.723,53548474.2759652,5929.07978050883
1.06896603255334,318273569395.442,53935893.1534396,5900.96039551994
1.07936743376008,319053876955.346,54325109.6461806,5873.04616655803
1.08984323920614,319834098576.252,54716127.3045039,5845.33508368245
1.10039378718814,320614234048.004,55108949.6749158,5817.82516159874
1.1110194166244,321394283160.468,55503580.3001178,5790.51443929619
1.12172046705403,322174245703.533,55900022.7190113,5763.40097969161
1.13249727863597,322954121467.111,56298280.4667021,5736.48286927918
1.1433501921481,323733910241.14,56698357.0745066,5709.75821778619
1.15427954898624,324513611815.578,57100256.069955,5683.22515783481
1.1652856911633,325293225980.408,57503980.9767964,5656.88184460946
1.17636896130826,326072752525.636,57909535.3150045,5630.72645552985
1.1875297026653,326852191241.293,58316922.6007814,5604.75718992951
1.19876825909284,327631541917.432,58726146.3465624,5578.97226873988
1.21008497506263,328410804344.13,59137210.0610211,5553.36993417947
1.22148019565881,329189978311.49,59550117.2490747,5527.94844944835
1.23295426657695,329969063609.635,59964871.4118871,5502.70609842789
1.24450753412319,330748060028.715,60381476.0468751,5477.64118538524
1.25614034521325,331526967358.903,60799934.6477124,5452.75203468293
1.26785304737152,332305785390.395,61220250.7043348,5428.03699049317
1.27964598873016,333084513913.412,61642427.7029443,5403.494416517
1.29151951802812,333863152718.199,62066469.1260142,5379.12269570795
1.30347398461029,334641701595.026,62492378.4522936,5354.92023000037
1.31550973842649,335420160334.186,62920159.1568126,5330.88544004214
1.32762713003061,336198528725.997,63349814.7108856,5307.01676493186
1.33982651057966,336976806560.799,63781348.5821181,5283.31266196016
1.35210823183285,337754993628.961,64214764.2344092,5259.77160635554
1.36447264615068,338533089720.872,64650065.1279578,5236.39209103401
1.37692010649398,339311094626.948,65087254.7192662,5213.17262635307
1.38945096642305,340089008137.63,65526336.4611453,5190.11173986951
1.40206558009668,340866830043.38,65967313.8027196,5167.20797610115
1.41476430227126,341644560134.69,66410190.1894309,5144.45989629257
1.42754748829987,342422198202.072,66854969.063043,5121.86607818446
1.44041549413134,343199744036.065,67301653.8616474,5099.42511578665
1.45336867630933,343977197427.233,67750248.0196667,5077.13561915496
1.46640739197144,344754558166.164,68200754.96786,5054.99621417141
1.47953199884827,345531826043.472,68653178.1333266,5033.00554232812
1.4927428552625,346309000849.796,69107520.9395119,5011.16226051447
1.50604032012798,347086082375.798,69563786.8062103,4989.46504080786
1.51942475294885,347863070412.167,70021979.1495713,4967.91257026754
1.53289651381856,348639964749.617,70482101.3821033,4946.50355073186
1.54645596341901,349416765178.887,70944156.9126782,4925.23669861872
1.56010346301962,350193471490.742,71408149.1465361,4904.11074472905
1.57383937447638,350970083475.971,71874081.4852894,4883.12443405353
1.58766406023102,351746600925.389,72341957.326928,4862.27652558217
1.60157788331002,352523023629.837,72811780.0658237,4841.56579211698
1.61558120732374,353299351380.181,73283553.092734,4820.99102008757
1.62967439646551,354075583967.312,73757279.7948078,4800.55100936949
1.64385781551068,354851721182.148,74232963.5555888,4780.24457310559
1.65813182981578,355627762815.632,74710607.7550203,4760.07053753
1.67249680531754,356403708658.733,75190215.7694501,4740.02774179483
1.68695310853202,357179558502.444,75671790.9716348,4720.11503779964
1.70150110655372,357955312137.787,76155336.7307438,4700.33129002345
1.71614116705461,358730969355.808,76640856.4123646,4680.67537535936
1.73087365828331,359506529947.578,77128353.3785069,4661.14618295171
1.7456989490641,360281993704.197,77617830.9876061,4641.74261403577
1.76061740879608,361057360416.789,78109292.5945298,4622.4635817797
1.7756294074522,361832629876.503,78602741.5505798,4603.30801112921
1.79073531557844,362607801874.518,79098181.2034993,4584.27483865427
1.80593550429283,363382876202.035,79595614.8974747,4565.36301239836
1.82123034528458,364157852650.284,80095045.9731417,4546.57149172993
1.8366202108132,364932731010.522,80596477.7675886,4527.8992471961
1.85210547370753,365707511074.029,81099913.6143619,4509.3452603785
1.86768650736492,366482192632.114,81605356.8434697,4490.90852375142
1.88336368575027,367256775476.113,82112810.7813868,4472.58804054193
1.89913738339517,368031259397.387,82622278.7510585,4454.38282459223
1.91500797539695,368805644187.324,83133764.0719054,4436.29190022396
1.93097583741783,369579929637.339,83647270.0598275,4418.31430210457
1.94704134568402,370354115538.875,84162800.0272091,4400.44907511564
1.96320487698478,371128201683.399,84680357.282922,4382.69527422326
1.97946680867156,371902187862.408,85199945.1323313,4365.05196435015
1.99582751865708,372676073867.423,85721566.8772987,4347.51822024986
2.01228738541446,373449859489.994,86245225.8161876,4330.09312638265
2.02884678797629,374223544521.697,86770925.2438666,4312.77577679337
2.04550610593377,374997128754.135,87298668.4517144,4295.56527499099
2.0622657194358,375770611978.941,87828458.7276244,4278.4607338299
2.07912600918806,376543993987.77,88360299.356008,4261.4612753931
2.09608735645217,377317274572.309,88894193.6178002,4244.5660308769
2.11315014304474,378090453524.269,89430144.7904624,4227.77414047743
2.13031475133652,378863530635.392,89968156.1479885,4211.0847532787
2.14758156425149,379636505697.442,90508230.9609074,4194.49702714238
2.16495096526598,380409378502.217,91050372.4962886,4178.01012859912
2.18242333840773,381182148841.537,91594584.0177457,4161.62323274142
2.1999990682551,381954816507.253,92140868.7854412,4145.33552311809
2.21767853993605,382727381291.242,92689230.0560904,4129.14619163021
2.23546213912738,383499842985.409,93239671.0829661,4113.05443842852
2.25335025205374,384272201381.688,93792195.115902,4097.05947181245
2.27134326548678,385044456272.039,94346805.4012976,4081.16050813039
2.28944156674431,385816607448.451,94903505.1821229,4065.35677168147
2.30764554368929,386588654702.94,95462297.6979216,4049.64749461878
2.32595558472909,387360597827.552,96023186.1848155,4034.03191685392
2.34437207881447,388132436614.359,96586173.8755096,4018.50928596286
2.36289541543881,388904170855.461,97151263.9992955,4003.07885709321
2.38152598463713,389675800342.987,97718459.782056,3987.73989287276
2.40026417698526,390447324869.096,98287764.4462689,3972.49166331932
2.41911038359893,391218744225.972,98859181.2110113,3957.33344575179
2.43806499613292,391990058205.828,99432713.2919643,3942.26452470253
2.45712840678013,392761266600.908,100008363.901417,3927.28419183091
2.47630100827071,393532369203.482,100586136.24827,3912.39174583815
2.49558319387121,394303365805.848,101166033.538039,3897.5864923832
2.51497535738367,395074256200.334,101748058.972863,3882.86774399994
2.53447789314472,395845040179.297,102332215.751503,3868.23482001544
2.55409119602476,396615717535.122,102918507.06935,3853.68704646939
2.573815661427,397386288060.222,103506936.118426,3839.22375603464
2.59365168528665,398156751547.039,104097506.087393,3824.84428793881
2.61359966406999,398927107788.045,104690220.16155,3810.54798788705
2.63365999477353,399697356575.74,105285081.522844,3796.33420798573
2.65383307492309,400467497702.653,105882093.349872,3782.20230666735
2.67411930257296,401237530961.342,106481258.817882,3768.15164861631
2.69451907630501,402007456144.394,107082581.098781,3754.18160469585
2.7150327952278,402777273044.425,107686063.361137,3740.29155187583
2.73566085897572,403546981454.082,108291708.770185,3726.48087316162
2.75640366770808,404316581166.037,108899520.487828,3712.74895752392
2.7772616221083,405086071972.996,109509501.672644,3699.09519982948
2.79823512338297,405855453667.691,110121655.479889,3685.51900077283
2.81932457326099,406624726042.885,110735985.061501,3672.01976680888
2.84053037399274,407393888891.37,111352493.566105,3658.59691008643
2.86185292834913,408162942005.968,111971184.139014,3645.24984838266
2.88329263962079,408931885179.53,112592059.922237,3631.9780050384
2.90484991161718,409700718204.936,113215124.054481,3618.78080889423
2.92652514866569,410469440875.098,113840379.671156,3605.65769422763
2.94831875561081,411238052982.954,114467829.904376,3592.60810069075
2.97023113781322,412006554321.475,115097477.88297,3579.63147324915
2.99226270114895,412774944683.661,115729326.732475,3566.72726212129
3.01441385200848,413543223862.542,116363379.575153,3553.89492271884
3.0366849972959,414311391651.176,116999639.529984,3541.13391558781
3.05907654442801,415079447842.654,117638109.712677,3528.4437063504
3.08158890133348,415847392230.095,118278793.235671,3515.82376564764
3.10422247645196,416615224606.649,118921693.208137,3503.27356908286
3.12697767873322,417382944765.496,119566812.73599,3490.79259716575
3.14985491763628,418150552499.846,120214154.921881,3478.3803352573
3.17285460312852,418918047602.939,120863722.865213,3466.0362735154
3.19597714568487,419685429868.047,121515519.662135,3453.75990684114
3.21922295628689,420452699088.47,122169548.405554,3441.55073482581
3.24259244642192,421219855057.54,122825812.185133,3429.40826169864
3.26608602808222,421986897568.62,123484314.087299,3417.33199627517
3.28970411376409,422753826415.101,124145057.195244,3405.32145190632
3.31344711646704,423520641390.407,124808044.588931,3393.37614642805
3.33731544969287,424287342287.992,125473279.345096,3381.49560211183
3.36130952744484,425053928901.342,126140764.537255,3369.67934561553
3.38542976422683,425820401023.97,126810503.235706,3357.92690793513
3.40967657504243,426586758449.425,127482498.507529,3346.23782435696
3.43405037539408,427353000971.282,128156753.4166,3334.61163441058
3.45855158128227,428119128383.15,128833271.023584,3323.04788182224
3.48318060920458,428885140478.668,129512054.385945,3311.54611446896
3.50793787615489,429651037051.507,130193106.55795,3300.10588433319
3.53282379962252,430416817895.368,130876430.59067,3288.72674745802
3.55783879759133,431182482803.983,131562029.531985,3277.40826390303
3.58298328853887,431948031571.116,132249906.426591,3266.14999770062
3.60825769143554,432713463990.563,132940064.315998,3254.95151681291
3.63366242574372,433478779856.148,133632506.238537,3243.81239308929
3.6591979114169,434243978961.731,134327235.229367,3232.73220222428
3.68486456889884,435009061101.201,135024254.320474,3221.71052371619
3.7106628191227,435774026068.477,135723566.540674,3210.7469408261
3.73659308351019,436538873657.514,136425174.915625,3199.84104053743
3.7626557839707,437303603662.293,137129082.467819,3188.99241351606
3.78885134290046,438068215876.832,137835292.216597,3178.20065407081
3.81518018318167,438832710095.177,138543807.178147,3167.4653601146
3.84164272818164,439597086111.407,139254630.365506,3156.78613312594
3.86823940175196,440361343719.633,139967764.788569,3146.16257811096
3.89497062822761,441125482713.999,140683213.454092,3135.59430356593
3.92183683242614,441889502888.678,141400979.365689,3125.08092144022
3.94883843964679,442653404037.879,142121065.523847,3114.62204709972
3.97597587566963,443417185955.838,142843474.92592,3104.2172992907
4.00324956675476,444180848436.828,143568210.566138,3093.86630010414
4.03065993964137,444944391275.152,144295275.435608,3083.56867494049
4.05820742154698,445707814265.144,145024672.522322,3073.32405247486
4.08589244016649,446471117201.173,145756404.811156,3063.13206462266
4.11371542367144,447234299877.638,146490475.283875,3052.99234650559
4.14167680070905,447997362088.973,147226886.91914,3042.90453641814
4.16977700040146,448760303629.64,147965642.692508,3032.86827579443
4.19801645234479,449523124294.139,148706745.576436,3022.88320917549
4.22639558660837,450285823876.999,149450198.540286,3012.94898417695
4.25491483373385,451048402172.782,150196004.550331,3003.06525145703
4.28357462473436,451810858976.083,150944166.569754,2993.23166468505
4.31237539109363,452573194081.531,151694687.558655,2983.44788051023
4.34131756476522,453335407283.785,152447570.474052,2973.71355853091
4.37040157817158,454097498377.54,153202818.269889,2964.02836126409
4.39962786420326,454859467157.522,153960433.897036,2954.39195411542
4.42899685621804,455621313418.49,154720420.303293,2944.80400534946
4.45850898804009,456383036955.237,155482780.433397,2935.26418606036
4.48816469395911,457144637562.587,156247517.229021,2925.77217014287
4.51796440872952,457906115035.4,157014633.62878,2916.32763426369
4.54790856756958,458667469168.567,157784132.568237,2906.93025783317
4.57799760616053,459428699757.012,158556016.979902,2897.57972297733
4.6082319606458,460189806595.695,159330289.793239,2888.27571451026
4.63861206763012,460950789479.607,160106953.93467,2879.0179199068
4.66913836417868,461711648203.771,160886012.327575,2869.80602927553
4.69981128781632,462472382563.248,161667467.8923,2860.63973533215
4.73063127652663,463232992353.128,162451323.546158,2851.51873337313
4.76159876875117,463993477368.537,163237582.203433,2842.44272124964
4.79271420338857,464753837404.634,164026246.775385,2833.41139934185
4.82397801979372,465514072256.612,164817320.170252,2824.42447053348
4.85539065777693,466274181719.697,165610805.293256,2815.48164018671
4.88695255760307,467034165589.149,166406705.046601,2806.58261611729
4.91866415999073,467794023660.262,167205022.329486,2797.72710857004
4.95052590611141,468553755728.364,168005760.038099,2788.91483019457
4.98253823758864,469313361588.817,168808921.065626,2780.14549602131
5.01470159649715,470072841037.016,169614508.302255,2771.41882343779
5.04701642536204,470832193868.392,170422524.635176,2762.73453216529
5.07948316715796,471591419878.408,171232972.948589,2754.09234423559
5.11210226530822,472350518862.562,172045856.123702,2745.49198396815
5.14487416368398,473109490616.387,172861177.038742,2736.93317794749
5.17779930660343,473868334935.45,173678938.568951,2728.41565500082
5.2108781388309,474627051615.351,174499143.586594,2719.93914617592
5.24411110557611,475385640451.725,175321794.960964,2711.50338471935
5.27749865249321,476144101240.243,176146895.558379,2703.10810605481
5.31104122568006,476902433776.609,176974448.242193,2694.75304776177
5.34473927167733,477660637856.56,177804455.872796,2686.43794955445
5.37859323746768,478418713275.871,178636921.307617,2678.16255326088
5.41260357047492,479176659830.351,179471847.401129,2669.92660280231
5.44677071856318,479934477315.84,180309237.004851,2661.7298441728
5.48109513003607,480692165528.217,181149092.967355,2653.5720254191
5.51557725363585,481449724263.395,181991418.134264,2645.45289662068
5.55021753854261,482207153317.32,182836215.348262,2637.37220987004
5.58501643437338,482964452485.975,183683487.449091,2629.32971925325
5.61997439118137,483721621565.377,184533237.273559,2621.32518083065
5.65509185945509,484478660351.577,185385467.655543,2613.35835261783
5.69036929011756,485235568640.663,186240181.425991,2605.42899456683
5.7258071345254,485992346228.758,187097381.412927,2597.53686854743
5.76140584446808,486748992912.019,187957070.441451,2589.68173832887
5.79716587216704,487505508486.639,188819251.33375,2581.86336956152
5.8330876702749,488261892748.846,189683926.909092,2574.08152975898
5.86917169187457,489018145494.904,190551099.983838,2566.33598828021
5.90541839047845,489774266521.112,191420773.371439,2558.62651631199
5.94182822002764,490530255623.803,192292949.882444,2550.95288685146
5.97840163489103,491286112599.349,193167632.3245,2543.31487468896
6.01513908986455,492041837244.154,194044823.502359,2535.71225639096
6.05204104017028,492797429354.661,194924526.21788,2528.14481028329
6.08910794145565,493552888727.345,195806743.270028,2520.61231643441
6.1263402497926,494308215158.719,196691477.454887,2513.11455663905
6.16373842167677,495063408445.333,197578731.565655,2505.65131440185
6.20130291402668,495818468383.77,198468508.39265,2498.22237492128
6.23903418418282,496573394770.65,199360810.723316,2490.82752507374
6.27693268990695,497328187402.631,200255641.342222,2483.46655339778
6.31499888938121,498082846076.403,201153003.03107,2476.13925007855
6.35323324120723,498837370588.696,202052898.568695,2468.84540693238
6.39163620440543,499591760736.274,202955330.731069,2461.58481739152
6.43020823841412,500346016315.937,203860302.291307,2454.3572764891
6.46894980308867,501100137124.523,204767816.019666,2447.16258084423
6.50786135870071,501854122958.904,205677874.683553,2440.00052864721
6.54694336593731,502607973615.991,206590481.047526,2432.87091964497
6.58619628590013,503361688892.729,207505637.873296,2425.77355512665
6.62562058010463,504115268586.101,208423347.919734,2418.70823790932
6.6652167104792,504868712493.126,209343613.942872,2411.67477232385
6.70498513936437,505622020410.859,210266438.695905,2404.67296420095
6.74492632951199,506375192136.392,211191824.929198,2397.70262085738
6.78504074408441,507128227466.855,212119775.39029,2390.76355108224
6.82532884665362,507881126199.412,213050292.823889,2383.85556512347
6.86579110120048,508633888131.267,213983379.971886,2376.97847467449
6.90642797211386,509386513059.659,214919039.573354,2370.13209286095
6.94723992418985,510139000781.863,215857274.364547,2363.31623422763
6.98822742263088,510891351095.193,216798087.078912,2356.53071472552
7.029390933045,511643563796.999,217741480.447085,2349.77535169895
7.07073092144496,512395638684.668,218687457.196897,2343.049963873
7.11224785424745,513147575555.624,219636020.05338,2336.35437134087
7.15394219827227,513899374207.33,220587171.738765,2329.68839555151
7.19581442074149,514651034437.282,221540914.97249,2323.05185929736
7.23786498927864,515402556043.019,222497252.4712,2316.44458670217
7.28009437190794,516153938822.112,223456186.948755,2309.86640320898
7.3225030370534,516905182572.174,224417721.116224,2303.31713556824
7.36509145353804,517656287090.85,225381857.681901,2296.79661182605
7.40786009058311,518407252175.829,226348599.351297,2290.30466131249
7.45080941780723,519158077624.832,227317948.827152,2283.84111463011
7.49393990522553,519908763235.621,228289908.80943,2277.40580364254
7.53725202324898,520659308805.994,229264481.99533,2270.99856146317
7.58074624268341,521409714133.787,230241671.079285,2264.61922244404
7.62442303472879,522159979016.874,231221478.752966,2258.26762216473
7.66828287097838,522910103253.168,232203907.705286,2251.94359742149
7.71232622341795,523660086640.617,233188960.622401,2245.64698621635
7.75655356442492,524409928977.211,234176640.187717,2239.37762774648
7.80096536676757,525159630060.973,235166949.08189,2233.13536239355
7.84556210360424,525909189689.968,236159889.982834,2226.92003171324
7.89034424848246,526658607662.298,237155465.565715,2220.73147842491
7.93531227533823,527407883776.103,238153678.502964,2214.56954640127
7.98046665849514,528157017829.56,239154531.464277,2208.43408065823
8.02580787266353,528906009620.887,240158027.116615,2202.32492734488
8.0713363929398,529654858948.338,241164168.124211,2196.24193373346
8.11705269480544,530403565610.206,242172957.148573,2190.18494820957
8.16295725412634,531152129404.822,243184396.848484,2184.15382026239
8.20905054715195,531900550130.558,244198489.880011,2178.14840047501
8.25533305051441,532648827585.821,245215238.896501,2172.16854051488
8.30180524122782,533396961569.058,246234646.548591,2166.21409312438
8.34846759668738,534144951878.755,247256715.484206,2160.28491211141
8.39532059466863,534892798313.437,248281448.348566,2154.38085234017
8.44236471332657,535640500671.668,249308847.784188,2148.50176972195
8.4896004311949,536388058752.048,250338916.430887,2142.64752120605
8.53702822718521,537135472353.22,251371656.925781,2136.81796477083
8.58464858058614,537882741273.862,252407071.903297,2131.01295941477
8.6324619710626,538629865312.695,253445163.995168,2125.23236514769
8.680468878655,539376844268.474,254485935.830443,2119.47604298199
8.72866978377833,540123677939.999,255529390.035484,2113.74385492407
8.77706516722146,540870366126.103,256575529.233972,2108.03566396576
8.82565551014631,541616908625.664,257624356.046914,2102.35133407586
8.87444129408699,542363305237.595,258675873.092637,2096.69073019177
8.92342300094907,543109555760.85,259730082.986801,2091.05371821119
8.97260111300873,543855659994.422,260786988.342394,2085.44016498392
9.02197611291194,544601617737.344,261846591.769741,2079.84993830375
9.07154848367369,545347428788.687,262908895.876505,2074.28290690038
9.12131870867717,546093092947.564,263973903.267689,2068.73894043149
9.17128727167302,546838610013.125,265041616.545641,2063.21790947482
9.2214546567784,547583979784.561,266112038.310056,2057.7196855204
9.27182134847632,548329202061.102,267185171.157981,2052.24414096277
9.32238783161473,549074276642.019,268261017.683813,2046.7911490934
9.37315459140579,549819203326.62,269339580.479311,2041.36058409304
9.42412211342507,550563981914.258,270420862.13359,2035.95232102424
9.47529088361069,551308612204.319,271504865.233129,2030.56623582393
9.52666138826253,552053093996.235,272591592.361773,2025.20220529609
9.5782341140415,552797427089.474,273681046.100738,2019.86010710438
9.63000954796867,553541611283.547,274773229.02861,2014.53981976501
9.68198817742445,554285646378.003,275868143.721352,2009.24122263959
9.73417049014789,555029532172.432,276965792.752305,2003.96419592799
9.78655697423575,555773268466.463,278066178.692192,1998.70862066142
9.8391481181418,556516855059.768,279169304.10912,1993.47437869544
9.89194441067599,557260291752.057,280275171.568586,1988.26135270313
9.94494634100365,558003578343.082,281383783.633475,1983.06942616824
9.99815439864464,558746714632.632,282495142.864067,1977.89848337851
10.0515690734727,559489700420.541,283609251.81804,1972.74840941896
10.1051908557144,560232535506.681,284726113.050474,1967.61909016532
10.1590202359487,560975219690.965,285845729.113846,1962.51041227746
10.2130577051057,561717752773.347,286968102.558046,1957.42226319291
10.2673037544664,562460134553.822,288093235.930371,1952.35453112048
10.3217588756612,563202364832.423,289221131.775528,1947.30710503387
10.3764235606699,563944443409.228,290351792.635643,1942.27987466539
10.4312983018201,564686370084.354,291485221.050258,1937.27273049974
10.4863835917872,565428144657.958,292621419.556339,1932.28556376781
10.541679923593,566169766930.238,293760390.688275,1927.3182664406
10.597187790605,566911236701.435,294902136.977882,1922.37073122313
10.652907686536,567652553771.83,296046660.954408,1917.4428515485
10.7088401054429,568393717941.744,297193965.144534,1912.53452157186
10.7649855417258,569134729011.541,298344052.072379,1907.64563616461
10.8213444901279,569875586781.625,299496924.259499,1902.77609090855
10.8779174457338,570616291052.442,300652584.224897,1897.92578209008
10.9347049039694,571356841624.478,301811034.485017,1893.09460669451
10.9917073606008,572097238298.263,302972277.553756,1888.2824624004
11.0489253117336,572837480874.366,304136315.942459,1883.48924757392
11.106359253812,573577569153.399,305303152.159929,1878.71486126333
11.1640096836181,574317502936.014,306472788.712425,1873.95920319346
11.2218770982712,575057282022.906,307645228.103667,1869.22217376025
11.2799619952266,575796906214.811,308820472.83484,1864.50367402537
11.3382648722755,576536375312.508,309998525.404593,1859.80360571084
11.3967862275435,577275689116.816,311179388.309049,1855.12187119377
11.4555265594903,578014847428.596,312363064.041799,1850.45837350107
11.5144863669087,578753850048.753,313549555.093912,1845.81301630426
11.5736661489239,579492696778.231,314738863.953937,1841.18570391434
11.6330664049925,580231387418.018,315930993.107903,1836.57634127667
11.6926876349019,580969921769.143,317125945.039323,1831.9848339659
11.7525303387698,581708299632.678,318323722.229199,1827.41108818097
11.8125950170425,582446520809.736,319524327.156022,1822.85501074017
11.8728821704954,583184585101.474,320727762.295778,1818.31650907618
11.9333923002308,583922492309.089,321934030.121948,1813.79549123123
11.9941259076785,584660242233.823,323143133.105515,1809.29186585226
12.0550834945939,585397834676.957,324355073.71496,1804.80554218615
12.1162655630578,586135269439.817,325569854.416273,1800.33643007496
12.1776726154755,586872546323.771,326787477.672949,1795.88443995126
12.2393051545759,587609665130.229,328007945.945998,1791.44948283347
12.3011636834109,588346625660.644,329231261.693941,1787.03147032125
12.3632487053545,589083427716.51,330457427.372816,1782.63031459092
12.4255607241019,589820071099.367,331686445.436183,1778.24592839098
12.488100243669,590556555610.796,332918318.335122,1773.87822503756
12.5508677683914,591292881052.419,334153048.51824,1769.52711841006
12.6138638029237,592029047225.903,335390638.431674,1765.19252294668
12.6770888522386,592765053932.958,336631090.51909,1760.87435364008
12.7405434216264,593500900975.337,337874407.221689,1756.57252603309
12.8042280166939,594236588154.834,339120590.978211,1752.28695621439
12.8681431433637,594972115273.287,340369644.224934,1748.01756081426
12.9322893078736,595707482132.58,341621569.39568,1743.76425700043
12.9966670167756,596442688534.635,342876368.921817,1739.52696247386
13.0612767769352,597177734281.422,344134045.232263,1735.30559546463
13.1261190955306,597912619174.95,345394600.753484,1731.10007472784
13.1911944800521,598647343017.276,346658037.909504,1726.91031953961
13.2565034383008,599381905610.497,347924359.121904,1722.73624969296
13.3220464783887,600116306756.753,349193566.809824,1718.57778549393
13.3878241087369,600850546258.23,350465663.389969,1714.43484775755
13.4538368380756,601584623917.157,351740651.276607,1710.30735780402
13.520085175443,602318539535.804,353018532.881578,1706.19523745473
13.5865696301846,603052292916.489,354299310.614293,1702.09840902852
13.6532907119522,603785883861.57,355582986.881736,1698.0167953378
13.7202489307034,604519312173.45,356869564.08847,1693.95031968483
13.7874447967008,605252577654.576,358159044.636638,1689.89890585793
13.8548788205112,605985680107.439,359451430.925966,1685.86247812781
13.9225515130046,606718619334.573,360746725.353766,1681.84096124392
13.9904633853537,607451395138.557,362044930.314937,1677.83428043073
14.058614949033,608184007322.014,363346048.201974,1673.84236138421
14.127006715818,608916455687.61,364650081.404961,1669.86513026821
14.1956391977845,609648740038.056,365957032.311584,1665.90251371092
14.2645129073079,610380860176.108,367266903.307126,1661.95443880136
14.3336283570622,611112815904.564,368579696.774474,1658.02083308591
14.4029860600194,611844607026.268,369895415.09412,1654.10162456483
14.4725865294485,612576233344.107,371214060.644166,1650.1967416889
14.5424302789152,613307694661.015,372535635.800323,1646.30611335594
14.6125178222806,614038990779.967,373860142.935919,1642.42966890754
14.6828496737007,614770121503.985,375187584.421896,1638.56733812567
14.7534263476256,615501086636.135,376517962.626818,1634.71905122939
14.8242483587986,616231885979.527,377851279.91687,1630.88473887161
14.8953162222559,616962519337.315,379187538.655862,1627.06433213579
14.9666304533249,617692986512.701,380526741.205233,1623.25776253279
15.0381915676244,618423287308.927,381868889.924053,1619.46496199761
15.1100000810633,619153421529.284,383213987.169025,1615.68586288629
15.1820565098399,619883388977.105,384562035.294489,1611.92039797275
15.2543613704412,620613189455.77,385913036.652423,1608.16850044569
15.3269151796422,621342822768.702,387266993.592447,1604.4301039055
15.3997184545049,622072288719.371,388623908.461827,1600.70514236124
15.4727717123777,622801587111.292,389983783.605475,1596.99355022758
15.5460754708947,623530717748.022,391346621.365955,1593.29526232181
15.6196302479747,624259680433.167,392712424.083481,1589.61021386088
15.6934365618207,624988474970.376,394081194.095925,1585.93834045845
15.7674949309187,625717101163.344,395452933.738817,1582.27957812195
15.8418058740377,626445558815.812,396827645.345347,1578.63386324971
15.916369910228,627173847731.566,398205331.246371,1575.00113262806
15.9911875588211,627901967714.436,399585993.77041,1571.38132342849
16.0662593394288,628629918568.299,400969635.243655,1567.77437320485
16.1415857719421,629357700097.078,402356257.989968,1564.18021989053
16.2171673765311,630085312104.741,403745864.330887,1560.59880179567
16.2930046736433,630812754395.3,405138456.585627,1557.03005760446
16.3690981840038,631540026772.815,406534037.071085,1553.47392637234
16.4454484286139,632267129041.392,407932608.101837,1549.93034752336
16.5220559287507,632994061005.181,409334171.990149,1546.39926084748
16.5989212059658,633720822468.378,410738731.045972,1542.88060649788
16.6760447820852,634447413235.226,412146287.576951,1539.37432498836
16.7534271792083,635173833110.015,413556843.888422,1535.88035719072
16.8310689197069,635900081897.078,414970402.28342,1532.39864433215
16.9089705262246,636626159400.796,416386965.062676,1528.92912799268
16.9871325216762,637352065425.596,417806534.524628,1525.47175010262
17.0655554292466,638077799775.951,419229112.965413,1522.02645294005
17.1442397723905,638803362256.381,420654702.678878,1518.59317912829
17.2231860748311,639528752671.451,422083305.95658,1515.17187163342
17.3023948605597,640253970825.772,423514925.087788,1511.76247376183
17.3818666538349,640979016524.004,424949562.359487,1508.3649291578
17.4616019791817,641703889570.851,426387220.056379,1504.979181801
17.5416013613909,642428589771.064,427827900.460888,1501.60517600417
17.6218653255182,643153116929.441,429271605.853158,1498.24285641069
17.7023943968835,643877470850.827,430718338.511064,1494.89216799226
17.7831891010703,644601651340.112,432168100.710205,1491.55305604649
17.8642499639245,645325658202.235,433620894.723914,1488.22546619464
17.9455775115542,646049491242.18,435076722.823258,1484.9093443793
18.0271722703285,646773150264.978,436535587.277038,1481.6046368621
18.1090347668771,647496635075.708,437997490.351797,1478.31129022142
18.1911655280892,648219945479.495,439462434.311818,1475.02925135019
18.2735650811128,648943081281.511,440930421.41913,1471.75846745365
18.3562339533544,649666042286.975,442401453.933508,1468.4988860471
18.4391726724775,650388828301.154,443875534.112477,1465.25045495377
18.5223817664025,651111439129.361,445352664.211316,1462.01312230259
18.6058617633056,651833874576.957,446832846.483055,1458.78683652607
18.689613191618,652556134449.349,448316083.178487,1455.57154635817
18.7736365800255,653278218551.993,449802376.546161,1452.36720083214
18.8579324574673,654000126690.391,451291728.83239,1449.17374927845
18.9425013531355,654721858670.093,452784142.281255,1445.9911413227
19.0273437964746,655443414296.696,454279619.134601,1442.81932688354
19.1124603171799,656164793375.846,455778161.632047,1439.65825617062
19.1978514451978,656885995713.234,457279772.010984,1436.50787968258
19.2835177107244,657607021114.601,458784452.506579,1433.368148205
19.3694596442047,658327869385.734,460292205.351777,1430.23901280841
19.4556777763322,659048540332.469,461803032.777307,1427.12042484632
19.5421726380481,659769033760.689,463316937.011676,1424.01233595322
19.6289447605403,660489349476.324,464833920.281184,1420.91469804266
19.7159946752428,661209487285.354,466353984.809915,1417.82746330529
19.803322913835,661929446993.805,467877132.819748,1414.75058420694
19.8909300082408,662649228407.753,469403366.530352,1411.68401348674
19.9788164906281,663368831333.319,470932688.159198,1408.62770415518
20.0669828934077,664088255576.674,472465099.92155,1405.5816094923
20.1554297492328,664807500944.039,474000604.030479,1402.54568304578
20.2441575909984,665526567241.679,475539202.696859,1399.51987862908
20.3331669518401,666245454275.909,477080898.129368,1396.50415031969
20.4224583651337,666964161853.095,478625692.534498,1393.49845245723
20.5120323644943,667682689779.647,480173588.116551,1390.50273964169
20.6018894837756,668401037862.026,481724587.077643,1387.51696673165
20.6920302570694,669119205906.74,483278691.617707,1384.54108884246
20.7824552187042,669837193720.348,484835903.934498,1381.57506134456
20.8731649032452,670555001109.455,486396226.22359,1378.61883986166
20.9641598454932,671272627880.716,487959660.678386,1375.67238026905
21.0554405804836,671990073840.833,489526209.490113,1372.7356386919
21.1470076434862,672707338796.558,491095874.847828,1369.80857150349
21.2388615700042,673424422554.692,492668658.938422,1366.89113532359
21.3310028957732,674141324922.084,494244563.94662,1363.98328701678
21.423432156761,674858045705.632,495823592.054986,1361.08498369071
21.5161498891664,675574584712.285,497405745.443922,1358.19618269458
21.6091566294186,676290941749.037,498991026.291674,1355.31684161736
21.7024529141765,677007116622.933,500579436.774332,1352.44691828629
21.7960392803281,677723109141.069,502170979.065834,1349.58637076521
21.8899162649892,678438919110.587,503765655.337969,1346.73515735294
21.9840844055034,679154546338.68,505363467.760378,1343.89323658177
22.0785442394409,679869990632.589,506964418.500557,1341.06056721581
22.1732963045979,680585251799.606,508568509.723859,1338.23710824948
22.2683411389957,681300329647.07,510175743.593499,1335.42281890595
22.3636792808802,682015223982.371,511786122.270554,1332.61765863559
22.4593112687211,682729934612.949,513399647.913964,1329.82158711446
22.555237641211,683444461346.292,515016322.680539,1327.03456424279
22.6514589372648,684158803989.939,516636148.724959,1324.2565501435
22.747975696019,684872962351.476,518259128.199777,1321.48750516069
22.8447884568308,685586936238.541,519885263.255419,1318.72738985816
22.9418977592775,686300725458.822,521514556.040192,1315.97616501797
23.0393041431557,687014329820.054,523147008.700278,1313.23379163897
23.1370081484807,687727749130.025,524782623.379748,1310.50023093536
23.2350103154855,688440983196.571,526421402.220553,1307.77544433526
23.3333111846203,689154031827.578,528063347.362532,1305.05939347927
23.4319112965516,689866894830.983,529708460.943419,1302.3520402191
23.5308111921617,690579572014.772,531356745.098833,1299.65334661617
23.6300114125476,691292063186.98,533008201.962294,1296.96327494015
23.7295124990206,692004368155.695,534662833.665216,1294.2817876677
23.8293149931056,692716486729.053,536320642.336915,1291.608847481
23.9294194365398,693428418715.241,537981630.104608,1288.94441726645
24.0298263712726,694140163922.495,539645799.093417,1286.28846011332
24.1305363394649,694851722159.104,541313151.42637,1283.6409393124
24.2315498834876,695563093233.405,542983689.224409,1281.00181835469
24.3328675459217,696274276953.785,544657414.606381,1278.37106093006
24.4344898695573,696985273128.684,546334329.689056,1275.74863092599
24.5364173973926,697696081566.591,548014436.587114,1273.13449242625
24.6386506726335,698406702076.045,549697737.413158,1270.52860970959
24.7411902386928,699117134465.636,551384234.277712,1267.93094724851
24.8440366391892,699827378544.006,553073929.289224,1265.341469708
24.9471904179471,700537434119.846,554766824.554069,1262.76014194423
25.0506521189954,701247301001.899,556462922.176551,1260.18692900335
25.154422286567,701956978998.958,558162224.258907,1257.62179612025
25.2585014650979,702666467919.866,559864732.901306,1255.0647087173
25.3628901992268,703375767573.52,561570450.201855,1252.51563240319
25.4675890337938,704084877768.865,563279378.256598,1249.97453297167
25.5725985138404,704793798314.898,564991519.159522,1247.44137640038
25.6779191846082,705502529020.668,566706875.002558,1244.91612884965
25.7835515915384,706211069695.273,568425447.87558,1242.39875666132
25.889496280271,706919420147.865,570147239.866415,1239.88922635756
25.9957537966443,707627580187.644,571872253.060837,1237.38750463972
26.1023246866939,708335549623.865,573600489.542575,1234.89355838719
26.209209496652,709043328265.83,575331951.393314,1232.40735465621
26.3164087729469,709750915922.898,577066640.692696,1229.92886067878
26.4239230622019,710458312404.473,578804559.518326,1227.45804386149
26.5317529112351,711165517520.015,580545709.945767,1224.99487178443
26.6398988670581,711872531079.035,582290094.048553,1222.53931220008
26.7483614768758,712579352891.093,584037713.898181,1220.09133303217
26.8571412880852,713285982765.804,585788571.564121,1217.65090237464
26.9662388482751,713992420512.833,587542669.113813,1215.21798849051
27.0756547052251,714698665941.896,589300008.612675,1212.79255981081
27.1853894069051,715404718862.763,591060592.124098,1210.37458493352
27.2954435014742,716110579085.254,592824421.709456,1207.9640326225
27.4058175372805,716816246419.241,594591499.428104,1205.56087180644
27.51651206286,717521720674.649,596361827.33738,1203.1650715778
27.6275276269359,718227001661.455,598135407.492611,1200.77660119181
27.7388647784181,718932089189.686,599912241.947109,1198.39543006537
27.8505240664023,719636983069.424,601692332.752182,1196.02152777609
27.9625060401695,720341683110.801,603475681.957129,1193.65486406124
28.0748112491848,721046189124.002,605262291.609245,1191.29540881675
28.1874402430973,721750500919.264,607052163.753825,1188.94313209623
28.300393571739,722454618306.878,608845300.434163,1186.59800410991
28.413671785124,723158541097.185,610641703.691557,1184.25999522375
28.5272754334482,723862269100.579,612441375.565311,1181.92907595837
28.6412050670882,724565802127.507,614244318.092734,1179.60521698813
28.7554612366007,725269139988.469,616050533.30915,1177.28838914017
28.8700444927221,725972282494.016,617860023.24789,1174.97856339339
28.9849553863671,726675229454.753,619672789.940304,1172.6757108776
29.1001944686286,727377980681.337,621488835.415759,1170.37980287247
29.2157622907767,728080535984.478,623308161.701637,1168.09081080667
29.3316594042581,728782895174.938,625130770.823346,1165.80870625689
29.4478863606954,729485058063.535,626956664.804318,1163.53346094697
29.5644437118861,730187024461.134,628785845.666009,1161.26504674691
29.6813320098024,730888794178.659,630618315.427905,1159.00343567204
29.7985518065901,731590367027.082,632454076.107524,1156.74859988206
29.9161036545679,732291742817.432,634293129.720416,1154.50051168016
30.033988106227,732992921360.79,636135478.280167,1152.25914351214
30.1522057142299,733693902468.287,637981123.798401,1150.0244679655
30.2707570314103,734394685951.112,639830068.284783,1147.79645776859
30.3896426107719,735095271620.504,641682313.74702,1145.57508578974
30.5088630054877,735795659287.756,643537862.190863,1143.36032503637
30.6284187688997,736495848764.215,645396715.620112,1141.15214865414
30.7483104545178,737195839861.28,647258876.036615,1138.95052992611
30.8685386160193,737895632390.406,649124345.440273,1136.75544227189
30.9891038072481,738595226163.099,650993125.82904,1134.56685924678
31.1100065822138,739294620990.919,652865219.198927,1132.38475454098
31.2312474950918,739993816685.481,654740627.544004,1130.2091019787
31.3528271002214,740692813058.452,656619352.856401,1128.0398755174
31.4747459521059,741391609921.553,658501397.126311,1125.87704924693
31.5970046054117,742090207086.56,660386762.341994,1123.72059738874
31.7196036149678,742788604365.3,662275450.489776,1121.57049429506
31.8425435357646,743486801569.658,664167463.554055,1119.42671444812
31.9658249229536,744184798511.569,666062803.5173,1117.28923245935
32.0894483318465,744882595003.024,667961472.360054,1115.15802306859
32.2134143179148,745580190856.067,669863472.06094,1113.0330611433
32.3377234367888,746277585882.798,671768804.596654,1110.9143216778
32.4623762442567,746974779895.368,673677471.941981,1108.80177979248
32.5873732962646,747671772705.984,675589476.069784,1106.69541073306
32.7127151489151,748368564126.908,677504818.951014,1104.59518986981
32.838402358467,749065153970.454,679423502.55471,1102.5010926968
32.9644354813344,749761542048.993,681345528.848002,1100.41309483114
33.0908150740861,750457728174.948,683270899.796111,1098.33117201228
33.217541693445,751153712160.797,685199617.362355,1096.2553001012
33.3446158962871,751849493819.072,687131683.508147,1094.18545507974
33.4720382396412,752545072962.362,689067100.193001,1092.12161304985
33.5998092806877,753240449403.308,691005869.374532,1090.06375023284
33.7279295767584,753935622954.607,692947993.008459,1088.01184296872
33.8563996853356,754630593429.008,694893473.048608,1085.96586771541
33.9852201640512,755325360639.319,696842311.446911,1083.92580104812
34.1143915706867,756019924398.399,698794510.153414,1081.89161965858
34.2439144631712,756714284519.164,700750071.116272,1079.86330035435
34.3737893995823,757408440814.583,702708996.281758,1077.84082005817
34.5040169381443,758102393097.683,704671287.594262,1075.82415580722
34.6345976372276,758796141181.542,706636946.99629,1073.81328475247
34.7655320553487,759489684879.296,708605976.428475,1071.80818415798
34.8968207511687,760183024004.135,710578377.829571,1069.80883140025
35.0284642834931,760876158369.304,712554153.136457,1067.81520396751
35.1604632112708,761569087788.102,714533304.284143,1065.82727945912
35.2928180935939,762261812073.887,716515833.20577,1063.84503558483
35.4255294896962,762954331040.068,718501741.832608,1061.8684501642
35.5585979589535,763646644500.111,720491032.094064,1059.89750112589
35.692024060882,764338752267.538,722483705.917685,1057.93216650705
35.8258083551382,765030654155.926,724479765.229152,1055.97242445267
35.9599514015179,765722349978.906,726479211.952292,1054.01825321492
36.0944537599558,766413839550.167,728482048.009075,1052.06963115256
36.2293159905246,767105122683.453,730488275.319614,1050.12653673027
36.3645386534342,767796199192.56,732497895.802175,1048.18894851804
36.5001223090313,768487068891.345,734510911.37317,1046.25684519057
36.6360675177984,769177731593.718,736527323.947165,1044.33020552663
36.7723748403539,769868187113.645,738547135.436883,1042.40900840843
36.9090448374499,770558435265.146,740570347.753202,1040.49323282106
37.0460780699731,771248475862.302,742596962.805157,1038.58285785187
37.1834750989434,771938308719.244,744626982.49995,1036.67786268985
37.3212364855127,772627933650.162,746660408.74294,1034.77822662506
37.4593627909656,773317350469.302,748697243.437657,1032.88392904801
37.5978545767171,774006558990.966,750737488.485795,1030.99494944911
37.7367124043133,774695559029.51,752781145.787219,1029.11126741807
37.8759368354298,775384350399.351,754828217.239969,1027.2328626433
38.0155284318716,776072932914.956,756878704.740257,1025.35971491137
38.1554877555719,776761306390.853,758932610.18247,1023.49180410642
38.2958153685918,777449470641.624,760989935.459175,1021.62911020961
38.4365118331195,778137425481.908,763050682.461123,1019.77161329851
38.5775777114697,778825170726.4,765114853.077242,1017.9192935466
38.7190135660827,779512706189.854,767182449.194651,1016.07213122269
38.860819959524,780200031687.075,769253472.698652,1014.23010669035
39.0029974544834,780887147032.931,771327925.472738,1012.39320040738
39.1455466137745,781574052042.342,773405809.398594,1010.56139292527
39.2884680003339,782260746530.286,775487126.356099,1008.73466488866
39.4317621772204,782947230311.799,777571878.223328,1006.91299703476
39.5754297076148,783633503201.972,779660066.876552,1005.09637019289
39.7194711548187,784319565015.953,781751694.190244,1003.2847652839
39.863887082254,785005415568.948,783846762.037081,1001.47816331965
40.0086780534624,785691054676.219,785945272.287939,999.676545402481
40.1538446321045,786376482153.085,788047226.811907,997.879892724728
40.2993873819591,787061697814.922,790152627.476279,996.088186568171
40.445306866923,787746701477.164,792261476.14656,994.301408303537
40.5916036510095,788431492955.3,794373774.68647,992.519539389987
40.7382782983485,789116072064.879,796489524.957943,990.742561374611
40.8853313731855,789800438621.505,798608728.821128,988.970455891929
41.0327634398809,790484592440.84,800731388.134399,987.203204663386
41.1805750629091,791168533338.603,802857504.754345,985.440789496863
41.3287668068588,791852261130.57,804987080.535783,983.683192286179
41.4773392364309,792535775632.577,807120117.331755,981.930395010606
41.6262929164391,793219076660.513,809256616.993529,980.182379734382
41.7756284118083,793902164030.329,811396581.370606,978.439128606229
41.9253462875747,794585037558.03,813540012.310716,976.700623858871
42.0754471088845,795267697059.681,815686911.659825,974.966847808562
42.2259314409937,795950142351.403,817837281.262135,973.237782854611
42.3767998492671,796632373249.376,819991122.960086,971.51341147891
42.5280528991778,797314389569.837,822148438.59436,969.793716245472
42.6796911563064,797996191129.081,824309230.003879,968.078679799966
42.8317151863408,798677777743.461,826473499.025812,966.368284869249
42.9841255550748,799359149229.388,828641247.495574,964.662514260923
43.1369228284078,800040305403.329,830812477.246828,962.961350862866
43.2901075723445,800721246081.813,832987190.11149,961.264777642789
43.4436803529936,801401971081.423,835165387.919727,959.572777647786
43.5976417365675,802082480218.803,837347072.499964,957.885334003884
43.7519922893816,802762773310.653,839532245.678879,956.20242991561
43.9067325778535,803442850173.732,841720909.281413,954.524048665538
44.0618631685024,804122710624.858,843913065.130767,952.850173613862
44.2173846279488,804802354480.908,846108715.048408,951.18078819796
44.3732975229131,805481781558.813,848307860.854063,949.51587593196
44.5296024202158,806160991675.567,850510504.365732,947.855420406314
44.686299886776,806839984648.222,852716647.399682,946.199405287373
44.8433904896113,807518760293.885,854926291.770453,944.54781431696
45.0008747958371,808197318429.726,857139439.290859,942.900631311955
45.1587533726656,808875658872.97,859356091.771988,941.257840163875
45.3170267874057,809553781440.902,861576251.023209,939.619424838458
45.4756956074616,810231685950.868,863799918.852169,937.985369375255
45.634760400333,810909372220.267,866027097.064798,936.355657887219
45.7942217336136,811586840066.564,868257787.465311,934.730274560294
45.9540801749913,812264089307.276,870491991.856206,933.10920365302
46.1143362922467,812941119759.984,872729712.038274,931.492429496123
46.274990653253,813617931242.325,874970949.810594,929.879936492121
46.4360438259753,814294523571.997,877215706.970536,928.271709114925
46.5974963784696,814970896566.755,879463985.313766,926.667731909451
46.7593488788828,815647050044.414,881715786.63425,925.067989491219
46.9216018954511,816322983822.848,883971112.724245,923.472466545975
47.0842559965004,816998697719.992,886229965.374316,921.881147829296
47.2473117504448,817674191553.837,888492346.373326,920.294018166215
47.4107697257864,818349465142.434,890758257.508444,918.711062450832
47.5746304911146,819024518303.897,893027700.565148,917.132265645939
47.7388946151054,819699350856.394,895300677.327221,915.557612782643
47.9035626665207,820373962618.156,897577189.576761,913.987088959994
48.0686352142076,821048353407.473,899857239.094174,912.420679344611
48.2341128270982,821722523042.693,902140827.658187,910.858369170313
48.399996074208,822396471342.224,904427957.045838,909.300143737754
48.5662855246365,823070198124.536,906718629.032488,907.745988414059
48.7329817475657,823743703208.156,909012845.391818,906.195888632456
48.9000853122595,824416986411.671,911310607.895831,904.649829891926
49.0675967880634,825090047553.728,913611918.314855,903.107797756837
49.2355167444036,825762886453.035,915916778.417548,901.569777856594
49.4038457507867,826435502928.36,918225189.970893,900.035755885282
49.5725843767983,827107896798.527,920537154.740208,898.50571760132
49.7417331921035,827780067882.425,922852674.489142,896.979648827105
49.911292766445,828452015999.001,925171750.979678,895.457535448678
50.0812636696437,829123740967.26,927494385.97214,893.939363415366
50.2516464715968,829795242606.271,929820581.225187,892.425118739449
50.4224417422783,830466520735.161,932150338.495823,890.914787495818
50.5936500517375,831137575173.116,934483659.539391,889.408355821637
50.7652719700992,831808405739.384,936820546.109583,887.905809916006
50.9373080675622,832479012253.274,939160999.958438,886.40713603963
51.109758914399,833149394534.153,941505022.83634,884.912320514489
51.2826250809555,833819552401.451,943852616.492031,883.421349723504
51.4559071376501,834489485674.656,946203782.6726,881.934210110214
51.6296056549727,835159194173.318,948558523.123495,880.450888178449
51.8037212034846,835828677717.047,950916839.588517,878.971370492007
51.9782543538179,836497936125.515,953278733.809834,877.495643674334
52.1532056766742,837166969218.451,955644207.527967,876.023694408205
52.3285757428249,837835776815.65,958013262.481805,874.555509435405
52.5043651231096,838504358736.962,960385900.408601,873.091075556416
52.6805743884363,839172714802.302,962762123.043974,871.630379630103
52.8572041097803,839840844831.645,965141932.121914,870.173408573402
53.0342548581836,840508748645.025,967525329.374781,868.720149361015
53.2117272047547,841176426062.539,969912316.533308,867.270589025098
53.3896217206671,841843876904.344,972302895.326605,865.824714654955
53.5679389771595,842511100990.659,974697067.482157,864.382513396741
53.7466795455349,843178098141.763,977094834.725827,862.943972453153
53.9258439971599,843844868177.996,979496198.781864,861.509079083136
54.1054329034642,844511410919.76,981901161.372894,860.07782060158
54.2854468359396,845177726187.517,984309724.219932,858.65018437903
54.46588636614,845843813801.793,986721889.042379,857.226157841386
54.6467520656802,846509673583.172,989137657.558024,855.805728469613
54.8280445062357,847175305352.301,991557031.483048,854.388883799453
55.0097642595418,847840708929.889,993980012.532025,852.975611421133
55.1919118973931,848505884136.705,996406602.417921,851.565898979077
55.3744879916428,849170830793.581,998836802.852104,850.159734171625
55.5574931142022,849835548721.409,1001270615.54434,848.757104750746
55.7409278370398,850500037741.143,1003708042.20278,847.357998521759
55.9247927321813,851164297673.801,1006149084.53401,845.96240334305
56.1090883717081,851828328340.458,1008593744.24299,844.570307125797
56.2938153277573,852492129562.256,1011042023.0331,843.181697833688
56.4789741725211,853155701160.395,1013493922.60613,841.796563482655
56.664565478246,853819042956.139,1015949444.66227,840.414892140593
56.8505898172317,854482154770.812,1018408590.90014,839.03667192709
57.0370477618317,855145036425.802,1020871363.01676,837.661891013162
57.2239398844512,855807687742.558,1023337762.70757,836.290537620976
57.4112667575481,856470108542.59,1025807791.66642,834.922600023594
57.5990289536305,857132298647.472,1028281451.5856,833.5580665447
57.7872270452581,857794257878.839,1030758744.15581,832.196925558336
57.9758616050399,858455986058.389,1033239671.06617,830.839165488651
58.1649332056345,859117483007.881,1035724234.00424,829.484774809628
58.3544424197495,859778748549.137,1038212434.65599,828.13374204483
58.5443898201403,860439782504.042,1040704274.70583,826.786055767148
58.7347759796101,861100584694.543,1043199755.8366,825.441704598538
58.9256014710087,861761154942.647,1045698879.72958,824.100677209772
59.1168668672328,862421493070.428,1048201648.06448,822.762962320185
59.3085727412241,863081598900.019,1050708062.51944,821.428548697421
59.5007196659699,863741472253.617,1053218124.77105,820.097425157188
59.6933082145019,864401112953.481,1055731836.49434,818.769580563007
59.8863389598956,865060520821.933,1058249199.36278,817.445003825967
60.0798124752699,865719695681.358,1060770215.04829,816.123683904479
60.2737293337862,866378637354.204,1063294885.22124,814.805609804038
60.468090108648,867037345662.98,1065823211.55043,813.49077057697
60.6628953731004,867695820430.259,1068355195.70313,812.179155322205
60.8581457004294,868354061478.679,1070890839.34507,810.870753185027
61.053841663961,869012068630.937,1073430144.1404,809.565553356842
61.249983837061,869669841709.796,1075973111.75177,808.26354507494
61.4465727931343,870327380538.081,1078519743.84025,806.964717622262
61.6436091056241,870984684938.679,1081070042.0654,805.669060327165
61.8410933480115,871641754734.543,1083624008.08523,804.376562563191
62.0390260938149,872298589748.687,1086181643.55621,803.087213748835
62.2374079165893,872955189804.188,1088742950.13329,801.801003347317
62.4362393899258,873611554724.187,1091307929.46987,800.517920866356
62.6355210874508,874267684331.889,1093876583.21784,799.237955857939
62.8352535828256,874923578450.561,1096448913.02754,797.9610979181
63.0354374497459,875579236903.535,1099024920.5478,796.687336686693
63.236073261941,876234659514.205,1101604607.42593,795.416661847176
63.437161593173,876889846106.03,1104187975.30771,794.149063126379
63.6387030172367,877544796502.53,1106775025.83738,792.884530294296
63.8406981079589,878199510527.292,1109365760.6577,791.623053163855
64.0431474391971,878853988003.965,1111960181.40989,790.364621590712
64.2460515848401,879508228756.26,1114558289.73365,789.109225473026
64.4494111188066,880162232607.955,1117160087.26718,787.856854751251
64.6532266150445,880815999382.891,1119765575.64717,786.607499407918
64.8574986475311,881469528904.969,1122374756.5088,785.361149467425
65.0622277902715,882122820998.161,1124987631.48572,784.117794995826
65.2674146172988,882775875486.496,1127604202.21011,782.87742610062
65.4730597026733,883428692194.072,1130224470.31263,781.640032930544
65.6791636204816,884081270945.048,1132848437.42243,780.405605675368
65.8857269448363,884733611563.648,1135476105.16718,779.174134565683
66.0927502498756,885385713874.161,1138107475.17303,777.945609872701
66.300234109762,886037577700.94,1140742549.06465,776.720021908052
66.5081790986829,886689202868.4,1143381328.46521,775.497361023577
66.7165857908486,887340589201.023,1146023814.99639,774.277617611132
66.9254547604929,887991736523.355,1148670010.27837,773.060782102385
67.1347865818715,888642644660.004,1151319915.92987,771.846844968619
67.3445818292628,889293313435.646,1153973533.56808,770.63579672053
67.5548410769655,889943742675.018,1156630864.80875,769.427627908037
67.7655648992995,890593932202.925,1159291911.26611,768.222329120082
67.9767538706048,891243881844.233,1161956674.55294,767.019890984438
68.1884085652411,891893591423.875,1164625156.2805,765.820304167515
68.4005295575863,892543060766.848,1167297358.05863,764.623559374165
68.6131174220375,893192289698.214,1169973281.49564,763.4296473475
68.8261727330092,893841278043.098,1172652928.1984,762.238558868692
69.0396960649331,894490025626.693,1175336299.77229,761.05028475679
69.2536879922576,895138532274.255,1178023397.82123,759.864815868532
69.468149089447,895786797811.104,1180714223.94768,758.682143098158
69.6830799309812,896434822062.626,1183408779.75261,757.502257377222
69.898481091355,897082604854.273,1186107066.83555,756.325149674412
70.1143531450776,897730146011.561,1188809086.79455,755.150810995365
70.3306966666718,898377445360.069,1191514841.2262,753.979232382484
70.5475122306735,899024502725.445,1194224331.72565,752.810404914759
70.7648004116314,899671317933.401,1196937559.88658,751.644319707583
70.9825617841061,900317890809.711,1199654527.3012,750.480967912577
71.2007969226699,900964221180.22,1202375235.5603,749.320340717409
71.4195064019056,901610308870.833,1205099686.25319,748.16242934562
71.6386907964065,902256153707.523,1207827880.96775,747.007225056444
71.8583506807756,902901755516.328,1210559821.29039,745.854719144638
72.0784866296253,903547114123.352,1213295508.8061,744.704902940304
72.2990992175764,904192229354.764,1216034945.0984,743.557767808716
72.5201890192577,904837101036.797,1218778131.7494,742.413305150151
72.7417566093054,905481728995.753,1221525070.33973,741.271506399716
72.9638025623631,906126113057.997,1224275762.44862,740.132363027178
73.18632745308,906770253049.96,1227030209.65383,738.995866536796
73.409331856112,907414148798.14,1229788413.53171,737.86200846715
73.6328163461193,908057800129.099,1232550375.65717,736.730780390979
73.8567814977673,908701206869.467,1235316097.60367,735.602173915009
74.0812278857252,909344368845.938,1238085580.94328,734.476180679791
74.306156084666,909987285885.272,1240858827.24659,733.352792359539
74.5315666692658,910629957814.297,1243635838.08282,732.23200066196
74.7574602142022,911272384459.904,1246416615.01973,731.113797328097
74.9838372941559,911914565649.054,1249201159.62366,729.998174132166
75.2106984838079,912556501208.769,1251989473.45954,728.885122881396
75.4380443578404,913198190966.142,1254781558.09088,727.774635415867
75.6658754909358,913839634748.33,1257577415.07977,726.666703608354
75.894192457776,914480832382.555,1260377045.98689,725.561319364166
76.1229958330419,915121783696.109,1263180452.37149,724.458474620993
76.3522861914128,915762488516.345,1265987635.79144,723.358161348747
76.5820641075665,916402946670.688,1268798597.80318,722.260371549407
76.8123301561775,917043157986.627,1271613339.96173,721.165097256865
77.0430849119174,917683122291.715,1274431863.82073,720.072330536774
77.2743289494545,918322839413.577,1277254170.9324,718.982063486392
77.5060628434522,918962309179.899,1280080262.84757,717.894288234433
77.7382871685695,919601531418.437,1282910141.11565,716.808996940917
77.9710024994597,920240505957.014,1285743807.28467,715.726181797015
78.2042094107708,920879232623.517,1288581262.90126,714.645835024905
78.4379084771437,921517711245.901,1291422509.51065,713.567948877621
78.6721002732125,922155941652.19,1294267548.65667,712.492515638907
78.906785373604,922793923670.471,1297116381.88177,711.419527623067
79.1419643529364,923431657128.901,1299969010.72701,710.348977174823
79.3776377858196,924069141855.703,1302825436.73206,709.280856669169
79.6138062468545,924706377679.166,1305685661.43521,708.215158511223
79.8504703106317,925343364427.647,1308549686.37334,707.15187513609
80.087630551732,925980101929.571,1311417513.08197,706.090999008712
80.3252875447249,926616590013.427,1314289143.09525,705.032522623733
80.5634418641693,927252828507.776,1317164577.94592,703.976438505352
80.8020940846115,927888817241.241,1320043819.16537,702.922739207188
81.0412447805854,928524556042.516,1322926868.2836,701.871417312137
81.2808945266126,929160044740.362,1325813726.82924,700.822465432232
81.5210438971999,929795283163.604,1328704396.32954,699.775876208509
81.7616934668415,930430271141.139,1331598878.31041,698.731642310867
82.002843810016,931065008501.928,1334497174.29634,697.689756437934
82.2444955011872,931699495075.002,1337399285.81051,696.650211316927
82.4866491148032,932333730689.458,1340305214.3747,695.612999703522
82.729305225296,932967715174.461,1343214961.50933,694.578114381715
82.9724644070803,933601448359.243,1346128528.73347,693.545548163693
83.2161272345543,934234930073.104,1349045917.56483,692.515293889698
83.4602942820982,934868160145.414,1351967129.51975,691.487344427895
83.7049661240733,935501138405.608,1354892166.11322,690.461692674246
83.9501433348228,936133864683.188,1357821028.85888,689.438331552369
84.1958264886697,936766338807.728,1360753719.26902,688.417254013419
84.4420161599178,937398560608.866,1363690238.85458,687.398453035953
84.6887129228499,938030529916.31,1366630589.12513,686.381921625804
84.9359173517278,938662246559.834,1369574771.58892,685.367652815948
85.1836300207926,939293710369.284,1372522787.75284,684.355639666386
85.4318515042623,939924921174.57,1375474639.12244,683.345875264008
85.6805823763329,940555878805.672,1378430327.20194,682.338352722476
85.9298232111771,941186583092.638,1381389853.49419,681.333065182093
86.1795745829442,941817033865.584,1384353219.50073,680.330005809681
86.429837065759,942447230954.694,1387320426.72176,679.329167798458
86.6806112337217,943077174190.222,1390291476.65613,678.330544367913
86.9318976609074,943706863402.488,1393266370.80137,677.334128763686
87.1836969213659,944336298421.883,1396245110.65368,676.339914257444
87.4360095891202,944965479078.864,1399227697.70792,675.347894146763
87.6888362381664,945594405203.957,1402214133.45762,674.358061755006
87.942177442474,946223076627.759,1405204419.39501,673.370410431203
88.1960337759839,946851493180.932,1408198557.01097,672.384933549933
88.4504058126094,947479654694.208,1411196547.79506,671.401624511204
88.7052941262347,948107560998.391,1414198393.23554,670.420476740339
88.9606992907143,948735211924.347,1417204094.81932,669.441483687854
89.2166218798737,949362607303.018,1420213654.03202,668.464638829346
89.4730624675071,949989746965.41,1423227072.35792,667.489935665375
89.7300216273783,950616630742.599,1426244351.28002,666.517367721348
89.9874999332193,951243258465.73,1429265492.27997,665.546928547407
90.2454979587311,951869629966.018,1432290496.83813,664.578611718313
90.5040162775811,952495745074.746,1435319366.43356,663.612410833333
90.7630554634045,953121603623.266,1438352102.54399,662.648319516129
91.0226160898029,953747205443,1441388706.64587,661.686331414643
91.2826987303437,954372550365.438,1444429180.21432,660.726440200989
91.5433039585603,954997638222.141,1447473524.72318,659.768639571338
91.8044323479506,955622468844.736,1450521741.64498,658.812923245812
92.0660844719775,956247042064.922,1453573832.45096,657.85928496837
92.3282609040677,956871357714.468,1456629798.61106,656.907718506704
92.5909622176112,957495415625.209,1459689641.59391,655.958217652125
92.8541889859613,958119215629.053,1462753362.86687,655.010776219459
93.1179417824337,958742757557.974,1465820963.896,654.065388046938
93.382221180306,959366041244.019,1468892446.14607,653.122046996093
93.6470277528176,959989066519.303,1471967811.08056,652.180746951648
93.9123620731687,960611833216.01,1475047060.16167,651.241481821415
94.1782247145197,961234341166.394,1478130194.85032,650.304245536189
94.4446162499914,961856590202.779,1481217216.60612,649.369032049642
94.7115372526642,962478580157.559,1484308126.88743,648.43583533822
94.978988295577,963100310863.197,1487402927.15132,647.504649401041
95.2469699517276,963721782152.227,1490501618.85358,646.575468259788
95.5154827940716,964342993857.251,1493604203.44873,645.648285958611
95.7845273955224,964963945810.943,1496710682.39002,644.723096564022
96.05410432895,965584637846.046,1499821057.12941,643.799894164797
96.3242141671813,966205069795.372,1502935329.1176,642.878672871873
96.5948574829985,966825241491.806,1506053499.80402,641.959426818248
96.866034849141,967445152768.299,1509175570.63685,641.04215015888
97.1377468383011,968064803457.876,1512301543.06297,640.126837070593
97.4099940231271,968684193393.629,1515431418.52803,639.213481751972
97.6827769762209,969303322408.723,1518565198.47639,638.302078423268
97.9560962701379,969922190336.392,1521702884.35118,637.392621326303
98.2299524773871,970540797009.94,1524844477.59424,636.485104724366
98.5043461704295,971159142262.741,1527989979.64617,635.579522902125
98.7792779216785,971777225928.242,1531139391.94632,634.675870165523
99.0547483034987,972395047839.957,1534292715.93278,633.774140841688
99.3307578882066,973012607831.472,1537449953.04238,632.874329278835
99.6073072480689,973629905736.445,1540611104.71071,631.976429846173
99.8843969553025,974246941388.603,1543776172.37212,631.080436933811
100.162027582074,974863714621.742,1546945157.45969,630.186344952664
100.440199700499,975480225269.733,1550118061.40527,629.294148334358
100.718913882643,976096473166.515,1553294885.63947,628.403841531141
100.998170700518,976712458146.096,1556475631.59165,627.515419015789
101.277970726084,977328180042.559,1559660300.68993,626.628875281514
101.55831453125,977943638690.056,1562848894.3612,625.744204841876
101.839202687871,978558833922.807,1566041414.03112,624.861402230684
102.120635767747,979173765575.109,1569237861.12408,623.980462001918
102.402614342626,979788433481.324,1572438237.06329,623.10137872963
102.685138984199,980402837475.889,1575642543.27068,622.224147007858
102.968210264104,981016977393.31,1578850781.16697,621.348761450538
103.251828753924,981630853068.166,1582062952.17166,620.475216691411
103.535995025182,982244464335.105,1585279057.70302,619.603507383944
103.820709649349,982857811028.848,1588499099.17808,618.733628201234
104.105973197836,983470892984.185,1591723078.01267,617.865573835925
104.391786241999,984083710035.981,1594950995.62139,616.999339000121
104.678149353134,984696262019.17,1598182853.4176,616.1349184253
104.96506310248,985308548768.755,1601418652.81348,615.27230686223
105.252528061216,985920570119.816,1604658395.21997,614.411499080879
105.540544800463,986532325907.501,1607902082.04679,613.552489870334
105.829113891281,987143815967.028,1611149714.70246,612.695274038719
106.11823590467,987755040133.691,1614401294.5943,611.839846413105
106.407911411571,988365998242.852,1617656823.12839,610.986201839431
106.698140982861,988976690129.947,1620916301.70962,610.13433518242
106.988925189358,989587115630.481,1624179731.74168,609.284241325497
107.280264601816,990197274580.034,1627447114.62705,608.435915170704
107.572159790927,990807166814.255,1630718451.76701,607.589351638623
107.86461132732,991416792168.866,1633993744.56162,606.744545668291
108.157619781562,992026150479.662,1637272994.40976,605.901492217119
108.451185724153,992635241582.508,1640556202.70911,605.060186260814
108.745309725532,993244065313.342,1643843370.85615,604.2206227933
109.039992356071,993852621508.174,1647134500.24618,603.382796826631
109.335234186078,994460910003.086,1650429592.27328,602.546703390921
109.631035785792,995068930634.232,1653728648.33035,601.712337534261
109.927397725391,995676683237.837,1657031669.80912,600.879694322638
110.224320574983,996284167650.201,1660338658.10011,600.048768839861
110.521804904609,996891383707.693,1663649614.59266,599.219556187483
110.819851284243,997498331246.757,1666964540.67493,598.39205148472
111.118460283792,998105010103.908,1670283437.73389,597.566249868381
111.417632473093,998711420115.733,1673606307.15533,596.742146492783
111.717368421915,999317561118.893,1676933150.32388,595.919736529682
112.017668699956,999923432950.119,1680263968.62295,595.099015168195
112.318533876847,1000529035446.22,1683598763.43482,594.279977614723
112.619964522147,1001134368444.06,1686937536.14057,593.462619092877
112.921961205344,1001739431780.61,1690280288.12011,592.646934843407
113.224524495857,1002344225292.88,1693627020.75218,591.832920124123
113.52765496303,1002948748817.97,1696977735.41436,591.020570209821
113.831353176139,1003553002193.04,1700332433.48305,590.209880392215
114.135619704383,1004156985255.34,1703691116.3335,589.40084597986
114.440455116893,1004760697842.17,1707053785.33977,588.593462298078
114.745859982723,1005364139790.94,1710420441.87478,587.787724688889
115.051834870855,1005967310939.09,1713791087.31027,586.983628510939
115.358380350196,1006570211124.16,1717165723.01684,586.181169139425
115.665496989578,1007172840183.75,1720544350.36393,585.380341966027
115.973185357759,1007775197955.55,1723926970.71981,584.581142398836
116.281446023422,1008377284277.3,1727313585.4516,583.783565862283
116.590279555173,1008979098986.83,1730704195.92527,582.987607797072
116.89968652154,1009580641922.03,1734098803.50564,582.193263660103
117.209667490978,1010181912920.88,1737497409.55638,581.400528924413
117.520223031861,1010782911821.42,1740900015.44002,580.609399079097
117.831353712489,1011383638461.77,1744306622.51792,579.819869629244
118.14306010108,1011984092680.12,1747717232.15033,579.03193609587
118.455342765776,1012584274314.73,1751131845.69632,578.245594015847
118.76820227464,1013184183203.95,1754550464.51384,577.460838941834
119.081639195655,1013783819186.18,1757973089.9597,576.677666442217
119.395654096723,1014383182099.9,1761399723.38957,575.896072101032
119.710247545669,1014982271783.68,1764830366.15799,575.116051517905
120.025420110234,1015581088076.14,1768265019.61834,574.337600307984
120.34117235808,1016179630816,1771703685.12289,573.560714101873
120.657504856786,1016777899842.03,1775146364.02278,572.785388545564
120.974418173851,1017375894993.09,1778593057.66801,572.011619300377
121.29191287669,1017973616108.09,1782043767.40745,571.23940204289
121.609989532635,1018571063026.05,1785498494.58886,570.468732464873
121.928648708937,1019168235586.03,1788957240.55886,569.699606273232
122.247890972761,1019765133627.18,1792420006.66294,568.932019189934
122.56771689119,1020361756988.73,1795886794.24549,568.165966951953
122.88812703122,1020958105509.97,1799357604.64977,567.401445311198
123.209121959766,1021554179030.28,1802832439.21791,566.638450034458
123.530702243653,1022149977389.09,1806311299.29094,565.876976903332
123.852868449625,1022745500425.92,1809794186.20878,565.117021714168
124.175621144336,1023340747980.37,1813281101.3102,564.35858027801
124.498960894357,1023935719892.1,1816772045.9329,563.601648420519
124.822888266169,1024530416000.86,1820267021.41346,562.846221981928
125.147403826167,1025124836146.46,1823766029.08732,562.092296816969
125.47250814066,1025718980168.78,1827269070.28887,561.33986879482
125.798201775865,1026312847907.8,1830776146.35133,560.588933799037
126.124485297914,1026906439203.55,1834287258.60687,559.8394877275
126.451359272849,1027499753896.14,1837802408.38653,559.091526492351
126.778824266622,1028092791825.77,1841321597.02026,558.345046019931
127.106880845095,1028685552832.69,1844844825.8369,557.600042250725
127.435529574041,1029278036757.23,1848372096.1642,556.8565111393
127.764771019143,1029870243439.82,1851903409.32882,556.114448654247
128.094605745991,1030462172720.93,1855438766.65632,555.373850778122
128.425034320085,1031053824441.13,1858978169.47117,554.634713507388
128.756057306833,1031645198441.05,1862521619.09674,553.897032852356
129.087675271551,1032236294561.41,1866069116.85533,553.16080483713
129.419888779462,1032827112642.98,1869620664.06813,552.426025499546
129.752698395696,1033417652526.62,1873176262.05525,551.692690891114
130.086104685291,1034007914053.28,1876735912.13574,550.960797076969
130.42010821319,1034597897063.96,1880299615.62753,550.230340135803
130.754709544242,1035187601399.74,1883867373.8475,549.501316159818
131.089909243201,1035777026901.79,1887439188.11143,548.773721254663
131.425707874728,1036366173411.34,1891015059.73403,548.047551539383
131.762106003388,1036955040769.69,1894594990.02894,547.322803146363
132.099104193648,1037543628818.25,1898178980.30871,546.599472221268
132.436703009882,1038131937398.46,1901767031.88484,545.877554922995
132.774903016367,1038719966351.86,1905359146.06773,545.157047423612
133.11370477728,1039307715520.06,1908955324.16673,544.437945908306
133.453108856706,1039895184744.75,1912555567.49013,543.72024657533
133.793115818629,1040482373867.69,1916159877.34512,543.003945635949
134.133726226935,1041069282730.72,1919768255.03785,542.289039314382
134.474940645412,1041655911175.75,1923380701.87342,541.575523847753
134.816759637751,1042242259044.77,1926997219.15583,540.863395486038
135.159183767541,1042828326179.84,1930617808.18805,540.152650492008
135.502213598274,1043414112423.11,1934242470.27198,539.443285141181
135.845849693341,1043999617616.78,1937871206.70846,538.735295721765
136.190092616032,1044584841603.15,1941504018.79729,538.028678534611
136.534942929538,1045169784224.58,1945140907.83721,537.323429893157
136.880401196948,1045754445323.52,1948781875.12589,536.619546123376
137.226467981249,1046338824742.48,1952426921.95997,535.917023563729
137.573143845328,1046922922324.07,1956076049.63504,535.215858565108
137.920429351968,1047506737910.94,1959729259.44563,534.516047490792
138.26832506385,1048090271345.85,1963386552.68524,533.817586716388
138.616831543554,1048673522471.61,1967047930.64631,533.120472629788
138.965949353554,1049256491131.13,1970713394.62025,532.424701631114
139.315679056222,1049839177167.38,1974382945.89743,531.730270132669
139.666021213826,1050421580423.4,1978056585.76717,531.037174558891
140.016976388528,1051003700742.33,1981734315.51775,530.345411346298
140.368545142388,1051585537967.37,1985416136.43643,529.654976943441
140.720728037358,1052167091941.8,1989102049.80943,528.965867810857
141.073525635287,1052748362508.97,1992792056.92193,528.278080421017
141.426938497917,1053329349512.31,1996486159.05809,527.591611258278
141.780967186883,1053910052795.33,2000184357.50102,526.90645681884
142.135612263717,1054490472201.62,2003886653.53283,526.222613610686
142.490874289839,1055070607574.83,2007593048.43458,525.540078153549
142.846753826566,1055650458758.71,2011303543.48632,524.858846978851
143.203251435106,1056230025597.06,2015018139.96706,524.178916629665
143.560367676557,1056809307933.78,2018736839.15481,523.500283660664
143.918103111911,1057388305612.83,2022459642.32655,522.822944638073
144.276458302052,1057967018478.26,2026186550.75824,522.146896139624
144.635433807753,1058545446374.19,2029917565.72481,521.472134754509
144.995030189679,1059123589144.82,2033652688.50021,520.798657083334
145.355248008384,1059701446634.41,2037391920.35733,520.126459738074
145.716087824313,1060279018687.33,2041135262.56809,519.455539342023
146.077550197799,1060856305147.99,2044882716.40337,518.785892529753
146.439635689067,1061433305860.9,2048634283.13307,518.117515947066
146.802344858228,1062010020670.65,2052389964.02605,517.450406250951
147.165678265284,1062586449421.89,2056149760.35018,516.784560109535
147.529636470124,1063162591959.36,2059913673.37232,516.119974202043
147.894220032523,1063738448127.87,2063681704.35836,515.456645218749
148.259429512147,1064314017772.31,2067453854.57313,514.794569860935
148.625265468547,1064889300737.64,2071230125.2805,514.133744840847
148.991728461161,1065464296868.92,2075010517.74335,513.474166881647
149.358819049315,1066039006011.26,2078795033.22352,512.815832717373
149.726537792217,1066613428009.86,2082583672.98191,512.158739092893
150.094885248967,1067187562710,2086376438.27839,511.502882763867
150.463861978546,1067761409957.04,2090173330.37184,510.848260496694
150.83346853982,1068334969596.39,2093974350.52016,510.19486906848
151.203705491542,1068908241473.57,2097779499.98027,509.542705266987
151.574573392348,1069481225434.18,2101588780.00808,508.891765890596
151.94607280076,1070053921323.86,2105402191.85854,508.242047748259
152.318204275181,1070626328988.36,2109219736.7856,507.593547659464
152.690968373899,1071198448273.51,2113041416.04222,506.946262454187
153.064365655085,1071770279025.19,2116867230.8804,506.300188972852
153.438396676793,1072341821089.38,2120697182.55116,505.655324066291
153.813061996958,1072913074312.13,2124531272.30452,505.011664595701
154.188362173402,1073484038539.57,2128369501.38955,504.369207432604
154.56429776382,1074054713617.92,2132211871.05433,503.727949458805
154.940869325797,1074625099393.45,2136058382.54597,503.087887566352
155.318077416795,1075195195712.53,2139909037.11061,502.449018657493
155.695922594158,1075765002421.59,2143763835.99343,501.81133964464
156.07440541511,1076334519367.17,2147622780.43862,501.174847450325
156.453526436754,1076903746395.85,2151485871.68942,500.539539007164
156.833286216077,1077472683354.31,2155353110.98812,499.905411257809
157.21368530994,1078041330089.31,2159224499.57601,499.272461154919
157.594724275087,1078609686447.68,2163100038.69344,498.640685661114
157.976403668142,1079177752276.32,2166979729.5798,498.010081748935
158.358724045602,1079745527422.23,2170863573.47351,497.380646400809
158.741685963849,1080313011732.47,2174751571.61206,496.752376609008
159.125289979137,1080880205054.18,2178643725.23195,496.125269375609
159.509536647603,1081447107234.59,2182540035.56875,495.499321712456
159.894426525258,1082013718121.01,2186440503.85706,494.874530641126
160.27996016799,1082580037560.81,2190345131.33055,494.250893192883
160.666138131566,1083146065401.44,2194253919.22193,493.628406408645
161.052960971627,1083711801490.46,2198166868.76295,493.007067338946
161.440429243692,1084277245675.46,2202083981.18444,492.386873043897
161.828543503155,1084842397804.16,2206005257.71627,491.767820593148
162.217304305285,1085407257724.31,2209930699.58736,491.149907065853
162.606712205227,1085971825283.78,2213860308.02571,490.533129550631
162.996767758001,1086536100330.48,2217794084.25836,489.917485145527
163.3874715185,1087100082712.44,2221732029.51142,489.302970957981
163.778824041494,1087663772277.74,2225674145.01007,488.689584104784
164.170825881625,1088227168874.55,2229620431.97854,488.07732171205
164.563477593409,1088790272351.11,2233570891.64014,487.466180915169
164.956779731236,1089353082555.74,2237525525.21723,486.856158858783
165.350732849369,1089915599336.86,2241484333.93127,486.247252696738
165.745337501942,1090477822542.94,2245447319.00277,485.639459592058
166.140594242965,1091039752022.55,2249414481.6513,485.032776716904
166.536503626318,1091601387624.32,2253385823.09554,484.427201252538
166.933066205752,1092162729196.98,2257361344.55322,483.822730389292
167.330282534892,1092723776589.33,2261341047.24115,483.219361326529
167.728153167233,1093284529650.24,2265324932.37522,482.617091272607
168.126678656141,1093844988228.68,2269313001.17041,482.01591744485
168.525859554853,1094405152173.68,2273305254.84077,481.415837069507
168.925696416477,1094965021334.35,2277301694.59944,480.81684738172
169.326189793991,1095524595559.9,2281302321.65865,480.218945625491
169.727340240241,1096083874699.6,2285307137.2297,479.622129053644
170.129148307946,1096642858602.8,2289316142.523,479.026394927795
170.531614549693,1097201547118.94,2293329338.74803,478.431740518316
170.934739517936,1097759940097.53,2297346727.11337,477.8381631043
171.338523765001,1098318037388.17,2301368308.8267,477.245659973531
171.742967843079,1098875838840.52,2305394085.09478,476.654228422445
172.148072304234,1099433344304.35,2309424057.12347,476.063865756105
172.553837700394,1099990553629.48,2313458226.11775,475.474569288157
172.960264583355,1100547466665.83,2317496593.28166,474.886336340808
173.367353504782,1101104083263.39,2321539159.81837,474.299164244783
173.775105016206,1101660403272.23,2325585926.93014,473.713050339301
174.183519669027,1102216426542.5,2329636895.81835,473.127991972037
174.592598014507,1102772152924.44,2333692067.68345,472.543986499091
175.002340603779,1103327582268.36,2337751443.72503,471.961031284956
175.412747987841,1103882714424.65,2341815025.14178,471.379123702486
175.823820717553,1104437549243.78,2345882813.1315,470.798261132862
176.235559343645,1104992086576.3,2349954808.89109,470.218440965564
176.647964416712,1105546326272.84,2354031013.61658,469.639660598335
177.061036487211,1106100268184.13,2358111428.5031,469.061917437154
177.474776105466,1106653912160.94,2362196054.74491,468.485208896199
177.889183821666,1107207258054.16,2366284893.53537,467.909532397821
178.304260185862,1107760305714.74,2370377946.06699,467.334885372509
178.720005747969,1108313054993.7,2374475213.53136,466.761265258862
179.136421057767,1108865505742.17,2378576697.11922,466.188669503555
179.5535066649,1109417657811.34,2382682398.02044,465.617095561312
179.971263118874,1109969511052.48,2386792317.42398,465.046540894872
180.389690969058,1110521065316.94,2390906456.51796,464.477002974959
180.808790764682,1111072320456.17,2395024816.48962,463.908479280254
181.228563054843,1111623276321.68,2399147398.52533,463.340967297363
181.649008388496,1112173932765.07,2403274203.81059,462.774464520787
182.070127314458,1112724289638.01,2407405233.53003,462.208968452891
182.491920381411,1113274346792.26,2411540488.86741,461.644476603878
182.914388137893,1113824104079.66,2415679971.00564,461.080986491756
183.33753113231,1114373561352.13,2419823681.12677,460.518495642308
183.761349912922,1114922718461.68,2423971620.41197,459.957001589065
184.185845027853,1115471575260.38,2428123790.04157,459.396501873275
184.61101702509,1116020131600.39,2432280191.19502,458.836994043876
185.036866452476,1116568387333.96,2436440825.05095,458.278475657463
185.463393857713,1117116342313.41,2440605692.78709,457.720944278263
185.890599788366,1117663996391.15,2444774795.58036,457.164397478105
186.318484791861,1118211349419.67,2448948134.6068,456.60883283639
186.747049415477,1118758401251.52,2453125711.04161,456.054247940066
187.176294206357,1119305151739.37,2457307526.05915,455.500640383595
187.606219711501,1119851600735.93,2461493580.8329,454.948007768927
188.036826477767,1120397748094.03,2465683876.53555,454.396347705473
188.468115051873,1120943593666.54,2469878414.33889,453.845657810076
188.900085980394,1121489137306.45,2474077195.41391,453.295935706981
189.332739809759,1122034378866.81,2478280220.93074,452.747179027812
189.766077086264,1122579318200.76,2482487492.05866,452.19938541154
190.200098356052,1123123955161.51,2486699009.96614,451.652552504458
190.63480416513,1123668289602.37,2490914775.82079,451.10667796015
191.070195059358,1124212321376.7,2495134790.7894,450.561759439469
191.506271584453,1124756050337.98,2499359056.03792,450.017794610507
191.943034285993,1125299476339.75,2503587572.73147,449.474781148568
192.380483709406,1125842599235.64,2507820342.03435,448.932716736141
192.818620399978,1126385418879.34,2512057365.11,448.391599062872
193.257444902852,1126927935124.65,2516298643.12108,447.851425825541
193.696957763027,1127470147825.44,2520544177.22939,447.312194728032
194.137159525354,1128012056835.66,2524793968.59591,446.773903481309
194.578050734543,1128553662009.34,2529048018.38081,446.236549803386
195.019631935155,1129094963200.61,2533306327.74343,445.700131419306
195.46190367161,1129635960263.65,2537568897.8423,445.16464606111
195.904866488178,1130176653052.75,2541835729.83513,444.630091467812
196.348520928986,1130717041422.26,2546106824.87879,444.096465385378
196.792867538014,1131257125226.64,2550382184.12938,443.563765566694
197.237906859096,1131796904320.4,2554661808.74214,443.031989771542
197.68363943592,1132336378558.16,2558945699.87154,442.501135766577
198.130065812026,1132875547794.59,2563233858.67121,441.971201325297
198.577186530808,1133414411884.49,2567526286.29399,441.442184228025
199.025002135514,1133952970682.69,2571822983.8919,440.914082261874
199.473513169243,1134491224044.14,2576123952.61616,440.386893220731
199.922720174947,1135029171823.85,2580429193.61718,439.860614905226
200.372623695432,1135566813876.93,2584738708.04459,439.33524512271
200.823224273353,1136104150058.55,2589052497.04719,438.810781687228
201.274522451218,1136641180223.98,2593370561.773,438.287222419498
201.72651877139,1137177904228.57,2597692903.36923,437.764565146883
202.179213776079,1137714321927.76,2602019522.98231,437.242807703367
202.632608007348,1138250433177.05,2606350421.75785,436.721947929533
203.086702007112,1138786237832.03,2610685600.84069,436.201983672535
203.541496317135,1139321735748.4,2615025061.37487,435.682912786078
203.996991479034,1139856926781.9,2619368804.50364,435.16473313039
204.453188034276,1140391810788.38,2623716831.36947,434.647442572201
204.910086524176,1140926387623.76,2628069143.11402,434.131038984717
205.367687489901,1141460657144.06,2632425740.87818,433.6155202476
205.825991472471,1141994619205.37,2636786625.80206,433.100884246938
206.284999012749,1142528273663.86,2641151799.02498,432.587128875229
206.744710651454,1143061620375.79,2645521261.68548,432.07425203135
207.205126929149,1143594659197.49,2649895014.92132,431.56225162054
207.666248386252,1144127389985.39,2654273059.86949,431.051125554373
208.128075563023,1144659812596,2658655397.66619,430.540871750736
208.590608999579,1145191926885.91,2663042029.44686,430.031488133807
209.053849235878,1145723732711.78,2667432956.34616,429.522972634031
209.51779681173,1146255229930.38,2671828179.49796,429.015323188094
209.982452266797,1146786418398.53,2676227700.0354,428.508537738909
210.447816140582,1147317297973.17,2680631519.09081,428.002614235584
210.913888972441,1147847868511.3,2685039637.79578,427.497550633403
211.380671301574,1148378129869.99,2689452057.28112,426.993344893806
211.848163667033,1148908081906.44,2693868778.67689,426.489994984363
212.316366607713,1149437724477.88,2698289803.11236,425.987498878755
212.785280662359,1149967057441.66,2702715131.71607,425.485854556746
213.254906369564,1150496080655.2,2707144765.61579,424.98506000417
213.725244267765,1151024793976,2711578705.93852,424.4851132129
214.196294895247,1151553197261.66,2716016953.81051,423.986012180833
214.668058790141,1152081290369.83,2720459510.35728,423.487754911864
215.140536490425,1152609073158.28,2724906376.70354,422.990339415864
215.613728533928,1153136545484.85,2729357553.97331,422.493763708662
216.087635458313,1153663707207.46,2733813043.28982,421.998025812023
216.562257801103,1154190558184.11,2738272845.77556,421.503123753621
217.037596099654,1154717098272.9,2742736962.55227,421.009055567024
217.513650891178,1155243327332,2747205394.74096,420.515819291672
217.990422712728,1155769245219.66,2751678143.46188,420.023412972851
218.4679121012,1156294851794.22,2756155209.83454,419.531834661676
218.946119593337,1156820146914.12,2760636594.97771,419.041082415071
219.425045725731,1157345130437.85,2765122300.00942,418.551154295747
219.904691034812,1157869802224.02,2769612326.04696,418.062048372176
220.38505605686,1158394162131.29,2774106674.20689,417.57376271858
220.866141327999,1158918210018.44,2778605345.60502,417.086295414902
221.347947384191,1159441945744.3,2783108341.35644,416.599644546789
221.830474761248,1159965369167.8,2787615662.57551,416.113808205574
222.313723994831,1160488480147.96,2792127310.37585,415.628784488249
222.797695620431,1161011278543.87,2796643285.87034,415.144571497452
223.282390173394,1161533764214.71,2801163590.17116,414.66116734144
223.76780818891,1162055937019.76,2805688224.38975,414.178570134075
224.253950202003,1162577796818.35,2810217189.63681,413.6967779948
224.740816747549,1163099343469.93,2814750487.02234,413.215789048621
225.228408360264,1163620576834,2819288117.65561,412.735601426085
225.716725574706,1164141496770.19,2823830082.64517,412.256213263263
226.20576892528,1164662103138.16,2828376383.09885,411.777622701729
226.695538946228,1165182395797.7,2832927020.12377,411.29982788854
227.186036171641,1165702374608.66,2837481994.82631,410.822826976215
227.677261135449,1166222039430.97,2842041308.31217,410.346618122721
228.169214371422,1166741390124.68,2846604961.68632,409.871199491447
228.661896413176,1167260426549.87,2851172956.05301,409.396569251189
229.155307794167,1167779148566.76,2855745292.5158,408.922725576129
229.649449047696,1168297556035.62,2860321972.17754,408.449666645817
230.144320706903,1168815648816.81,2864902996.14034,407.977390645151
230.639923304771,1169333426770.78,2869488365.50566,407.505895764357
231.136257374121,1169850889758.07,2874078081.3742,407.035180198974
231.633323447625,1170368037639.29,2878672144.84602,406.56524214983
232.131122057783,1170884870275.15,2883270557.02042,406.096079823029
232.629653736944,1171401387526.44,2887873318.99603,405.627691429926
233.128919017301,1171917589254.02,2892480431.87078,405.160075187113
233.628918430883,1172433475318.86,2897091896.74191,404.6932293164
234.129652509559,1172949045582,2901707714.70595,404.227152044795
234.631121785045,1173464299904.56,2906327886.85875,403.761841604486
235.133326788888,1173979238147.77,2910952414.29546,403.297296232824
235.636268052485,1174493860172.92,2915581298.11055,402.833514172302
236.139946107067,1175008165841.39,2920214539.3978,402.370493670542
236.644361483709,1175522155014.65,2924852139.25028,401.908232980271
237.149514713325,1176035827554.26,2929494098.76042,401.446730359307
237.655406326668,1176549183321.85,2934140419.01993,400.985984070539
238.162036854331,1177062222179.15,2938791101.11984,400.525992381911
238.66940682675,1177574943987.97,2943446146.15051,400.066753566403
239.177516774197,1178087348610.21,2948105555.20163,399.608265902012
239.686367226784,1178599435907.85,2952769329.36219,399.15052767174
240.195958714465,1179111205742.94,2957437469.72051,398.693537163568
240.706291767032,1179622657977.66,2962109977.36425,398.237292670446
241.217366914117,1180133792474.22,2966786853.38038,397.781792490271
241.729184685189,1180644609094.96,2971468098.85521,397.327034925871
242.241745609558,1181155107702.28,2976153714.87437,396.873018284991
242.755050216375,1181665288158.68,2980843702.52283,396.419740880268
243.269099034622,1182175150326.74,2985538062.88487,395.967201029224
243.783892593132,1182684694069.12,2990236797.04415,395.51539705424
244.299431420565,1183193919248.57,2994939906.08363,395.064327282543
244.815716045427,1183702825727.94,2999647391.08561,394.613990046191
245.332746996061,1184211413370.14,3004359253.13173,394.164383682053
245.850524800648,1184719682038.19,3009075493.30299,393.715506531792
246.369049987205,1185227631595.17,3013796112.67971,393.267356941851
246.888323083592,1185735261904.28,3018521112.34156,392.819933263435
247.408344617504,1186242572828.77,3023250493.36756,392.373233852492
247.929115116475,1186749564232.01,3027984256.83607,391.927257069703
248.450635107876,1187256235977.42,3032722403.82481,391.482001280458
248.972905118916,1187762587928.53,3037464935.41081,391.037464854845
249.495925676647,1188268619948.96,3042211852.67052,390.593646167631
250.01969730795,1188774331902.4,3046963156.67968,390.150543598246
250.544220539548,1189279723652.64,3051718848.51341,389.708155530768
251.069495898006,1189784795063.54,3056478929.24619,389.266480353908
251.59552390972,1190289545999.07,3061243399.95184,388.825516460989
252.122305100923,1190793976323.26,3066012261.70356,388.385262249937
252.649839997694,1191298085900.24,3070785515.57389,387.945716123258
253.178129125939,1191801874594.23,3075563162.63475,387.506876488028
253.707173011408,1192305342269.53,3080345203.9574,387.068741755874
254.236972179685,1192808488790.53,3085131640.61249,386.631310342959
254.767527156193,1193311314021.7,3089922473.67002,386.194580669968
255.298838466191,1193813817827.61,3094717704.19935,385.758551162088
255.830906634775,1194316000072.89,3099517333.26925,385.323220248997
256.36373218688,1194817860622.29,3104321361.94781,384.888586364849
256.897315647273,1195319399340.63,3109129791.30251,384.454647948253
257.43165754056,1195820616092.81,3113942622.40023,384.021403442263
257.966758391189,1196321510743.84,3118759856.30718,383.588851294361
258.502618723437,1196822083158.78,3123581494.08898,383.156989956441
259.039239061424,1197322333202.8,3128407536.81061,382.725817884797
259.576619929096,1197822260741.18,3133237985.53645,382.295333540102
260.114761850253,1198321865639.23,3138072841.33024,381.865535387399
260.65366534851,1198821147762.4,3142912105.25512,381.436421896083
261.19333094734,1199320106976.2,3147755778.3736,381.007991539885
261.733759170041,1199818743146.22,3152603861.74758,380.580242796863
262.274950539741,1200317056138.17,3157456356.43835,380.153174149378
262.816905579417,1200815045817.81,3162313263.50659,379.726784084087
263.359624811875,1201312712051.02,3167174584.01237,379.301071091926
263.903108759764,1201810054703.73,3172040319.01514,378.876033668094
264.447357945552,1202307073642,3176910469.57377,378.451670312039
264.99237289157,1202803768731.93,3181785036.74649,378.027979527445
265.538154119957,1203300139839.76,3186664021.59096,377.604959822217
266.084702152711,1203796186831.77,3191547425.16421,377.182609708465
266.63201751165,1204291909574.35,3196435248.52269,376.760927702492
267.180100718437,1204787307933.98,3201327492.72224,376.339912324776
267.728952294566,1205282381777.22,3206224158.8181,375.919562099963
268.278572761372,1205777130970.72,3211125247.86493,375.499875556843
268.828962640017,1206271555381.21,3216030760.91678,375.080851228345
269.380122451506,1206765654875.52,3220940699.02711,374.662487651519
269.932052716681,1207259429320.55,3225855063.24878,374.244783367519
270.484753956211,1207752878583.32,3230773854.6341,373.827736921595
271.038226690609,1208246002530.9,3235697074.23473,373.411346863075
271.592471440224,1208738801030.47,3240624723.10179,372.995611745355
272.147488725233,1209231273949.3,3245556802.2858,372.580530125879
272.703279065655,1209723421154.72,3250493312.83668,372.166100566134
273.259842981337,1210215242514.18,3255434255.8038,371.752321631624
273.817180991978,1210706737895.21,3260379632.23593,371.339191891871
274.375293617095,1211197907165.41,3265329443.18126,370.926709920391
274.934181376043,1211688750192.49,3270283689.68739,370.514874294686
275.493844788022,1212179266844.23,3275242372.80138,370.103683596224
276.054284372059,1212669456988.51,3280205493.56968,369.693136410435
276.615500647024,1213159320493.3,3285173053.03818,369.28323132669
277.177494131615,1213648857226.66,3290145052.2522,368.873966938289
277.740265344363,1214138067056.71,3295121492.2565,368.465341842453
278.303814803646,1214626949851.68,3300102374.09523,368.057354640305
278.868143027672,1215115505479.91,3305087698.81203,367.650003936859
279.433250534474,1215603733809.78,3310077467.44993,367.243288341005
279.999137841938,1216091634709.79,3315071681.05141,366.8372064655
280.565805467778,1216579208048.53,3320070340.6584,366.431756926953
281.133253929535,1217066453694.66,3325073447.31226,366.026938345811
281.701483744591,1217553371516.94,3330081002.05376,365.622749346348
282.270495430177,1218039961384.21,3335093005.92317,365.219188556648
282.840289503341,1218526223165.42,3340109459.96015,364.816254608601
283.410866480968,1219012156729.58,3345130365.20384,364.413946137879
283.982226879786,1219497761945.8,3350155722.69281,364.012261783934
284.554371216358,1219983038683.28,3355185533.46508,363.611200189976
285.127300007078,1220467986811.32,3360219798.55813,363.210760002969
285.701013768172,1220952606199.29,3365258519.00887,362.810939873611
286.27551301571,1221436896716.64,3370301695.85367,362.411738456329
286.850798265593,1221920858232.94,3375349330.12837,362.013154409257
287.426870033562,1222404490617.84,3380401422.86825,361.615186394234
288.003728835182,1222887793741.05,3385457975.10805,361.217833076784
288.581375185861,1223370767472.4,3390518987.88197,360.821093126108
289.159809600846,1223853411681.79,3395584462.22366,360.42496521507
289.739032595219,1224335726239.23,3400654399.16624,360.029448020184
290.319044683882,1224817711014.8,3405728799.7423,359.634540221605
290.899846381593,1225299365878.68,3410807664.98388,359.240240503114
291.481438202935,1225780690701.12,3415890995.92251,358.846547552106
292.063820662324,1226261685352.48,3420978793.58915,358.45346005958
292.646994274019,1226742349703.2,3426071059.01426,358.060976720127
293.230959552111,1227222683623.82,3431167793.22776,357.669096231913
293.815717010524,1227702686984.95,3436268997.25903,357.277817296676
294.401267163024,1228182359657.29,3441374672.13695,356.887138619708
294.987610523207,1228661701511.66,3446484818.88987,356.497058909842
295.574747604504,1229140712418.92,3451599438.54558,356.107576879446
296.162678920182,1229619392250.07,3456718532.13139,355.718691244408
296.751404983354,1230097740876.16,3461842100.67408,355.330400724122
297.340926306953,1230575758168.35,3466970145.1999,354.942704041483
297.931243403755,1231053443997.87,3472102666.73458,354.555599922869
298.522356786373,1231530798236.08,3477239666.30337,354.169087098132
299.114266967262,1232007820754.37,3482381144.93095,353.783164300588
299.70697445869,1232484511424.28,3487527103.64153,353.397830267002
300.300479772787,1232960870117.39,3492677543.45879,353.013083737582
300.894783421498,1233436896705.4,3497832465.40592,352.628923455962
301.489885916624,1233912591060.09,3502991870.50556,352.245348169195
302.085787769792,1234387953053.32,3508155759.77989,351.862356627738
302.68248949246,1234862982557.06,3513324134.25056,351.479947585444
303.279991595925,1235337679443.35,3518496994.93871,351.098119799551
303.87829459133,1235812043584.33,3523674342.86501,350.716872030668
304.477398989641,1236286074852.23,3528856179.04959,350.336203042765
305.077305301661,1236759773119.37,3534042504.51211,349.956111603164
305.678014038045,1237233138258.14,3539233320.27172,349.576596482527
306.279525709265,1237706170141.05,3544428627.34706,349.197656454844
306.881840825634,1238178868640.69,3549628426.75631,348.819290297422
307.48495989731,1238651233629.73,3554832719.51714,348.441496790875
308.088883434284,1239123264980.93,3560041506.6467,348.064274719114
308.693611946382,1239594962567.15,3565254789.16171,347.687622869336
309.299145943258,1240066326261.34,3570472568.07834,347.311540032012
309.905485934418,1240537355936.53,3575694844.41231,346.936025000875
310.512632429199,1241008051465.85,3580921619.17885,346.561076572915
311.120585936767,1241478412722.51,3586152893.3927,346.186693548362
311.729346966132,1241948439579.82,3591388668.06811,345.81287473068
312.338916026149,1242418131911.18,3596628944.21887,345.439618926552
312.94929362549,1242887489590.06,3601873722.85827,345.066924945877
313.56048027268,1243356512490.05,3607123004.99913,344.694791601749
314.172476476082,1243825200484.81,3612376791.6538,344.323217710456
314.785282743877,1244293553448.1,3617635083.83415,343.952202091466
315.398899584103,1244761571253.76,3622897882.55157,343.581743567415
316.013327504634,1245229253775.74,3628165188.81699,343.2118409641
316.628567013168,1245696600888.05,3633437003.64085,342.842493110466
317.244618617258,1246163612464.82,3638713328.03315,342.473698838598
317.86148282427,1246630288380.25,3643994163.0034,342.105456983709
318.47916014144,1247096628508.64,3649279509.56067,341.737766384131
319.097651075809,1247562632724.38,3654569368.71352,341.370625881305
319.716956134287,1248028300901.95,3659863741.4701,341.00403431977
320.337075823595,1248493632915.92,3665162628.83806,340.637990547154
320.958010650297,1248958628640.95,3670466031.82461,340.272493414163
321.579761120822,1249423287951.78,3675773951.43649,339.907541774572
322.202327741401,1249887610723.27,3681086388.68,339.543134485216
322.825711018115,1250351596830.34,3686403344.56097,339.179270405977
323.449911456898,1250815246148.02,3691724820.08478,338.815948399776
324.074929563509,1251278558551.41,3697050816.25636,338.453167332565
324.700765843539,1251741533915.73,3702381334.08019,338.090926073315
325.327420802424,1252204172116.26,3707716374.56031,337.729223494005
325.954894945463,1252666473028.4,3713055938.70028,337.368058469618
326.583188777746,1253128436527.62,3718400027.50326,337.007429878124
327.212302804239,1253590062489.48,3723748641.97193,336.647336600474
327.842237529733,1254051350789.66,3729101783.10854,336.287777520595
328.472993458865,1254512301303.88,3734459451.9149,335.928751525369
329.104571096096,1254972913908.01,3739821649.39237,335.570257504635
329.736970945743,1255433188477.96,3745188376.5419,335.212294351174
330.37019351196,1255893124889.76,3750559634.36397,334.854860960698
331.004239298723,1256352723019.52,3755935423.85863,334.497956231849
331.639108809871,1256811982743.45,3761315746.02553,334.141579066177
332.274802549084,1257270903937.84,3766700601.86384,333.785728368142
332.911321019847,1257729486479.08,3772089992.37232,333.430403045098
333.54866472553,1258187730243.66,3777483918.54932,333.075602007286
334.186834169292,1258645635108.12,3782882381.39274,332.721324167824
334.825829854184,1259103200949.15,3788285381.90005,332.367568442702
335.465652283076,1259560427643.49,3793692921.0683,332.014333750766
336.106301958675,1260017315067.98,3799104999.89414,331.661619013713
336.747779383516,1260473863099.56,3804521619.37377,331.309423156081
337.390085060012,1260930071615.26,3809942780.50298,330.957745105241
338.033219490372,1261385940492.19,3815368484.27713,330.606583791387
338.677183176683,1261841469607.55,3820798731.69121,330.255938147525
339.321976620849,1262296658838.67,3826233523.73972,329.905807109471
339.967600324629,1262751508062.91,3831672861.4168,329.556189615831
340.61405478961,1263206017157.77,3837116745.71618,329.207084608004
341.261340517245,1263660186000.83,3842565177.63114,328.858491030164
341.909458008784,1264114014469.75,3848018158.15457,328.510407829258
342.55840776537,1264567502442.28,3853475688.27897,328.16283395499
343.208190287961,1265020649796.29,3858937768.99642,327.815768359819
343.858806077351,1265473456409.7,3864404401.29859,327.469209998947
344.510255634183,1265925922160.57,3869875586.17675,327.123157830311
345.162539458959,1266378046927,3875351324.62177,326.777610814575
345.815658051989,1266829830587.22,3880831617.62413,326.432567915117
346.469611913462,1267281273019.54,3886316466.17389,326.088028098029
347.124401543385,1267732374102.36,3891805871.26072,325.7439903321
347.780027441618,1268183133714.17,3897299833.87391,325.400453588812
348.436490107849,1268633551733.57,3902798355.00235,325.057416842332
349.093790041639,1269083628039.21,3908301435.63452,324.714879069499
349.75192774236,1269533362509.88,3913809076.75853,324.372839249821
350.410903709226,1269982755024.44,3919321279.36209,324.031296365463
351.070718441362,1270431805461.84,3924838044.43252,323.690249401241
351.731372437649,1270880513701.13,3930359372.95677,323.349697344611
352.392866196834,1271328879621.43,3935885265.92137,323.009639185664
353.055200217531,1271776903101.99,3941415724.31252,322.670073917113
353.718374998185,1272224584022.13,3946950749.116,322.331000534292
354.382391037124,1272671922261.26,3952490341.31722,321.992418035138
355.04724883245,1273118917698.88,3958034501.9012,321.654325420194
355.712948882135,1273565570214.61,3963583231.8526,321.316721692591
356.379491684038,1274011879688.11,3969136532.1557,320.979605858048
357.046877735778,1274457845999.2,3974694403.7944,320.642976924854
357.71510753494,1274903469027.73,3980256847.75224,320.306833903872
358.384181578835,1275348748653.67,3985823865.01237,319.971175808521
359.05410036467,1275793684757.1,3991395456.5576,319.636001654774
359.724864389518,1276238277218.16,3996971623.37032,319.301310461146
360.39647415025,1276682525917.1,4002552366.43262,318.967101248689
361.06893014364,1277126430734.25,4008137686.72618,318.633373040984
361.742232866259,1277569991550.06,4013727585.23232,318.300124864131
362.416382814557,1278013208245.04,4019322062.93204,317.967355746741
363.091380484783,1278456080699.81,4024921120.80592,317.635064719931
363.767226373047,1278898608795.08,4030524759.83422,317.303250817316
364.443920975437,1279340792411.66,4036132980.99682,316.971913074998
365.121464787669,1279782631430.43,4041745785.27327,316.641050531559
365.799858305415,1280224125732.39,4047363173.64275,316.310662228057
366.479102024255,1280665275198.62,4052985147.08409,315.980747208015
367.159196439477,1281106079710.29,4058611706.57576,315.651304517415
367.840142046351,1281546539148.67,4064242853.09591,315.322333204685
368.521939339903,1281986653395.12,4069878587.62231,314.993832320702
369.204588815072,1282426422331.08,4075518911.13241,314.665800918773
369.888090966579,1282865845838.12,4081163824.60327,314.338238054638
370.572446288997,1283304923797.86,4086813329.01168,314.011142786452
371.25765527686,1283743656092.04,4092467425.33401,313.684514174786
371.943718424423,1284182042602.48,4098126114.54636,313.358351282615
372.630636225842,1284620083211.1,4103789397.62443,313.032653175313
373.318409175135,1285057777799.91,4109457275.54364,312.707418920642
374.007037766109,1285495126251.01,4115129749.27902,312.382647588751
374.696522492473,1285932128446.61,4120806819.80531,312.05833825216
375.386863847763,1286368784269,4126488488.09691,311.73448998576
376.078062325416,1286805093600.55,4132174755.12784,311.411101866804
376.770118418671,1287241056323.75,4137865621.87188,311.088172974896
377.4630326206,1287676672321.17,4143561089.30239,310.765702391988
378.1568054242,1288111941475.47,4149261158.39248,310.443689202372
378.851437322168,1288546863669.41,4154965830.11487,310.122132492672
379.546928807262,1288981438785.84,4160675105.44203,309.801031351833
380.243280371926,1289415666707.7,4166388985.34603,309.480384871124
380.940492508534,1289849547318.04,4172107470.79867,309.16019214412
381.638565709276,1290283080499.98,4177830562.77143,308.840452266703
382.337500466227,1290716266136.75,4183558262.23545,308.521164337046
383.037297271287,1291149104111.68,4189290570.16158,308.202327455619
383.737956616205,1291581594308.16,4195027487.52033,307.883940725168
384.439478992601,1292013736609.71,4200769015.28192,307.566003250718
385.141864891947,1292445530899.93,4206515154.41625,307.24851413956
385.84511480554,1292876977062.52,4212265905.8929,306.93147250125
386.549229224607,1293308074981.25,4218021270.68117,306.614877447594
387.254208640092,1293738824540.01,4223781249.75005,306.298728092648
387.960053542931,1294169225622.78,4229545844.06819,305.98302355271
388.666764423848,1294599278113.63,4235315054.60398,305.667762946311
389.374341773356,1295028981896.71,4241088882.32547,305.352945394208
390.082786082043,1295458336856.29,4246867328.20044,305.03857001938
390.792097840085,1295887342876.71,4252650393.19638,304.724635947019
391.502277537653,1296315999842.43,4258438078.28041,304.411142304525
392.213325664786,1296744307637.97,4264230384.4195,304.098088221492
392.92524271134,1297172266147.97,4270027312.58017,303.785472829717
393.638029166986,1297599875257.16,4275828863.72873,303.473295263177
394.351685521366,1298027134850.37,4281635038.83119,303.161554658032
395.066212263857,1298454044812.49,4287445838.85327,302.850250152614
395.781609883691,1298880605028.56,4293261264.76039,302.539380887421
396.497878870152,1299306815383.66,4299081317.5177,302.228946005115
397.215019712061,1299732675762.99,4304905998.09006,301.918944650508
397.933032898426,1300158186051.85,4310735307.44205,301.609375970559
398.651918917867,1300583346135.63,4316569246.53795,301.300239114372
399.371678259001,1301008155899.8,4322407816.3418,300.991533233181
400.092311410224,1301432615229.94,4328251017.81732,300.683257480348
400.813818859836,1301856724011.72,4334098851.92798,300.375411011358
401.536201095931,1302280482130.91,4339951319.63694,300.067992983813
402.259458606621,1302703889473.35,4345808421.90718,299.761002557415
402.9835918796,1303126945925.01,4351670159.70129,299.454438893977
403.708601402781,1303549651371.93,4357536533.98162,299.148301157406
404.434487663625,1303972005700.26,4363407545.71033,298.842588513694
405.161251149445,1304394008796.22,4369283195.84926,298.537300130917
405.888892347863,1304815660546.16,4375163485.35995,298.232435179232
406.617411745693,1305236960836.49,4381048415.20372,297.927992830865
407.346809830107,1305657909553.74,4386937986.34158,297.623972260107
408.077087088126,1306078506584.52,4392832199.73438,297.320372643301
408.808244006176,1306498751815.54,4398731056.34258,297.017193158851
409.540281071079,1306918645133.61,4404634557.1265,296.714432987198
410.273198769221,1307338186425.62,4410542703.04618,296.412091310826
411.006997587032,1307757375578.57,4416455495.06127,296.110167314259
411.741678010403,1308176212479.55,4422372934.1314,295.808660184036
412.477240525821,1308594697015.75,4428295021.2157,295.507569108731
413.213685618898,1309012829074.43,4434221757.27326,295.206893278921
413.951013775296,1309430608542.99,4440153143.26282,294.906631887196
414.689225480941,1309848035308.87,4446089180.14288,294.606784128153
415.428321221185,1310265109259.65,4452029868.8717,294.307349198382
416.168301481481,1310681830282.99,4457975210.40732,294.008326296465
416.909166746869,1311098198266.64,4463925205.70754,293.709714622968
417.650917502501,1311514213098.44,4469879855.72985,293.411513380441
418.393554233663,1311929874666.35,4475839161.43153,293.113721773405
419.137077424567,1312345182858.4,4481803123.76976,292.81633900834
419.88148756027,1312760137562.73,4487771743.70128,292.519364293701
420.626785125393,1313174738667.57,4493745022.18266,292.222796839893
421.372970604091,1313588986061.23,4499722960.1703,291.92663585927
422.120044480879,1314002879632.15,4505705558.62037,291.630880566125
422.868007239752,1314416419268.83,4511692818.48871,291.335530176702
423.616859364805,1314829604859.89,4517684740.73099,291.040583909168
424.366601339643,1315242436294.03,4523681326.30273,290.746040983615
425.117233648865,1315654913460.05,4529682576.1591,290.451900622063
425.868756774704,1316067036246.86,4535688491.25513,290.158162048442
426.621171201907,1316478804543.44,4541699072.54554,289.864824488598
427.374477413064,1316890218238.88,4547714320.98497,289.571887170271
428.128675891953,1317301277222.37,4553734237.52769,289.279349323108
428.883767120948,1317711981383.18,4559758823.12786,288.987210178645
429.639751584006,1318122330610.69,4565788078.73943,288.695468970302
430.396629762407,1318532324794.37,4571822005.31606,288.404124933385
431.15440214067,1318941963823.78,4577860603.81119,288.113177305078
431.913069199938,1319351247588.59,4583903875.17814,287.822625324428
432.672631423855,1319760175978.55,4589951820.36998,287.532468232351
433.433089293822,1320168748883.52,4596004440.33954,287.242705271622
434.194443292261,1320576966193.44,4602061736.03957,286.953335686865
434.956693900588,1320984827798.35,4608123708.42239,286.664358724562
435.719841601597,1321392333588.41,4614190358.44032,286.375773633029
436.483886877667,1321799483453.84,4620261687.04533,286.087579662427
437.248830208255,1322206277284.98,4626337695.18934,285.799776064739
438.014672077224,1322612714972.25,4632418383.82409,285.512362093775
438.781412964665,1323018796406.17,4638503753.90087,285.225337005181
439.549053352964,1323424521477.38,4644593806.37101,284.938700056403
440.317593722004,1323829890076.58,4650688542.18552,284.652450506708
441.087034554726,1324234902094.58,4656787962.29534,284.366587617156
