i,Sp,S0,branch
1.00228026509152,0.000235045500823906,0.00038196496031768,concave
1.00624079260964,0.000239695062755025,0.000389274353687713,concave
1.01021284628135,0.000244421617148369,0.000396699815026827,concave
1.01419644747889,0.000249226159668137,0.000404242758629356,concave
1.01819161759066,0.000254109694460021,0.000411904609546735,concave
1.02219837802112,0.000259073234166827,0.000419686803589669,concave
1.0262167501909,0.000264117799943615,0.000427590787329617,concave
1.03024675553668,0.000269244421472153,0.000435618018099255,concave
1.03428841551124,0.00027445413697482,0.000443769963992153,concave
1.03834175158343,0.000279747993227911,0.000452048103861577,concave
1.04240678523818,0.00028512704557422,0.000460453927318229,concave
1.04648353797646,0.000290592357935177,0.000468988934727384,concave
1.05057203131531,0.000296145002822185,0.000477654637204824,concave
1.05467228678778,0.000301786061347535,0.000486452556612224,concave
1.05878432594297,0.000307516623234462,0.000495384225551257,concave
1.06290817034598,0.000313337786826833,0.000504451187357221,concave
1.06704384157794,0.000319250659097947,0.000513654996091358,concave
1.07119136123596,0.000325256355658951,0.000522997216532689,concave
1.07535075093314,0.0003313560007664,0.000532479424168573,concave
1.07952203229858,0.000337550727329377,0.000542103205184712,concave
1.08370522697734,0.000343841676915779,0.000551870156453927,concave
1.08790035663042,0.000350229999758169,0.00056178188552439,concave
1.09210744293479,0.000356716854758807,0.000571840010606647,concave
1.09632650758338,0.000363303409494107,0.000582046160559885,concave
1.10055757228501,0.000369990840218545,0.000592401974877449,concave
1.10480065876445,0.00037678033186767,0.000602909103671058,concave
1.10905578876238,0.000383673078060793,0.000613569207654666,concave
1.11332298403538,0.000390670281102707,0.000624383958126909,concave
1.11760226635591,0.000397773151984999,0.00063535503695306,concave
1.12189365751235,0.000404982910386507,0.000646484136545756,concave
1.1261971793089,0.000412300784673356,0.000657772959845228,concave
1.13051285356568,0.000419728011898091,0.000669223220298223,concave
1.13484070211863,0.000427265837798326,0.000680836641836348,concave
1.13918074681955,0.000434915516794631,0.000692614958853321,concave
1.14353300953607,0.000442678311987847,0.000704559916181508,concave
1.14789751215164,0.000450555495155664,0.000716673269067436,concave
1.15227427656554,0.000458548346748569,0.000728956783146483,concave
1.15666332469286,0.000466658155885193,0.000741412234416769,concave
1.16106467846447,0.000474886220346833,0.000754041409211932,concave
1.16547835982704,0.00048323384657148,0.000766846104173267,concave
1.16990439074302,0.000491702349647148,0.000779828126220962,concave
1.17434279319062,0.00050029305330442,0.000792989292524248,concave
1.17879358916382,0.000509007289908473,0.000806331430470919,concave
1.18325680067233,0.000517846400450407,0.000819856377635928,concave
1.18773244974163,0.000526811734537831,0.000833565981748991,concave
1.19222055841291,0.000535904650384924,0.000847462100661557,concave
1.19672114874309,0.000545126514801625,0.000861546602312575,concave
1.20123424280479,0.000554478703182435,0.000875821364693862,concave
1.20575986268635,0.000563962599494309,0.000890288275814191,concave
1.21029803049179,0.000573579596264013,0.000904949233662785,concave
1.21484876834081,0.000583331094564779,0.00091980614617184,concave
1.21941209836879,0.000593218504002351,0.00093486093117833,concave
1.22398804272678,0.000603243242700262,0.00095011551638479,concave
1.22857662358148,0.000613406737284613,0.000965571839319503,concave
1.23317786311523,0.000623710422867971,0.00098123184729554,concave
1.237791783526,0.000634155743032846,0.000997097497369291,concave
1.24241840702741,0.00064474414981434,0.00101317075629796,concave
1.24705775584866,0.000655477103682256,0.00102945360049638,concave
1.2517098522346,0.000666356073522424,0.00104594801599283,concave
1.25637471844565,0.000677382536617517,0.00106265599838426,concave
1.26105237675781,0.000688557978627071,0.00107957955279047,concave
1.26574284946268,0.000699883893567005,0.00109672069380776,concave
1.27044615886742,0.000711361783788387,0.00111408144546157,concave
1.27516232729475,0.000722993159955502,0.00113166384115826,concave
1.27989137708294,0.000734779541023541,0.00114946992363654,concave
1.2846333305858,0.000746722454215235,0.00116750174491745,concave
1.28938821017267,0.00075882343499718,0.00118576136625408,concave
1.29415603822842,0.000771084027055469,0.00120425085808048,concave
1.29893683715341,0.000783505782270512,0.00122297229995941,concave
1.30373062936353,0.000796090260691359,0.00124192778052972,concave
1.30853743729013,0.000808839030509398,0.00126111939745279,concave
1.31335728338009,0.000821753668031442,0.00128054925735841,concave
1.31819019009572,0.000834835757651956,0.00130021947578948,concave
1.32303617991481,0.000848086891825007,0.00132013217714648,concave
1.32789527533062,0.000861508671035332,0.00134028949463086,concave
1.33276749885184,0.000875102703768886,0.00136069357018787,concave
1.33765287300258,0.000888870606482729,0.0013813465544485,concave
1.34255142032242,0.000902814003574332,0.0014022506066709,concave
1.34746316336632,0.000916934527350274,0.00142340789468093,concave
1.35238812470466,0.000931233817994265,0.00144482059481205,concave
1.35732632692322,0.000945713523534624,0.00146649089184452,concave
1.36227779262317,0.000960375299811142,0.00148842097894394,concave
1.36724254442106,0.000975220810441298,0.00151061305759895,concave
1.3722206049488,0.000990251726785928,0.00153306933755842,concave
1.37721199685367,0.00100546972791429,0.00155579203676791,concave
1.3822167427983,0.00102087650056846,0.00157878338130534,concave
1.38723486546066,0.00103647373912724,0.00160204560531614,concave
1.39226638753405,0.00105226314556952,0.0016255809509478,concave
1.39731133172709,0.00106824642943682,0.00164939166828348,concave
1.40236972076373,0.00108442530779546,0.00167348001527521,concave
1.40744157738321,0.00110080150519822,0.00169784825767653,concave
1.41252692434007,0.0011173767536451,0.0017224986689741,concave
1.41762578440412,0.00113415279254388,0.00174743353031917,concave
1.42273818036046,0.00115113136866994,0.0017726551304582,concave
1.42786413500947,0.0011683142361254,0.00179816576566265,concave
1.43300367116675,0.00118570315629798,0.0018239677396586,concave
1.43815681166318,0.00120329989781908,0.00185006336355553,concave
1.44332357934486,0.00122110623652146,0.00187645495577452,concave
1.44850399707314,0.00123912395539612,0.00190314484197571,concave
1.45369808772455,0.00125735484454909,0.0019301353549857,concave
1.45890587419087,0.0012758007011572,0.00195742883472376,concave
1.46412737937906,0.00129446332942364,0.00198502762812792,concave
1.46936262621127,0.00131334454053271,0.00201293408908003,concave
1.47461163762485,0.00133244615260452,0.00204115057833116,concave
1.47987443657229,0.00135176999064854,0.00206967946342525,concave
1.48515104602128,0.00137131788651709,0.0020985231186232,concave
1.49044148895463,0.00139109167885824,0.00212768392482609,concave
1.49574578837032,0.00141109321306804,0.00215716426949774,concave
1.50106396728145,0.00143132434124239,0.00218696654658704,concave
1.50639604871624,0.00145178692212834,0.00221709315644946,concave
1.51174205571805,0.00147248282107496,0.00224754650576839,concave
1.51710201134532,0.00149341390998366,0.00227832900747582,concave
1.5224759386716,0.00151458206725803,0.00230944308067245,concave
1.52786386078553,0.00153598917775331,0.00234089115054764,concave
1.53326580079082,0.00155763713272512,0.00237267564829839,concave
1.53868178180625,0.001579527829778,0.0024047990110484,concave
1.54411182696568,0.00160166317281348,0.00243726368176651,concave
1.54955595941798,0.00162404507197725,0.00247007210918424,concave
1.5550142023271,0.00164667544360653,0.00250322674771366,concave
1.560486578872,0.00166955621017656,0.00253673005736439,concave
1.56597311224666,0.00169268930024661,0.00257058450366002,concave
1.5714738256601,0.00171607664840587,0.00260479255755462,concave
1.57698874233631,0.00173972019521861,0.00263935669534846,concave
1.58251788551429,0.00176362188716894,0.00267427939860324,concave
1.58806127844803,0.00178778367660548,0.00270956315405765,concave
1.59361894440648,0.00181220752168499,0.00274521045354145,concave
1.59919090667356,0.00183689538631616,0.0027812237938901,concave
1.60477718854817,0.00186184924010279,0.00281760567685873,concave
1.61037781334413,0.00188707105828628,0.0028543586090354,concave
1.6159928043902,0.0019125628216883,0.00289148510175466,concave
1.62162218503008,0.00193832651665246,0.0029289876710102,concave
1.62726597862238,0.00196436413498608,0.00296686883736757,concave
1.63292420854064,0.00199067767390125,0.00300513112587633,concave
1.63859689817328,0.00201726913595556,0.00304377706598183,concave
1.64428407092361,0.00204414052899268,0.00308280919143702,concave
1.64998575020984,0.00207129386608229,0.00312223004021369,concave
1.65570195946503,0.00209873116545966,0.00316204215441317,concave
1.66143272213713,0.00212645445046531,0.0032022480801777,concave
1.66717806168893,0.00215446574948359,0.00324285036760016,concave
1.67293800159804,0.00218276709588149,0.00328385157063464,concave
1.67871256535697,0.00221136052794706,0.00332525424700648,concave
1.68450177647298,0.0022402480888269,0.0033670609581213,concave
1.69030565846822,0.0022694318264643,0.00340927426897518,concave
1.69612423487957,0.00229891379353604,0.00345189674806314,concave
1.70195752925879,0.00232869604738985,0.00349493096728878,concave
1.70780556517236,0.00235878064998053,0.00353837950187229,concave
1.71366836620159,0.00238916966780669,0.0035822449302595,concave
1.71954595594253,0.00241986517184649,0.00362652983402977,concave
1.72543835800599,0.00245086923749357,0.00367123679780436,concave
1.73134559601756,0.0024821839444925,0.00371636840915439,concave
1.73726769361755,0.00251381137687364,0.00376192725850816,concave
1.74320467446101,0.00254575362288848,0.00380791593905931,concave
1.7491565622177,0.00257801277494365,0.00385433704667341,concave
1.75512338057212,0.00261059092953577,0.00390119317979598,concave
1.76110515322347,0.00264349018718523,0.00394848693935911,concave
1.76710190388561,0.00267671265236999,0.0039962209286884,concave
1.77311365628715,0.00271026043345923,0.00404439775340997,concave
1.77914043417132,0.00274413564264649,0.00409302002135681,concave
1.78518226129606,0.00277834039588293,0.00414209034247571,concave
1.79123916143394,0.00281287681280982,0.00419161132873318,concave
1.79731115837219,0.00284774701669148,0.00424158559402228,concave
1.80339827591269,0.00288295313434739,0.00429201575406855,concave
1.80950053787193,0.00291849729608435,0.00434290442633612,concave
1.81561796808105,0.00295438163562844,0.00439425422993385,concave
1.82175059038578,0.00299060829005674,0.00444606778552132,concave
1.82789842864647,0.00302717939972891,0.00449834771521484,concave
1.83406150673805,0.00306409710821817,0.00455109664249287,concave
1.84023984855005,0.00310136356224284,0.00460431719210231,concave
1.84643347798655,0.00313898091159696,0.00465801198996397,concave
1.85264241896623,0.00317695130908111,0.00471218366307821,concave
1.85886669542231,0.00321527691043307,0.00476683483943092,concave
1.86510633130255,0.00325395987425802,0.00482196814789873,concave
1.87136135056926,0.00329300236195912,0.0048775862181553,concave
1.87763177719929,0.00333240653766702,0.00493369168057597,concave
1.88391763518398,0.00337217456817035,0.00499028716614433,concave
1.89021894852923,0.00341230862284535,0.00504737530635761,concave
1.89653574125538,0.00345281087358501,0.00510495873313163,concave
1.90286803739731,0.00349368349472933,0.00516304007870746,concave
1.90921586100437,0.00353492866299411,0.00522162197555646,concave
1.91557923614038,0.00357654855740042,0.00528070705628621,concave
1.92195818688362,0.00361854535920366,0.00534029795354629,concave
1.92835273732685,0.00366092125182253,0.00540039729993389,concave
1.93476291157725,0.00370367842076792,0.00546100772789988,concave
1.94118873375646,0.00374681905357178,0.00552213186965468,concave
1.94763022800051,0.00379034533971571,0.00558377235707427,concave
1.9540874184599,0.00383425947055959,0.00564593182160609,concave
1.96056032929951,0.00387856363927003,0.0057086128941754,concave
1.96704898469862,0.00392326004074897,0.00577181820509153,concave
1.97355340885092,0.00396835087156175,0.0058355503839539,concave
1.98007362596445,0.00401383832986548,0.00589981205955866,concave
1.98660966026166,0.00405972461533738,0.00596460585980528,concave
1.99316153597934,0.00410601192910287,0.00602993441160329,concave
1.99972927736864,0.00415270247366339,0.00609580034077852,concave
2.00631290869507,0.00419979845282495,0.00616220627198084,concave
2.01291245423844,0.00424730207162548,0.00622915482859024,concave
2.01952793829293,0.00429521553626362,0.00629664863262519,concave
2.02615938516701,0.0043435410540256,0.00636469030464851,concave
2.03280681918348,0.00439228083321397,0.00643328246367607,concave
2.0394702646794,0.00444143708307509,0.00650242772708382,concave
2.04614974600618,0.00449101201372718,0.00657212871051595,concave
2.05284528752945,0.00454100783608772,0.00664238802779225,concave
2.05955691362916,0.00459142676180191,0.0067132082908171,concave
2.06628464869949,0.00464227100316973,0.00678459210948686,concave
2.0730285171489,0.00469354277307458,0.00685654209159944,concave
2.07978854340008,0.00474524428491041,0.00692906084276213,concave
2.08656475188995,0.00479737775250988,0.00700215096630085,concave
2.09335716706967,0.00484994539007224,0.00707581506316949,concave
2.10016581340461,0.00490294941209094,0.00715005573185875,concave
2.10699071537435,0.00495639203328182,0.00722487556830621,concave
2.11383189747266,0.00501027546851084,0.00730027716580573,concave
2.12068938420751,0.00506460193272225,0.00737626311491787,concave
2.12756320010105,0.00511937364086634,0.00745283600337971,concave
2.1344533696896,0.00517459280782757,0.00752999841601544,concave
2.14135991752365,0.00523026164835279,0.00760775293464735,concave
2.14828286816781,0.00528638237697925,0.00768610213800651,concave
2.15522224620088,0.00534295720796301,0.00776504860164439,concave
2.16217807621577,0.00539998835520671,0.00784459489784359,concave
2.16915038281952,0.00545747803218883,0.00792474359553093,concave
2.17613919063327,0.00551542845189093,0.00800549726018784,concave
2.18314452429229,0.00557384182672722,0.00808685845376416,concave
2.19016640844594,0.00563272036847255,0.00816882973458998,concave
2.19720486775769,0.00569206628819132,0.00825141365728879,concave
2.20425992690505,0.00575188179616597,0.00833461277269043,concave
2.21133161057961,0.00581216910182609,0.00841842962774475,concave
2.21841994348706,0.00587293041367729,0.00850286676543548,concave
2.2255249503471,0.00593416793923035,0.00858792672469427,concave
2.23264665589349,0.00599588388493028,0.0086736120403151,concave
2.23978508487403,0.00605808045608557,0.00875992524286881,concave
2.24694026205052,0.00612075985679761,0.00884686885861835,concave
2.25411221219881,0.00618392428989045,0.00893444540943432,concave
2.26130096010875,0.00624757595684029,0.00902265741271053,concave
2.26850653058416,0.00631171705770511,0.00911150738127982,concave
2.27572894844288,0.00637634979105461,0.00920099782333049,concave
2.28296823851671,0.00644147635390087,0.00929113124232381,concave
2.29022442565144,0.00650709894162767,0.00938191013690996,concave
2.2974975347068,0.00657321974792136,0.00947333700084601,concave
2.30478759055649,0.0066398409647012,0.00956541432291375,concave
2.31209461808814,0.00670696478205047,0.00965814458683822,concave
2.31941864220332,0.00677459338814634,0.00975153027120502,concave
2.32675968781754,0.00684272896919192,0.00984557384938065,concave
2.33411777986019,0.00691137370934661,0.00994027778943068,concave
2.3414929432746,0.00698052979065785,0.01003564455404,concave
2.34888520301799,0.00705019939299244,0.0101316766004324,concave
2.35629458406146,0.00712038469396851,0.0102283763802919,concave
2.36372111138999,0.0071910878688868,0.0103257463396818,concave
2.37116481000245,0.00726231109066348,0.0104237889189681,concave
2.37862570491156,0.00733405652976177,0.0105225065527392,concave
2.38610382114386,0.00740632635412431,0.0106219016697285,concave
2.39359918373979,0.00747912272910685,0.0107219766927379,concave
2.40111181775359,0.00755244781740951,0.0108227340385583,concave
2.40864174825333,0.00762630377901117,0.0109241761178952,concave
2.41618900032091,0.00770069277110201,0.0110263053352908,concave
2.423753599052,0.00777561694801693,0.0111291240890482,concave
2.43133556955613,0.0078510784611699,0.0112326347711569,concave
2.43893493695656,0.00792707945898704,0.0113368397672163,concave
2.44655172639036,0.00800362208684131,0.0114417414563619,concave
2.45418596300836,0.0080807084869864,0.0115473422111907,concave
2.46183767197517,0.00815834079849206,0.0116536443976878,concave
2.46950687846913,0.0082365211571778,0.0117606503751523,concave
2.47719360768232,0.00831525169554895,0.0118683624961247,concave
2.48489788482059,0.00839453454273165,0.0119767831063152,concave
2.49261973510348,0.00847437182440773,0.0120859145445297,concave
2.50035918376427,0.0085547656627517,0.0121957591426005,concave
2.50811625604992,0.00863571817636545,0.012306319225313,concave
2.51589097722112,0.0087172314802157,0.0124175971103369,concave
2.52368337255223,0.00879930768556987,0.0125295951081548,concave
2.53149346733131,0.00888194889993271,0.0126423155219921,concave
2.53932128686005,0.00896515722698392,0.0127557606477489,concave
2.54716685645385,0.00904893476651497,0.01286993277393,concave
2.55503020144174,0.00913328361436701,0.0129848341815774,concave
2.5629113471664,0.00921820586236858,0.0131004671442015,concave
2.57081031898413,0.00930370359827382,0.0132168339277146,concave
2.57872714226489,0.00938977890570038,0.0133339367903627,concave
2.58666184239222,0.00947643386406892,0.0134517779826602,concave
2.59461444476328,0.00956367054854108,0.0135703597473226,concave
2.60258497478885,0.00965149102995992,0.0136896843192029,concave
2.61057345789329,0.0097398973747882,0.013809753925224,concave
2.6185799195145,0.00982889164504902,0.0139305707843162,concave
2.62660438510403,0.00991847589826554,0.0140521371073519,concave
2.63464688012692,0.0100086521874013,0.0141744550970823,concave
2.64270743006181,0.0100994225608015,0.0142975269480747,concave
2.65078606040086,0.010190789062133,0.0144213548466492,concave
2.65888279664979,0.0102827537303268,0.014545940970817,concave
2.66699766432783,0.0103753185995183,0.0146712874902184,concave
2.67513068896772,0.01046848569899,0.0147973965660616,concave
2.68328189611573,0.010562257053114,0.014924270351063,concave
2.69145131133162,0.0106566346812937,0.0150519109893857,concave
2.69963896018864,0.0107516205979067,0.0151803206165803,concave
2.70784486827352,0.0108472168122489,0.0153095013595266,concave
2.71606906118648,0.0109434253284768,0.0154394553363736,concave
2.72431156454118,0.0110402481455516,0.015570184656482,concave
2.73257240396476,0.0111376872571836,0.0157016914203669,concave
2.74085160509777,0.0112357446517766,0.0158339777196402,concave
2.74914919359424,0.0113344223123718,0.0159670456369534,concave
2.75746519512161,0.0114337222165941,0.0161008972459432,concave
2.76579963536072,0.0115336463365965,0.0162355346111738,concave
2.77415254000585,0.0116341966390063,0.0163709597880834,concave
2.78252393476466,0.0117353750848711,0.0165071748229292,concave
2.79091384535823,0.011837183629605,0.0166441817527331,concave
2.79932229752099,0.0119396242229353,0.0167819826052276,concave
2.80774931700077,0.01204269880885,0.0169205793988042,concave
2.81619492955875,0.0121464093255444,0.0170599741424596,concave
2.82465916096946,0.0122507577053694,0.0172001688357441,concave
2.8331420370208,0.0123557458747794,0.0173411654687102,concave
2.841643583514,0.0124613757542813,0.0174829660218622,concave
2.85016382626362,0.0125676492583821,0.0176255724661047,concave
2.85870279109752,0.0126745682955386,0.0177689867626926,concave
2.86726050385691,0.0127821347681073,0.0179132108631833,concave
2.87583699039626,0.0128903505722931,0.0180582467093855,concave
2.88443227658338,0.0129992175981009,0.0182040962333132,concave
2.89304638829932,0.0131087377292847,0.0183507613571359,concave
2.90167935143843,0.0132189128432993,0.0184982439931326,concave
2.91033119190834,0.0133297448112514,0.0186465460436444,concave
2.9190019356299,0.0134412354978508,0.0187956694010281,concave
2.92769160853725,0.0135533867613629,0.0189456159476109,concave
2.93640023657773,0.01366620045356,0.0190963875556446,concave
2.94512784571194,0.0137796784196753,0.0192479860872614,concave
2.95387446191371,0.0138938224983551,0.0194004133944303,concave
2.96264011117004,0.014008634521612,0.0195536713189116,concave
2.97142481948117,0.0141241163147786,0.0197077616922149,concave
2.98022861286054,0.0142402696964629,0.0198626863355576,concave
2.98905151733474,0.0143570964785008,0.0200184470598207,concave
2.99789355894358,0.0144745984659122,0.0201750456655085,concave
3.00675476374002,0.014592777456856,0.0203324839427075,concave
3.01563515779017,0.014711635242585,0.0204907636710448,concave
3.0245347671733,0.0148311736074029,0.0206498866196502,concave
3.03345361798182,0.0149513943286197,0.0208098545471146,concave
3.04239173632128,0.0150722991765089,0.0209706692014528,concave
3.05134914831034,0.0151938899142639,0.0211323323200632,concave
3.0603258800808,0.0153161682979566,0.0212948456296924,concave
3.06932195777753,0.0154391360764938,0.0214582108463951,concave
3.07833740755853,0.0155627949915758,0.021622429675499,concave
3.08737225559488,0.0156871467776558,0.0217875038115682,concave
3.09642652807072,0.0158121931618977,0.0219534349383674,concave
3.10550025118328,0.0159379358641356,0.0221202247288259,concave
3.11459345114284,0.0160643765968338,0.0222878748450033,concave
3.12370615417277,0.0161915170650471,0.0224563869380564,concave
3.13283838650941,0.0163193589663796,0.0226257626482028,concave
3.14199017440222,0.0164479039909482,0.0227960036046911,concave
3.15116154411362,0.0165771538213408,0.0229671114257649,concave
3.16035252191907,0.01670711013258,0.0231390877186327,concave
3.16956313410705,0.016837774592084,0.0233119340794356,concave
3.17879340697903,0.0169691488596293,0.0234856520932166,concave
3.18804336684945,0.0171012345873131,0.023660243333889,concave
3.19731304004579,0.0172340334195169,0.023835709364208,concave
3.20660245290843,0.0173675469928685,0.0240120517357382,concave
3.21591163179076,0.017501776936208,0.024189271988828,concave
3.22524060305911,0.0176367248705499,0.0243673716525785,concave
3.23458939309276,0.0177723924090491,0.0245463522448164,concave
3.24395802828392,0.0179087811569654,0.0247262152720667,concave
3.25334653503775,0.0180458927116282,0.0249069622295246,concave
3.26275493977229,0.0181837286624036,0.0250885946010304,concave
3.27218326891854,0.0183222905906593,0.0252711138590426,concave
3.28163154892036,0.0184615800697312,0.0254545214646117,concave
3.29109980623452,0.0186015986648906,0.0256388188673565,concave
3.30058806733067,0.018742347933312,0.0258240075054397,concave
3.31009635869135,0.0188838294240394,0.0260100888055423,concave
3.31962470681194,0.0190260446779552,0.0261970641828413,concave
3.3291731382007,0.0191689952277483,0.0263849350409867,concave
3.33874167937873,0.0193126825978831,0.0265737027720784,concave
3.34833035687996,0.0194571083045685,0.0267633687566447,concave
3.35793919725116,0.019602273855727,0.0269539343636203,concave
3.36756822705193,0.0197481807509652,0.0271454009503256,concave
3.37721747285468,0.0198948304815443,0.0273377698624465,concave
3.3868869612446,0.0200422245303495,0.0275310424340134,concave
3.39657671881972,0.0201903643718625,0.0277252199873822,concave
3.4062867721908,0.0203392514721322,0.0279203038332159,concave
3.41601714798143,0.0204888872887466,0.0281162952704649,concave
3.42576787282794,0.0206392732708046,0.0283131955863492,concave
3.43553897337943,0.0207904108588896,0.0285110060563415,concave
3.44533047629775,0.0209423014850412,0.0287097279441492,concave
3.45514240825747,0.0210949465727292,0.0289093625016977,concave
3.46497479594595,0.0212483475368275,0.0291099109691159,concave
3.47482766606322,0.0214025057835877,0.0293113745747183,concave
3.48470104532203,0.0215574227106133,0.0295137545349909,concave
3.49459496044788,0.0217130997068351,0.0297170520545762,concave
3.50450943817892,0.021869538152487,0.0299212683262602,concave
3.51444450526602,0.0220267394190792,0.0301264045309559,concave
3.5244001884727,0.0221847048693766,0.0303324618376922,concave
3.5343765145752,0.0223434358573749,0.0305394414036017,concave
3.54437351036237,0.0225029337282751,0.0307473443739051,concave
3.55439120263574,0.0226631998184634,0.0309561718819026,concave
3.5644296182095,0.0228242354554864,0.0311659250489609,concave
3.57448878391043,0.02298604195803,0.0313766049845017,concave
3.584568726578,0.023148620635898,0.0315882127859932,concave
3.59466947306423,0.0233119727899894,0.031800749538938,concave
3.60479105023382,0.0234760997122781,0.0320142163168641,concave
3.61493348496402,0.0236410026857921,0.0322286141813165,concave
3.62509680414467,0.0238066829845927,0.0324439441818469,concave
3.63528103467825,0.0239731418737559,0.0326602073560081,concave
3.64548620347974,0.0241403806093503,0.0328774047293424,concave
3.65571233747675,0.0243084004384207,0.0330955373153786,concave
3.6659594636094,0.0244772025989669,0.0333146061156207,concave
3.67622760883039,0.024646788319927,0.0335346121195459,concave
3.68651680010495,0.0248171588211576,0.0337555563045945,concave
3.69682706441083,0.0249883153134168,0.0339774396361667,concave
3.7071584287383,0.0251602589983471,0.0342002630676166,concave
3.71751092009017,0.0253329910684582,0.0344240275402489,concave
3.72788456548173,0.025506512707109,0.0346487339833115,concave
3.73827939194077,0.0256808250884935,0.0348743833139955,concave
3.74869542650757,0.0258559293776228,0.0351009764374286,concave
3.75913269623489,0.0260318267303105,0.0353285142466741,concave
3.76959122818796,0.026208518293157,0.0355569976227273,concave
3.78007104944446,0.0263860052035351,0.0357864274345142,concave
3.79057218709453,0.0265642885895744,0.0360168045388882,concave
3.80109466824074,0.0267433695701481,0.0362481297806305,concave
3.81163851999812,0.0269232492548592,0.0364804039924494,concave
3.8222037694941,0.0271039287440254,0.0367136279949774,concave
3.83279044386855,0.0272854091286679,0.036947802596774,concave
3.84339857027372,0.0274676914904977,0.0371829285943243,concave
3.85402817587428,0.0276507769019027,0.0374190067720403,concave
3.86467928784727,0.027834666425936,0.0376560379022617,concave
3.87535193338214,0.0280193611163043,0.0378940227452583,concave
3.88604613968069,0.0282048620173564,0.0381329620492313,concave
3.89676193395709,0.0283911701640716,0.0383728565503154,concave
3.90749934343788,0.0285782865820498,0.038613706972583,concave
3.91825839536191,0.0287662122875001,0.0388555140280456,concave
3.9290391169804,0.0289549482872312,0.0390982784166578,concave
3.93984153555689,0.029144495578642,0.0393420008263224,concave
3.95066567836723,0.029334855149711,0.0395866819328927,concave
3.9615115726996,0.0295260279789897,0.0398323224001804,concave
3.97237924585447,0.0297180150355907,0.0400789228799569,concave
3.9832687251446,0.0299108172791813,0.0403264840119611,concave
3.99418003789504,0.0301044356599753,0.0405750064239052,concave
4.00511321144312,0.030298871118724,0.0408244907314795,concave
4.01606827313844,0.0304941245867112,0.0410749375383616,concave
4.02704525034285,0.0306901969857432,0.0413263474362205,concave
4.03804417043045,0.030887089228144,0.0415787210047255,concave
4.04906506078758,0.0310848022167482,0.0418320588115539,concave
4.06010794881283,0.031283336844896,0.0420863614123998,concave
4.071172861917,0.0314826939964247,0.0423416293509799,concave
4.08225982752309,0.0316828745456659,0.0425978631590448,concave
4.09336887306633,0.0318838793574399,0.0428550633563883,concave
4.10450002599415,0.0320857092870492,0.0431132304508546,concave
4.11565331376614,0.0322883651802764,0.0433723649383513,concave
4.12682876385411,0.032491847873378,0.0436324673028564,concave
4.13802640374201,0.0326961581930818,0.0438935380164321,concave
4.14924626092596,0.0329012969565821,0.0441555775392323,concave
4.16048836291424,0.033107264971538,0.0444185863195172,concave
4.17175273722727,0.0333140630360694,0.0446825647936631,concave
4.18303941139761,0.0335216919387543,0.0449475133861742,concave
4.19434841296995,0.0337301524586272,0.0452134325096958,concave
4.20567976950109,0.0339394453651764,0.0454803225650265,concave
4.21703350855995,0.034149571418343,0.0457481839411315,concave
4.22840965772754,0.0343605313685182,0.0460170170151548,concave
4.23980824459697,0.0345723259565437,0.0462868221524343,concave
4.25122929677344,0.0347849559137097,0.0465575997065145,concave
4.26267284187423,0.0349984219617556,0.0468293500191624,concave
4.27413890752865,0.0352127248128681,0.0471020734203795,concave
4.28562752137812,0.0354278651696832,0.0473757702284198,concave
4.29713871107606,0.0356438437252847,0.047650440749802,concave
4.30867250428799,0.0358606611632071,0.0479260852793287,concave
4.3202289286914,0.0360783181574337,0.0482027041000977,concave
4.33180801197583,0.0362968153723999,0.0484802974835215,concave
4.34340978184284,0.036516153462995,0.0487588656893436,concave
4.35503426600599,0.0367363330745619,0.049038408965653,concave
4.36668149219085,0.0369573548429021,0.0493189275489048,concave
4.37835148813494,0.0371792193942748,0.0496004216639332,concave
4.3900442815878,0.0374019273454022,0.0498828915239729,concave
4.40175990031093,0.037625479303472,0.0501663373306762,concave
4.41349837207779,0.037849875866139,0.0504507592741293,concave
4.42525972467379,0.038075117621531,0.0507361575328739,concave
4.43704398589628,0.03830120514825,0.0510225322739229,concave
4.44885118355456,0.0385281390153786,0.0513098836527821,concave
4.46068134546985,0.0387559197824831,0.0515982118134683,concave
4.47253449947531,0.0389845479996183,0.0518875168885298,concave
4.48441067341597,0.0392140242073319,0.0521777989990645,concave
4.49630989514878,0.0394443489366708,0.052469058254743,concave
4.50823219254259,0.0396755227091852,0.052761294753826,concave
4.52017759347815,0.0399075460369357,0.0530545085831887,concave
4.53214612584804,0.0401404194224975,0.053348699818338,concave
4.54413781755675,0.0403741433589682,0.053643868523437,concave
4.5561526965206,0.0406087183299734,0.0539400147513246,concave
4.56819079066777,0.0408441448096725,0.0542371385435372,concave
4.58025212793828,0.0410804232627679,0.0545352399303327,concave
4.592336736284,0.0413175541445112,0.0548343189307122,concave
4.60444464366859,0.0415555379007096,0.0551343755524409,concave
4.61657587806755,0.0417943749677345,0.0554354097920725,concave
4.62873046746818,0.0420340657725301,0.0557374216349725,concave
4.64090843986957,0.0422746107326208,0.056040411055341,concave
4.6531098232826,0.0425160102561194,0.056344378016236,concave
4.66533464572995,0.0427582647417371,0.0566493224695987,concave
4.67758293524605,0.0430013745787909,0.0569552443562753,concave
4.6898547198771,0.0432453401472137,0.0572621436060435,concave
4.70215002768104,0.0434901618175635,0.0575700201376353,concave
4.7144688867276,0.0437358399510333,0.0578788738587637,concave
4.72681132509819,0.0439823748994607,0.0581887046661459,concave
4.73917737088599,0.0442297670053383,0.05849951244553,concave
4.75156705219588,0.0444780166018234,0.0588112970717186,concave
4.76398039714446,0.0447271240127502,0.0591240584085975,concave
4.77641743386001,0.0449770895526381,0.059437796309158,concave
4.78887819048255,0.0452279135267061,0.0597525106155269,concave
4.80136269516375,0.0454795962308807,0.0600682011589892,concave
4.81387097606695,0.0457321379518093,0.0603848677600165,concave
4.82640306136719,0.0459855389668724,0.0607025102282952,concave
4.83895897925114,0.0462397995441941,0.0610211283627502,concave
4.85153875791713,0.0464949199426551,0.0613407219515749,concave
4.86414242557515,0.0467509004119052,0.0616612907722575,concave
4.87677001044678,0.0470077411923747,0.0619828345916074,concave
4.88942154076529,0.0472654425152899,0.0623053531657866,concave
4.90209704477549,0.0475240046026829,0.0626288462403333,concave
4.91479655073386,0.0477834276674075,0.0629533135501937,concave
4.92752008690844,0.0480437119131509,0.0632787548197482,concave
4.9402676815789,0.0483048575344488,0.0636051697628414,concave
4.95303936303643,0.0485668647166979,0.0639325580828095,concave
4.96583515958386,0.0488297336361711,0.0642609194725109,concave
4.97865509953554,0.0490934644600311,0.0645902536143537,concave
4.99149921121739,0.0493580573463453,0.0649205601803265,concave
5.00436752296688,0.0496235124441005,0.0652518388320272,concave
5.01726006313302,0.0498898298932174,0.0655840892206923,concave
5.03017686007634,0.0501570098245659,0.0659173109872278,concave
5.0431179421689,0.0504250523599809,0.0662515037622387,concave
5.05608333779427,0.0506939576122769,0.0665866671660593,concave
5.06907307534752,0.0509637256852645,0.0669228008087836,concave
5.08208718323522,0.0512343566737654,0.0672599042902955,concave
5.09512568987543,0.0515058506636289,0.0675979772003,concave
5.10818862369768,0.0517782077317487,0.0679370191183545,concave
5.12127601314298,0.0520514279460785,0.0682770296138988,concave
5.13438788666379,0.0523255113656493,0.0686180082462879,concave
5.14752427272403,0.0526004580405848,0.0689599545648206,concave
5.16068519979907,0.0528762680121205,0.0693028681087741,concave
5.17387069637569,0.0531529413126191,0.0696467484074342,concave
5.18708079095213,0.0534304779655888,0.0699915949801271,concave
5.20031551203803,0.0537088779857007,0.0703374073362523,concave
5.21357488815444,0.0539881413788051,0.0706841849753125,concave
5.2268589478338,0.0542682681419515,0.0710319273869483,concave
5.24016771961997,0.0545492582634061,0.0713806340509708,concave
5.25350123206819,0.0548311117226688,0.0717303044373917,concave
5.26685951374504,0.0551138284904922,0.0720809380064577,concave
5.28024259322851,0.0553974085289007,0.0724325342086833,concave
5.29365049910792,0.0556818517912086,0.0727850924848835,concave
5.30708325998394,0.0559671582220385,0.0731386122662059,concave
5.32054090446861,0.0562533277573424,0.0734930929741671,concave
5.33402346118527,0.0565403603244178,0.073848534020682,concave
5.3475309587686,0.0568282558419298,0.0742049348081001,concave
5.36106342586459,0.0571170142199287,0.0745622947292379,concave
5.37462089113053,0.0574066353598703,0.0749206131674124,concave
5.38820338323503,0.057697119154637,0.0752798894964773,concave
5.40181093085796,0.0579884654885549,0.0756401230808528,concave
5.4154435626905,0.0582806742374164,0.0760013132755636,concave
5.42910130743509,0.0585737452685002,0.0763634594262717,concave
5.44278419380543,0.05886767844059,0.0767265608693096,concave
5.45649225052645,0.0591624736039963,0.0770906169317159,concave
5.47022550633439,0.0594581306005781,0.0774556269312707,concave
5.48398398997668,0.0597546492637611,0.077821590176528,concave
5.49776773021199,0.060052029418561,0.0781885059668518,concave
5.51157675581022,0.0603502708816043,0.0785563735924522,concave
5.52541109555246,0.0606493734611473,0.0789251923344163,concave
5.53927077823105,0.0609493369571005,0.0792949614647475,concave
5.55315583264946,0.0612501611610494,0.0796656802463999,concave
5.56706628762241,0.0615518458562744,0.0800373479333113,concave
5.58100217197574,0.0618543908177741,0.0804099637704397,concave
5.59496351454652,0.0621577958122876,0.0807835269938003,concave
5.60895034418295,0.0624620605983154,0.081158036830499,concave
5.62296268974436,0.0627671849261417,0.0815334924987677,concave
5.63700058010126,0.0630731685378572,0.0819098932080018,concave
5.65106404413528,0.0633800111673825,0.0822872381587962,concave
5.6651531107392,0.0636877125404881,0.0826655265429782,concave
5.67926780881686,0.0639962723748189,0.083044757543646,concave
5.69340816728329,0.0643056903799175,0.0834249303352049,concave
5.70757421506456,0.0646159662572453,0.0838060440834016,concave
5.72176598109785,0.0649270997002067,0.0841880979453616,concave
5.73598349433143,0.0652390903941716,0.0845710910696247,concave
5.75022678372466,0.0655519380165001,0.0849550225961828,concave
5.76449587824792,0.0658656422365641,0.0853398916565147,concave
5.77879080688271,0.0661802027157717,0.0857256973736229,concave
5.79311159862153,0.0664956191075901,0.0861124388620704,concave
5.80745828246795,0.0668118910575708,0.0865001152280178,concave
5.82183088743656,0.0671290182033714,0.0868887255692585,concave
5.83622944255298,0.0674470001747814,0.087278268975257,concave
5.85065397685385,0.067765836593745,0.0876687445271851,concave
5.86510451938681,0.0680855270743855,0.0880601512979581,concave
5.8795810992105,0.0684060712230294,0.0884524883522717,concave
5.89408374539456,0.0687274686382313,0.0888457547466408,concave
5.90861248701958,0.0690497189107972,0.0892399495294333,concave
5.9231673531772,0.0693728216238119,0.0896350717409121,concave
5.93774837296992,0.0696967763526584,0.0900311204132652,concave
5.95235557551129,0.0700215826650479,0.0904280945706494,concave
5.96698898992574,0.0703472401210413,0.0908259932292237,concave
5.98164864534868,0.0706737482730756,0.0912248153971879,concave
5.99633457092644,0.0710011066659883,0.0916245600748197,concave
6.01104679581628,0.0713293148370431,0.0920252262545124,concave
6.02578534918634,0.0716583723159534,0.0924268129208105,concave
6.04055026021571,0.0719882786249098,0.0928293190504497,concave
6.05534155809436,0.0723190332786037,0.0932327436123924,concave
6.07015927202313,0.0726506357842537,0.0936370855678662,concave
6.08500343121378,0.0729830856416309,0.0940423438704012,concave
6.09987406488891,0.073316382343084,0.094448517465867,concave
6.11477120228199,0.0736505253735653,0.0948556052925109,concave
6.12969487263732,0.0739855142106558,0.0952636062809945,concave
6.14464510521012,0.0743213483245932,0.0956725193544338,concave
6.15962192926638,0.0746580271782948,0.0960823434284339,concave
6.17462537408292,0.074995550227385,0.096493077411128,concave
6.18965546894743,0.0753339169202216,0.0969047202032155,concave
6.20471224315836,0.0756731266979213,0.0973172706979992,concave
6.219795726025,0.0760131789943862,0.0977307277814232,concave
6.2349059468674,0.0763540732363295,0.0981450903321105,concave
6.25004293501644,0.0766958088433026,0.0985603572214014,concave
6.26520671981375,0.0770383852277211,0.0989765273133903,concave
6.28039733061173,0.0773818017948904,0.0993935994649637,concave
6.29561479677355,0.0777260579430342,0.09981157252584,concave
6.31085914767313,0.0780711530633192,0.100230445338604,concave
6.32613041269513,0.0784170865398826,0.100650216738748,concave
6.34142862123495,0.078763857749858,0.101070885554707,concave
6.35675380269872,0.0791114660634032,0.101492450607897,concave
6.37210598650329,0.0794599108437277,0.101914910712758,concave
6.38748520207621,0.0798091914471159,0.102338264676782,concave
6.40289147885574,0.0801593072229586,0.10276251130056,concave
6.41832484629084,0.0805102575137777,0.103187649377816,concave
6.43378533384114,0.0808620416552518,0.103613677695443,concave
6.44927297097695,0.081214658976247,0.104040595033546,concave
6.46478778717926,0.0815681087988406,0.104468400165476,concave
6.4803298119397,0.0819223904383495,0.104897091857869,concave
6.49589907476058,0.0822775032033587,0.105326668870684,concave
6.51149560515483,0.0826334463957461,0.105757129957241,concave
6.52711943264601,0.0829902193107116,0.106188473864257,concave
6.54277058676834,0.0833478212368048,0.106620699331889,concave
6.5584490970666,0.0837062514559495,0.107053805093765,concave
6.57415499309624,0.0840655092434752,0.107487789877027,concave
6.58988830442328,0.0844255938681419,0.107922652402368,concave
6.60564906062432,0.0847865045921683,0.108358391384067,concave
6.62143729128658,0.0851482406712594,0.108795005530031,concave
6.6372530260078,0.0855108013546334,0.109232493541828,concave
6.65309629439637,0.0858741858850518,0.109670854114731,concave
6.66896712607114,0.0862383934988432,0.110110085937749,concave
6.6848655506616,0.086603423425935,0.11055018769367,concave
6.70079159780771,0.086969274889878,0.110991158059096,concave
6.71674529716002,0.0873359471078764,0.111432995704482,concave
6.73272667837956,0.0877034392908134,0.111875699294173,concave
6.74873577113789,0.0880717506432818,0.112319267486443,concave
6.7647726051171,0.0884408803636088,0.112763698933528,concave
6.78083721000975,0.0888108276438872,0.113208992281672,concave
6.79692961551892,0.0891815916700008,0.113655146171159,concave
6.81304985135813,0.0895531716216518,0.114102159236346,concave
6.82919794725141,0.0899255666723926,0.114550030105714,concave
6.84537393293324,0.0902987759896501,0.114998757401893,concave
6.86157783814858,0.0906727987347539,0.115448339741703,concave
6.8778096926528,0.0910476340629673,0.115898775736196,concave
6.89406952621174,0.0914232811235124,0.116350063990689,concave
6.91035736860166,0.091799739059599,0.1168022031048,concave
6.92667324960925,0.0921770070084542,0.117255191672492,concave
6.94301719903161,0.0925550841013472,0.117709028282101,concave
6.95938924667625,0.0929339694636221,0.118163711516383,concave
6.97578942236105,0.0933136622147206,0.118619239952543,concave
6.99221775591436,0.0936941614682159,0.119075612162281,concave
7.00867427717481,0.0940754663318353,0.119532826711817,concave
7.02515901599147,0.0944575759074934,0.119990882161943,concave
7.04167200222376,0.0948404892913167,0.120449777068046,concave
7.05821326574144,0.0952242055736736,0.120909509980155,concave
7.07478283642464,0.0956087238392015,0.121370079442973,concave
7.09138074416381,0.0959940431668368,0.121831483995917,concave
7.10800701885974,0.0963801626298416,0.122293722173153,concave
7.12466169042355,0.0967670812958318,0.122756792503631,concave
7.14134478877666,0.0971547982268069,0.123220693511128,concave
7.15805634385081,0.0975433124791766,0.123685423714279,concave
7.17479638558803,0.0979326231037909,0.124150981626615,concave
7.19156494394062,0.0983227291459655,0.124617365756602,concave
7.2083620488712,0.0987136296455133,0.125084574607675,concave
7.22518773035265,0.0991053236367715,0.125552606678277,concave
7.24204201836809,0.099497810148629,0.126021460461895,concave
7.2589249429109,0.0998910882045541,0.126491134447091,concave
7.27583653398473,0.100285156822627,0.126961627117549,concave
7.29277682160348,0.100680015015562,0.127432936952104,concave
7.30974583579121,0.10107566179074,0.127905062424778,concave
7.3267436065823,0.101472096150237,0.128378002004821,concave
7.34377016402125,0.10186931709085,0.128851754156742,concave
7.36082553816284,0.102267323604125,0.129326317340351,concave
7.377909759072,0.102666114676389,0.12980169001079,concave
7.39502285682386,0.103065689288773,0.130277870618569,concave
7.41216486150374,0.103466046417245,0.130754857609607,concave
7.42933580320713,0.103867185032637,0.131232649425265,concave
7.44653571203968,0.104269104100671,0.131711244502379,concave
7.46376461811717,0.104671802581987,0.132190641273301,concave
7.48102255156558,0.105075279432178,0.132670838165931,concave
7.49830954252097,0.105479533601808,0.133151833603756,concave
7.51562562112958,0.105884564036449,0.13363362600588,concave
7.53297081754775,0.106290369676704,0.134116213787068,concave
7.5503451619419,0.106696949458235,0.134599595357773,concave
7.56774868448864,0.107104302311797,0.135083769124178,concave
7.58518141537458,0.107512427163258,0.135568733488226,concave
7.60264338479649,0.107921322933633,0.136054486847659,concave
7.62013462296117,0.108330988539109,0.136541027596053,concave
7.63765516008551,0.108741422891076,0.137028354122851,concave
7.6552050263965,0.109152624896153,0.137516464813401,concave
7.67278425213111,0.109564593456213,0.138005358048988,concave
7.69039286753641,0.10997732746842,0.13849503220687,concave
7.70803090286951,0.110390825825247,0.138985485660316,concave
7.72569838839752,0.11080508741451,0.139476716778636,concave
7.74339535439759,0.111220111119394,0.139968723927217,concave
7.76112183115687,0.111635895818482,0.14046150546756,concave
7.77887784897254,0.112052440385782,0.140955059757315,concave
7.79666343815172,0.112469743690753,0.141449385150309,concave
7.8144786290116,0.11288780459834,0.141944479996591,concave
7.83232345187928,0.113306621968991,0.142440342642455,concave
7.85019793709188,0.113726194658693,0.142936971430483,concave
7.86810211499644,0.114146521519,0.143434364699575,concave
7.88603601594997,0.114567601397053,0.143932520784985,concave
7.90399967031945,0.114989433135618,0.144431438018354,concave
7.92199310848176,0.115412015573106,0.144931114727744,concave
7.94001636082375,0.115835347543603,0.145431549237672,concave
7.95806945774214,0.116259427876898,0.145932739869145,concave
7.97615242964362,0.116684255398513,0.146434684939692,concave
7.99426530694473,0.117109828929726,0.1469373827634,concave
8.01240812007195,0.117536147287602,0.147440831650942,concave
8.03058089946163,0.117963209285017,0.147945029909621,concave
8.04878367555999,0.11839101373069,0.148449975843391,concave
8.06701647882313,0.118819559429207,0.148955667752899,concave
8.08527933971703,0.119248845181051,0.149462103935518,concave
8.10357228871749,0.119678869782628,0.149969282685373,concave
8.12189535631017,0.120109632026292,0.150477202293384,concave
8.1402485729906,0.120541130700377,0.15098586104729,concave
8.15863196926408,0.120973364589222,0.151495257231687,concave
8.17704557564579,0.121406332473197,0.152005389128062,concave
8.19548942266068,0.121840033128733,0.152516255014822,concave
8.21396354084352,0.122274465328346,0.153027853167327,concave
8.23246796073888,0.122709627840668,0.153540181857926,concave
8.25100271290113,0.123145519430469,0.154053239355986,concave
8.26956782789437,0.123582138858689,0.154567023927926,concave
8.28816333629253,0.124019484882463,0.155081533837251,concave
8.30678926867929,0.124457556255148,0.15559676734458,concave
8.32544565564805,0.124896351726347,0.15611272270768,concave
8.34413252780199,0.125335870041945,0.156629398181504,concave
8.36284991575401,0.125776109944122,0.15714679201821,concave
8.38159785012677,0.126217070171394,0.157664902467206,concave
8.40037636155259,0.126658749458628,0.158183727775174,concave
8.4191854806736,0.12710114653708,0.158703266186106,concave
8.43802523814153,0.127544260134408,0.159223515941331,concave
8.45689566461788,0.127988088974713,0.159744475279551,concave
8.4757967907738,0.128432631778556,0.160266142436871,concave
8.49472864729015,0.128877887262986,0.160788515646828,concave
8.51369126485742,0.129323854141571,0.161311593140427,concave
8.53268467417581,0.12977053112442,0.161835373146168,concave
8.55170890595515,0.13021791691821,0.162359853890078,concave
8.57076399091491,0.130666010226214,0.162885033595744,concave
8.58984995978423,0.131114809748325,0.16341091048434,concave
8.60896684330184,0.131564314181087,0.163937482774664,concave
8.62811467221612,0.132014522217714,0.164464748683161,concave
8.64729347728507,0.132465432548123,0.164992706423961,concave
8.66650328927626,0.132917043858956,0.165521354208904,concave
8.68574413896688,0.133369354833607,0.166050690247572,concave
8.70501605714372,0.13382236415225,0.166580712747323,concave
8.72431907460314,0.134276070491859,0.167111419913313,concave
8.74365322215106,0.134730472526243,0.167642809948537,concave
8.76301853060298,0.135185568926065,0.168174881053849,concave
8.78241503078395,0.13564135835887,0.168707631427997,concave
8.80184275352857,0.13609783948911,0.169241059267654,concave
8.821301729681,0.136555010978172,0.169775162767444,concave
8.84079199009485,0.137012871484398,0.170309940119973,concave
8.86031356563338,0.137471419663121,0.170845389515863,concave
8.87986648716924,0.137930654166677,0.171381509143772,concave
8.8994507855847,0.138390573644443,0.171918297190433,concave
8.91906649177143,0.138851176742855,0.172455751840677,concave
8.93871363663063,0.139312462105435,0.172993871277465,concave
8.95839225107301,0.139774428372817,0.173532653681918,concave
8.9781023660187,0.140237074182773,0.17407209723334,concave
8.99784401239735,0.140700398170235,0.174612200109258,concave
9.01761722114799,0.141164398967325,0.175152960485439,concave
9.0374220232192,0.141629075203376,0.175694376535924,concave
9.05725844956892,0.142094425504959,0.176236446433059,concave
9.07712653116455,0.142560448495907,0.176779168347519,concave
9.0970262989829,0.143027142797339,0.177322540448339,concave
9.11695778401023,0.143494507027691,0.177866560902941,concave
9.13692101724217,0.143962539802732,0.178411227877163,concave
9.15691602968377,0.144431239735594,0.178956539535287,concave
9.17694285234948,0.144900605436795,0.179502494040067,concave
9.19700151626308,0.145370635514266,0.180049089552756,concave
9.2170920524578,0.145841328573372,0.180596324233136,concave
9.23721449197618,0.146312683216939,0.181144196239542,concave
9.25736886587013,0.146784698045278,0.181692703728894,concave
9.27755520520093,0.147257371656207,0.18224184485672,concave
9.29777354103917,0.147730702645081,0.182791617777188,concave
9.31802390446482,0.148204689604812,0.18334202064313,concave
9.33830632656709,0.148679331125891,0.18389305160607,concave
9.35862083844462,0.149154625796419,0.184444708816253,concave
9.37896747120528,0.149630572202124,0.184996990422667,concave
9.39934625596625,0.15010716892639,0.185549894573076,concave
9.41975722385399,0.150584414550279,0.186103419414042,concave
9.44020040600433,0.151062307652555,0.186657563090956,concave
9.46067583356226,0.151540846809708,0.18721232374806,concave
9.48118353768211,0.152020030595977,0.187767699528477,concave
9.50172354952744,0.152499857583376,0.188323688574235,concave
9.52229590027107,0.152980326341715,0.188880289026296,concave
9.54290062109506,0.153461435438625,0.189437499024579,concave
9.5635377431907,0.153943183439579,0.189995316707988,concave
9.58420729775853,0.154425568907923,0.19055374021444,concave
9.60490931600827,0.154908590404888,0.191112767680884,concave
9.6256438291589,0.155392246489624,0.191672397243334,concave
9.64641086843853,0.155876535719215,0.192232627036893,concave
9.66721046508453,0.156361456648709,0.192793455195776,concave
9.68804265034343,0.156847007831136,0.193354879853336,concave
9.70890745547093,0.157333187817534,0.193916899142093,concave
9.72980491173192,0.15781999515697,0.194479511193755,concave
9.75073505040041,0.158307428396564,0.195042714139243,concave
9.77169790275961,0.158795486081513,0.195606506108722,concave
9.79269350010185,0.159284166755114,0.19617088523162,concave
9.81372187372859,0.15977346895878,0.196735849636652,concave
9.83478305495044,0.160263391232073,0.197301397451852,concave
9.85587707508712,0.160753932112721,0.19786752680459,concave
9.87700396546742,0.161245090136638,0.1984342358216,concave
9.89816375742932,0.161736863837955,0.199001522629005,concave
9.91935648231981,0.162229251749031,0.199569385352339,concave
9.94058217149501,0.162722252400486,0.200137822116575,concave
9.96184085632013,0.163215864321218,0.200706831046145,concave
9.98313256816941,0.163710086038422,0.201276410264965,concave
10.0044573384262,0.164204916077621,0.201846557896463,concave
10.0258151984828,0.164700352962679,0.202417272063595,concave
10.0472061797408,0.165196395215831,0.202988550888878,concave
10.0686303136105,0.165693041357697,0.203560392494407,concave
10.0900876315114,0.166190289907311,0.204132795001879,concave
10.1115781648721,0.166688139382138,0.204705756532621,concave
10.1331019451301,0.167186588298096,0.205279275207606,concave
10.1546590037319,0.167685635169583,0.205853349147486,concave
10.176249372133,0.168185278509489,0.206427976472604,concave
10.197873081798,0.168685516829228,0.207003155303027,concave
10.2195301642003,0.169186348638752,0.207578883758562,concave
10.2412206508225,0.169687772446576,0.208155159958783,concave
10.2629445731559,0.170189786759796,0.20873198202305,concave
10.2847019627009,0.170692390084115,0.209309348070536,concave
10.3064928509669,0.171195580923861,0.209887256220245,concave
10.3283172694722,0.171699357782007,0.210465704591037,concave
10.3501752497439,0.172203719160195,0.211044691301652,concave
10.3720668233182,0.172708663558755,0.211624214470727,concave
10.3939920217402,0.173214189476727,0.212204272216823,concave
10.4159508765637,0.173720295411882,0.212784862658446,concave
10.4379434193517,0.17422697986074,0.213365983914066,concave
10.4599696816758,0.174734241318594,0.213947634102142,concave
10.4820296951168,0.175242078279529,0.214529811341141,concave
10.504123491264,0.175750489236445,0.215112513749566,concave
10.526251101716,0.17625947268107,0.215695739445966,concave
10.5484125580798,0.176769027103992,0.21627948654897,concave
10.5706078919715,0.177279150994667,0.216863753177296,concave
10.5928371350162,0.177789842841451,0.217448537449786,concave
10.6151003188474,0.17830110113161,0.218033837485413,concave
10.6373974751078,0.178812924351346,0.218619651403313,concave
10.6597286354489,0.179325310985816,0.219205977322799,concave
10.6820938315307,0.179838259519151,0.219792813363387,concave
10.7044930950222,0.180351768434476,0.22038015764481,concave
10.7269264576014,0.180865836213931,0.220968008287047,concave
10.7493939509547,0.181380461338689,0.221556363410334,concave
10.7718956067775,0.181895642288979,0.222145221135196,concave
10.794431456774,0.182411377544099,0.222734579582455,concave
10.8170015326569,0.182927665582443,0.223324436873258,concave
10.839605866148,0.183444504881518,0.223914791129096,concave
10.8622444889776,0.183961893917958,0.22450564047182,concave
10.8849174328849,0.184479831167552,0.225096983023669,concave
10.9076247296176,0.184998315105258,0.225688816907279,concave
10.9303664109324,0.185517344205224,0.226281140245713,concave
10.9531425085945,0.186036916940804,0.226873951162474,concave
10.9759530543778,0.186557031784582,0.227467247781524,concave
10.9987980800652,0.187077687208388,0.228061028227312,concave
11.0216776174478,0.187598881683315,0.228655290624781,concave
11.0445916983258,0.188120613679742,0.229250033099397,concave
11.0675403545079,0.188642881667352,0.229845253777163,concave
11.0905236178114,0.189165684115147,0.230440950784641,concave
11.1135415200624,0.18968901949147,0.231037122248967,concave
11.1365940930956,0.190212886264022,0.231633766297873,concave
11.1596813687541,0.190737282899883,0.232230881059705,concave
11.1828033788901,0.191262207865527,0.232828464663444,concave
11.205960155364,0.191787659626841,0.233426515238718,concave
11.229151730045,0.192313636649145,0.234025030915827,concave
11.252378134811,0.192840137397209,0.234624009825758,concave
11.2756394015482,0.193367160335272,0.235223450100203,concave
11.2989355621517,0.193894703927057,0.23582334987158,concave
11.322266648525,0.194422766635794,0.236423707273047,concave
11.3456326925803,0.194951346924232,0.237024520438523,concave
11.3690337262382,0.195480443254661,0.237625787502706,concave
11.3924697814279,0.196010054088931,0.238227506601088,concave
11.4159408900873,0.196540177888464,0.238829675869975,concave
11.4394470841628,0.197070813114276,0.239432293446503,concave
11.4629883956091,0.197601958226993,0.240035357468658,concave
11.4865648563897,0.19813361168687,0.24063886607529,concave
11.5101764984765,0.198665771953805,0.241242817406132,concave
11.5338233538499,0.199198437487361,0.241847209601818,concave
11.5575054544989,0.199731606746779,0.242452040803897,concave
11.5812228324208,0.200265278190996,0.243057309154856,concave
11.6049755196216,0.200799450278665,0.243663012798127,concave
11.6287635481155,0.201334121468169,0.244269149878116,concave
11.6525869499256,0.201869290217638,0.24487571854021,concave
11.676445757083,0.202404954984969,0.245482716930797,concave
11.7003400016276,0.202941114227836,0.246090143197283,concave
11.7242697156074,0.203477766403717,0.24669799548811,concave
11.7482349310793,0.204014909969902,0.247306271952766,concave
11.7722356801081,0.20455254338351,0.247914970741808,concave
11.7962719947675,0.205090665101513,0.248524090006876,concave
11.8203439071393,0.205629273580743,0.249133627900708,concave
11.8444514493138,0.206168367277916,0.249743582577157,concave
11.8685946533897,0.206707944649643,0.250353952191205,concave
11.892773551474,0.20724800415245,0.250964734898982,concave
11.9169881756823,0.207788544242789,0.251575928857779,concave
11.9412385581384,0.208329563377063,0.252187532226063,concave
11.9655247309744,0.20887106001163,0.252799543163496,concave
11.989846726331,0.209413032602832,0.253411959830949,concave
12.0142045763569,0.209955479606999,0.254024780390514,concave
12.0385983132096,0.210498399480474,0.254638003005524,concave
12.0630279690544,0.211041790679622,0.255251625840563,concave
12.0874935760653,0.21158565166085,0.255865647061487,concave
12.1119951664246,0.212129980880621,0.256480064835436,concave
12.1365327723226,0.212674776795469,0.257094877330845,concave
12.1611064259584,0.213220037862015,0.257710082717466,concave
12.1857161595388,0.213765762536984,0.25832567916638,concave
12.2103620052794,0.214311949277216,0.258941664850005,concave
12.2350439954037,0.214858596539685,0.259558037942123,concave
12.2597621621437,0.215405702781516,0.260174796617883,concave
12.2845165377397,0.215953266459993,0.260791939053822,concave
12.3093071544399,0.21650128603258,0.261409463427877,concave
12.3341340445011,0.217049759956934,0.262027367919398,concave
12.3589972401883,0.21759868669092,0.262645650709166,concave
12.3838967737744,0.218148064692627,0.2632643099794,concave
12.408832677541,0.218697892420379,0.263883343913779,concave
12.4338049837775,0.219248168332755,0.26450275069745,concave
12.4588137247818,0.219798890888599,0.265122528517043,concave
12.4838589328598,0.220350058547037,0.265742675560689,concave
12.5089406403255,0.220901669767491,0.266363190018024,concave
12.5340588795015,0.221453723009694,0.266984070080213,concave
12.5592136827181,0.2220062167337,0.267605313939955,concave
12.584405082314,0.222559149399908,0.268226919791502,concave
12.609633110636,0.223112519469064,0.268848885830669,concave
12.6348978000391,0.223666325402285,0.269471210254848,concave
12.6601991828864,0.224220565661066,0.270093891263021,concave
12.685537291549,0.2247752387073,0.270716927055773,concave
12.7109121584064,0.225330343003289,0.271340315835305,concave
12.736323815846,0.225885877011756,0.271964055805446,concave
12.7617722962634,0.22644183919586,0.272588145171665,concave
12.7872576320622,0.226998228019214,0.273212582141089,concave
12.8127798556542,0.227555041945892,0.273837364922505,concave
12.8383389994592,0.228112279440446,0.274462491726383,concave
12.8639350959051,0.22866993896792,0.275087960764882,concave
12.889568177428,0.229228018993861,0.275713770251866,concave
12.9152382764717,0.229786517984337,0.276339918402912,concave
12.9409454254885,0.230345434405943,0.276966403435326,concave
12.9666896569384,0.230904766725822,0.277593223568153,concave
12.9924710032895,0.231464513411671,0.278220377022188,concave
13.0182894970182,0.232024672931761,0.278847862019991,concave
13.0441451706085,0.232585243754944,0.279475676785895,concave
13.0700380565527,0.233146224350671,0.280103819546022,concave
13.095968187351,0.233707613189001,0.280732288528289,concave
13.1219355955115,0.234269408740616,0.281361081962425,concave
13.1479403135506,0.234831609476832,0.281990198079979,concave
13.1739823739922,0.235394213869613,0.282619635114331,concave
13.2000618093687,0.235957220391585,0.283249391300708,concave
13.22617865222,0.236520627516046,0.283879464876188,concave
13.2523329350943,0.237084433716979,0.284509854079717,concave
13.2785246905475,0.237648637469065,0.285140557152117,concave
13.3047539511435,0.238213237247696,0.285771572336099,concave
13.3310207494543,0.238778231528985,0.286402897876269,concave
13.3573251180596,0.239343618789782,0.287034532019148,concave
13.383667089547,0.239909397507683,0.287666473013174,concave
13.4100466965123,0.240475566161041,0.288298719108714,concave
13.4364639715589,0.241042123228983,0.288931268558079,concave
13.4629189472982,0.241609067191417,0.289564119615531,concave
13.4894116563494,0.242176396529048,0.290197270537293,concave
13.5159421313398,0.242744109723385,0.290830719581562,concave
13.5425104049043,0.243312205256757,0.291464465008517,concave
13.5691165096858,0.243880681612325,0.29209850508033,concave
13.595760478335,0.244449537274088,0.292732838061174,concave
13.6224423435105,0.245018770726902,0.293367462217238,concave
13.6491621378787,0.245588380456485,0.29400237581673,concave
13.6759198941137,0.246158364949434,0.294637577129894,concave
13.7027156448977,0.246728722693232,0.295273064429015,concave
13.7295494229204,0.247299452176263,0.29590883598843,concave
13.7564212608796,0.247870551887819,0.296544890084538,concave
13.7833311914806,0.248442020318115,0.297181224995808,concave
13.8102792474368,0.249013855958298,0.29781783900279,concave
13.837265461469,0.24958605730046,0.298454730388126,concave
13.8642898663061,0.250158622837647,0.299091897436557,concave
13.8913524946846,0.250731551063869,0.299729338434928,concave
13.9184533793489,0.251304840474115,0.300367051672209,concave
13.9455925530509,0.251878489564361,0.301005035439491,concave
13.9727700485504,0.252452496831581,0.301643288030005,concave
13.9999858986149,0.253026860773757,0.302281807739123,concave
14.0272401360197,0.253601579889891,0.302920592864374,concave
14.0545327935477,0.254176652680014,0.303559641705448,concave
14.0818639039895,0.254752077645201,0.304198952564207,concave
14.1092335001435,0.255327853287574,0.304838523744692,concave
14.1366416148158,0.255903978110317,0.305478353553132,concave
14.16408828082,0.256480450617688,0.306118440297955,concave
14.1915735309776,0.257057269315024,0.306758782289794,concave
14.2190973981175,0.257634432708757,0.307399377841493,concave
14.2466599150766,0.258211939306419,0.308040225268122,concave
14.2742611146992,0.258789787616655,0.30868132288698,concave
14.3019010298373,0.259367976149233,0.309322669017604,concave
14.3295796933506,0.259946503415051,0.309964261981776,concave
14.3572971381063,0.260525367926153,0.310606100103536,concave
14.3850533969793,0.261104568195731,0.311248181709184,concave
14.4128485028521,0.261684102738141,0.311890505127292,concave
14.4406824886148,0.262263970068912,0.31253306868871,concave
14.4685553871652,0.26284416870475,0.313175870726574,concave
14.4964672314085,0.263424697163555,0.313818909576311,concave
14.5244180542576,0.264005553964425,0.314462183575653,concave
14.5524078886329,0.264586737627669,0.31510569106464,concave
14.5804367674624,0.265168246674816,0.315749430385627,concave
14.6085047236817,0.265750079628622,0.316393399883294,concave
14.6366117902339,0.266332235013081,0.317037597904651,concave
14.6647580000696,0.266914711353435,0.317682022799046,concave
14.692943386147,0.26749750717618,0.318326672918174,concave
14.7211679814319,0.26808062100908,0.318971546616081,concave
14.7494318188973,0.268664051381172,0.319616642249175,concave
14.7777349315241,0.269247796822776,0.320261958176228,concave
14.8060773523004,0.269831855865503,0.320907492758386,concave
14.8344591142221,0.27041622704227,0.321553244359177,concave
14.8628802502922,0.271000908887299,0.322199211344515,concave
14.8913407935214,0.271585899936134,0.32284539208271,concave
14.9198407769279,0.272171198725644,0.323491784944471,concave
14.9483802335373,0.272756803794035,0.324138388302913,concave
14.9769591963827,0.27334271368086,0.324785200533567,concave
15.0055776985045,0.273928926927022,0.325432220014385,concave
15.0342357729507,0.274515442074788,0.326079445125745,concave
15.0629334527767,0.275102257667793,0.326726874250455,concave
15.0916707710451,0.275689372251052,0.327374505773766,concave
15.1204477608263,0.276276784370969,0.328022338083376,concave
15.1492644551978,0.276864492575339,0.32867036956943,concave
15.1781208872447,0.277452495413363,0.329318598624534,concave
15.2070170900593,0.278040791435654,0.329967023643758,concave
15.2359530967414,0.278629379194241,0.330615643024641,concave
15.2649289403981,0.279218257242584,0.331264455167198,concave
15.2939446541439,0.279807424135579,0.331913458473926,concave
15.3230002711008,0.280396878429563,0.33256265134981,concave
15.3520958243979,0.280986618682326,0.333212032202325,concave
15.3812313471717,0.281576643453116,0.333861599441451,concave
15.4104068725663,0.28216695130265,0.334511351479666,concave
15.4396224337327,0.282757540793119,0.335161286731963,concave
15.4688780638296,0.283348410488194,0.335811403615847,concave
15.4981737960227,0.283939558953039,0.336461700551346,concave
15.5275096634853,0.284530984754315,0.337112175961016,concave
15.5568856993977,0.285122686460187,0.337762828269939,concave
15.5863019369477,0.285714662640332,0.338413655905739,concave
15.6157584093304,0.286306911865948,0.339064657298581,concave
15.6452551497479,0.28689943270976,0.339715830881177,concave
15.6747921914098,0.287492223746027,0.34036717508879,concave
15.7043695675329,0.28808528355055,0.341018688359242,concave
15.7339873113413,0.288678610700679,0.341670369132917,concave
15.7636454560663,0.289272203775318,0.342322215852766,concave
15.7933440349463,0.289866061354939,0.342974226964313,concave
15.8230830812271,0.290460182021577,0.343626400915655,concave
15.8528626281617,0.291054564358849,0.344278736157477,concave
15.8826827090102,0.291649206951955,0.344931231143044,concave
15.9125433570399,0.292244108387685,0.345583884328216,concave
15.9424446055255,0.292839267254428,0.346236694171448,concave
15.9723864877487,0.293434682142174,0.346889659133792,concave
16.0023690369983,0.294030351642528,0.347542777678908,concave
16.0323922865705,0.294626274348711,0.348196048273062,concave
16.0624562697685,0.295222448855568,0.348849469385135,concave
16.0925610199027,0.295818873759575,0.349503039486626,concave
16.1227065702906,0.296415547658845,0.350156757051654,concave
16.152892954257,0.297012469153138,0.350810620556964,concave
16.1831202051336,0.297609636843858,0.35146462848193,concave
16.2133883562594,0.29820704933407,0.352118779308563,concave
16.2436974409803,0.298804705228503,0.352773071521511,concave
16.2740474926496,0.299402603133552,0.353427503608062,concave
16.3044385446276,0.300000741657289,0.354082074058153,concave
16.3348706302814,0.300599119409465,0.354736781364368,concave
16.3653437829856,0.301197735001523,0.355391624021947,concave
16.3958580361216,0.301796587046596,0.356046600528785,concave
16.426413423078,0.302395674159519,0.35670170938544,concave
16.4570099772504,0.302994994956829,0.357356949095133,concave
16.4876477320415,0.30359454805678,0.358012318163756,concave
16.518326720861,0.304194332079339,0.358667815099871,concave
16.5490469771256,0.304794345646198,0.359323438414714,concave
16.5798085342592,0.305394587380777,0.359979186622203,concave
16.6106114256925,0.305995055908232,0.360635058238934,concave
16.6414556848633,0.306595749855459,0.361291051784194,concave
16.6723413452164,0.307196667851099,0.361947165779955,concave
16.7032684402036,0.307797808525546,0.36260339875088,concave
16.7342370032837,0.308399170510949,0.363259749224331,concave
16.7652470679225,0.309000752441221,0.363916215730366,concave
16.7962986675928,0.309602552952045,0.364572796801745,concave
16.8273918357742,0.310204570680874,0.365229490973933,concave
16.8585266059534,0.31080680426694,0.365886296785101,concave
16.889703011624,0.311409252351262,0.366543212776133,concave
16.9209210862866,0.312011913576646,0.367200237490624,concave
16.9521808634487,0.312614786587691,0.367857369474886,concave
16.9834823766247,0.313217870030801,0.368514607277951,concave
17.0148256593358,0.313821162554178,0.369171949451571,concave
17.0462107451105,0.314424662807839,0.369829394550223,concave
17.0776376674837,0.315028369443613,0.370486941131114,concave
17.1091064599976,0.315632281115152,0.371144587754177,concave
17.1406171562011,0.316236396477928,0.371802332982078,concave
17.17216978965,0.316840714189247,0.372460175380219,concave
17.2037643939069,0.317445232908246,0.373118113516739,concave
17.2354010025414,0.318049951295905,0.373776145962516,concave
17.2670796491299,0.318654868015046,0.374434271291172,concave
17.2988003672556,0.319259981730338,0.375092488079071,concave
17.3305631905086,0.319865291108308,0.375750794905326,concave
17.3623681524859,0.320470794817337,0.376409190351798,concave
17.3942152867911,0.321076491527668,0.377067673003096,concave
17.4261046270349,0.321682379911417,0.377726241446589,concave
17.4580362068345,0.322288458642565,0.378384894272397,concave
17.4900100598141,0.322894726396974,0.379043630073398,concave
17.5220262196048,0.323501181852383,0.37970244744523,concave
17.5540847198442,0.324107823688417,0.380361344986293,concave
17.5861855941768,0.324714650586592,0.381020321297749,concave
17.618328876254,0.325321661230315,0.381679374983527,concave
17.6505145997338,0.325928854304893,0.382338504650323,concave
17.682742798281,0.326536228497532,0.382997708907601,concave
17.7150135055671,0.327143782497347,0.383656986367596,concave
17.7473267552705,0.327751514995361,0.384316335645317,concave
17.7796825810762,0.328359424684513,0.384975755358545,concave
17.8120810166758,0.328967510259658,0.385635244127837,concave
17.8445220957679,0.329575770417577,0.38629480057653,concave
17.8770058520576,0.330184203856972,0.386954423330735,concave
17.9095323192567,0.330792809278481,0.387614111019351,concave
17.942101531084,0.331401585384671,0.38827386227405,concave
17.9747135212645,0.33201053088005,0.388933675729294,concave
18.0073683235302,0.332619644471065,0.389593550022328,concave
18.0400659716196,0.333228924866111,0.390253483793181,concave
18.0728064992782,0.33383837077553,0.390913475684673,concave
18.1055899402576,0.334447980911618,0.391573524342408,concave
18.1384163283165,0.335057753988626,0.392233628414785,concave
18.17128569722,0.335667688722766,0.39289378655299,concave
18.20419808074,0.336277783832214,0.393553997411003,concave
18.2371535126549,0.336888038037111,0.394214259645598,concave
18.2701520267497,0.337498450059569,0.394874571916341,concave
18.3031936568161,0.338109018623676,0.395534932885596,concave
18.3362784366524,0.338719742455494,0.396195341218522,concave
18.3694064000633,0.339330620283069,0.396855795583076,concave
18.4025775808604,0.339941650836427,0.397516294650011,concave
18.4357920128615,0.340552832847583,0.398176837092883,concave
18.4690497298914,0.341164165050545,0.398837421588046,concave
18.502350765781,0.341775646181311,0.399498046814654,concave
18.5356951543682,0.342387274977877,0.400158711454663,concave
18.5690829294971,0.342999050180238,0.400819414192832,concave
18.6025141250184,0.343610970530394,0.401480153716724,concave
18.6359887747895,0.34422303477235,0.402140928716702,concave
18.6695069126742,0.344835241652119,0.402801737885936,concave
18.7030685725428,0.345447589917727,0.4034625799204,concave
18.7366737882721,0.346060078319215,0.404123453518875,concave
18.7703225937455,0.346672705608641,0.404784357382943,concave
18.8040150228528,0.347285470540086,0.405445290216999,concave
18.8377511094903,0.347898371869652,0.40610625072824,concave
18.8715308875607,0.348511408355468,0.406767237626672,concave
18.9053543909734,0.349124578757691,0.407428249625107,concave
18.9392216536439,0.349737881838513,0.408089285439166,concave
18.9731327094946,0.350351316362158,0.408750343787279,concave
19.0070875924539,0.350964881094887,0.409411423390683,concave
19.0410863364568,0.351578574805001,0.410072522973424,concave
19.075128975445,0.352192396262845,0.410733641262356,concave
19.1092155433662,0.352806344240806,0.411394776987144,concave
19.1433460741748,0.353420417513321,0.412055928880259,concave
19.1775206018314,0.354034614856875,0.412717095676985,concave
19.2117391603032,0.354648935050006,0.413378276115412,concave
19.2460017835636,0.355263376873307,0.414039468936441,concave
19.2803085055925,0.355877939109426,0.414700672883781,concave
19.3146593603761,0.356492620543073,0.415361886703951,concave
19.3490543819072,0.357107419961019,0.41602310914628,concave
19.3834936041846,0.357722336152099,0.416684338962904,concave
19.4179770612136,0.358337367907211,0.417345574908768,concave
19.452504787006,0.358952514019327,0.418006815741628,concave
19.4870768155798,0.359567773283485,0.418668060222047,concave
19.5216931809592,0.360183144496797,0.419329307113395,concave
19.556353917175,0.360798626458451,0.419990555181852,concave
19.5910590582639,0.36141421796971,0.420651803196404,concave
19.6258086382695,0.362029917833917,0.421313049928846,concave
19.6606026912413,0.362645724856495,0.421974294153779,concave
19.6954412512349,0.363261637844951,0.42263553464861,concave
19.7303243523128,0.363877655608876,0.423296770193554,concave
19.7652520285431,0.364493776959946,0.42395799957163,concave
19.8002243140007,0.36511000071193,0.424619221568663,concave
19.8352412427664,0.365726325680683,0.425280434973282,concave
19.8703028489275,0.366342750684154,0.425941638576921,concave
19.9054091665773,0.366959274542385,0.426602831173815,concave
19.9405602298156,0.367575896077516,0.427264011561008,concave
19.9757560727483,0.368192614113782,0.42792517853834,concave
20.0109967294874,0.368809427477518,0.428586330908455,concave
20.0462822341514,0.369426334997159,0.429247467476799,concave
20.0816126208647,0.370043335503245,0.429908587051617,concave
20.116987923758,0.370660427828415,0.430569688443954,concave
20.1524081769683,0.371277610807419,0.431230770467652,concave
20.1878734146388,0.371894883277112,0.431891831939356,concave
20.2233836709186,0.372512244076455,0.432552871678501,concave
20.2589389799633,0.373129692046522,0.433213888507322,concave
20.2945393759344,0.373747226030498,0.433874881250852,concave
20.3301848929997,0.37436484487368,0.434535848736914,concave
20.3658755653331,0.374982547423479,0.435196789796124,concave
20.4016114271147,0.375600332529424,0.435857703261895,concave
20.4373925125306,0.376218199043158,0.436518587970428,concave
20.473218855773,0.376836145818443,0.437179442760715,concave
20.5090904910405,0.377454171711162,0.437840266474539,concave
20.5450074525375,0.378072275579317,0.438501057956469,concave
20.5809697744746,0.378690456283032,0.439161816053862,concave
20.6169774910685,0.379308712684554,0.439822539616861,concave
20.653030636542,0.379927043648257,0.440483227498397,concave
20.6891292451239,0.380545448040635,0.44114387855418,concave
20.7252733510492,0.381163924730313,0.441804491642704,concave
20.7614629885588,0.381782472588042,0.442465065625245,concave
20.7976981918998,0.382401090486702,0.443125599365861,concave
20.8339789953253,0.3830197773013,0.443786091731384,concave
20.8703054330942,0.383638531908977,0.444446541591427,concave
20.906677539472,0.384257353189004,0.44510694781838,concave
20.9430953487295,0.384876240022783,0.445767309287402,concave
20.9795588951442,0.385495191293852,0.446427624876432,concave
21.016068212999,0.38611420588788,0.447087893466177,concave
21.0526233365833,0.386733282692674,0.447748113940115,concave
21.0892243001921,0.387352420598176,0.448408285184495,concave
21.1258711381267,0.387971618496463,0.449068406088331,concave
21.1625638846941,0.388590875281751,0.449728475543405,concave
21.1993025742075,0.389210189850392,0.450388492444262,concave
21.236087240986,0.38982956110088,0.45104845568821,concave
21.2729179193544,0.390448987933847,0.451708364175321,concave
21.3097946436439,0.391068469252063,0.452368216808422,concave
21.3467174481913,0.391688003960442,0.453028012493104,concave
21.3836863673394,0.392307590966038,0.453687750137708,concave
21.420701435437,0.392927229178047,0.454347428653336,concave
21.4577626868387,0.393546917507806,0.455007046953838,concave
21.4948701559051,0.394166654868798,0.45566660395582,concave
21.5320238770027,0.394786440176647,0.456326098578633,concave
21.5692238845038,0.395406272349123,0.45698552974438,concave
21.6064702127867,0.396026150306138,0.457644896377908,concave
21.6437628962354,0.396646072969752,0.458304197406809,concave
21.6811019692401,0.397266039264168,0.458963431761416,concave
21.7184874661965,0.397886048115735,0.459622598374806,concave
21.7559194215063,0.398506098452948,0.460281696182791,concave
21.7933978695772,0.399126189206449,0.460940724123923,concave
21.8309228448224,0.399746319309027,0.461599681139486,concave
21.8684943816612,0.400366487695616,0.462258566173501,concave
21.9061125145187,0.4009866933033,0.462917378172716,concave
21.9437772778257,0.401606935071306,0.463576116086609,concave
21.9814887060189,0.402227211941015,0.464234778867389,concave
22.0192468335407,0.40284752285595,0.464893365469986,concave
22.0570516948394,0.403467866761786,0.465551874852054,concave
22.0949033243691,0.404088242606342,0.466210305973969,concave
22.1328017565896,0.40470864933959,0.466868657798824,concave
22.1707470259665,0.405329085913647,0.467526929292432,concave
22.208739166971,0.405949551282779,0.468185119423318,concave
22.2467782140805,0.406570044403402,0.468843227162721,concave
22.2848642017776,0.407190564234079,0.46950125148459,concave
22.3229971645511,0.407811109735521,0.470159191365583,concave
22.3611771368952,0.408431679870589,0.470817045785063,concave
22.39940415331,0.409052273604292,0.471474813725099,concave
22.4376782483012,0.409672889903786,0.472132494170458,concave
22.4759994563805,0.410293527738378,0.47279008610861,concave
22.5143678120648,0.41091418607952,0.473447588529722,concave
22.5527833498772,0.411534863900814,0.474105000426652,concave
22.5912461043462,0.41215556017801,0.474762320794957,concave
22.629756110006,0.412776273889004,0.475419548632877,concave
22.6683134013966,0.413397004013841,0.476076682941346,concave
22.7069180130635,0.414017749534713,0.476733722723981,concave
22.745569979558,0.414638509435959,0.477390666987082,concave
22.7842693354369,0.415259282704066,0.478047514739631,concave
22.8230161152629,0.415880068327664,0.478704264993287,concave
22.861810353604,0.416500865297533,0.479360916762387,concave
22.900652085034,0.417121672606596,0.480017469063939,concave
22.9395413441324,0.417742489249925,0.480673920917624,concave
22.9784781654842,0.418363314224733,0.481330271345791,concave
23.0174625836799,0.418984146530381,0.481986519373456,concave
23.056494633316,0.419604985168375,0.482642664028298,concave
23.095574348994,0.42022582914236,0.483298704340657,concave
23.1347017653214,0.42084667745813,0.48395463934353,concave
23.1738769169112,0.421467529123619,0.484610468072574,concave
23.2130998383819,0.422088383148905,0.485266189566095,concave
23.2523705643575,0.422709238546207,0.485921802865053,concave
23.2916891294678,0.423330094329888,0.486577307013056,concave
23.331055568348,0.423950949516448,0.487232701056356,concave
23.3704699156386,0.424571803124531,0.487887984043849,concave
23.409932205986,0.425192654174919,0.488543155027072,concave
23.4494424740419,0.425813501690534,0.489198213060197,concave
23.4890007544637,0.426434344696436,0.489853157200036,concave
23.528607081914,0.427055182219825,0.490507986506027,concave
23.5682614910612,0.427676013290035,0.491162700040243,concave
23.6079640165791,0.42829683693854,0.491817296867381,concave
23.6477146931469,0.428917652198949,0.492471776054763,concave
23.6875135554492,0.429538458107004,0.493126136672332,concave
23.7273606381765,0.430159253700586,0.493780377792652,concave
23.7672559760242,0.430780038019705,0.494434498490897,concave
23.8071996036936,0.431400810106507,0.49508849784486,concave
23.8471915558911,0.43202156900527,0.495742374934942,concave
23.8872318673287,0.432642313762405,0.496396128844152,concave
23.927320572724,0.433263043426448,0.4970497586581,concave
23.9674577067997,0.43388375704807,0.497703263465004,concave
24.0076433042841,0.434504453680071,0.498356642355675,concave
24.0478773999108,0.435125132377377,0.499009894423524,concave
24.0881600284191,0.435745792197041,0.499663018764554,concave
24.1284912245532,0.436366432198243,0.500316014477355,concave
24.168871023063,0.436987051442289,0.50096888066311,concave
24.2092994587039,0.437607648992608,0.50162161642558,concave
24.2497765662364,0.438228223914755,0.502274220871114,concave
24.2903023804264,0.438848775276405,0.502926693108632,concave
24.3308769360453,0.439469302147355,0.503579032249637,concave
24.3715002678697,0.440089803599523,0.504231237408199,concave
24.4121724106816,0.440710278706946,0.504883307700959,concave
24.4528933992684,0.441330726545781,0.505535242247126,concave
24.4936632684228,0.4419511461943,0.506187040168471,concave
24.5344820529427,0.442571536732892,0.506838700589324,concave
24.5753497876314,0.443191897244061,0.507490222636575,concave
24.6162665072975,0.443812226812428,0.508141605439667,concave
24.6572322467549,0.444432524524723,0.508792848130594,concave
24.6982470408228,0.44505278946979,0.509443949843899,concave
24.7393109243256,0.445673020738583,0.510094909716669,concave
24.780423932093,0.446293217424165,0.510745726888533,concave
24.8215860989601,0.44691337862171,0.511396400501661,concave
24.8627974597671,0.447533503428495,0.512046929700756,concave
24.9040580493596,0.448153590943906,0.512697313633054,concave
24.9453679025882,0.448773640269433,0.513347551448323,concave
24.986727054309,0.44939365050867,0.513997642298853,concave
25.0281355393831,0.450013620767311,0.514647585339461,concave
25.069593392677,0.450633550153152,0.51529737972748,concave
25.1111006490623,0.451253437776091,0.515947024622765,concave
25.1526573434159,0.451873282748121,0.51659651918768,concave
25.1942635106199,0.452493084183332,0.5172458625871,concave
25.2359191855614,0.453112841197914,0.517895053988409,concave
25.277624403133,0.453732552910147,0.518544092561494,concave
25.3193791982321,0.454352218440404,0.519192977478741,concave
25.3611836057616,0.454971836911152,0.519841707915036,concave
25.4030376606294,0.455591407446948,0.520490283047759,concave
25.4449413977485,0.456210929174435,0.521138702056776,concave
25.4868948520373,0.456830401222346,0.521786964124447,concave
25.5288980584189,0.457449822721499,0.522435068435613,concave
25.5709510518221,0.458069192804797,0.523083014177596,concave
25.6130538671804,0.458688510607226,0.523730800540197,concave
25.6552065394325,0.459307775265853,0.524378426715689,concave
25.6974091035222,0.459926985919825,0.525025891898818,concave
25.7396615943986,0.460546141710368,0.525673195286797,concave
25.7819640470156,0.461165241780786,0.526320336079304,concave
25.8243164963323,0.461784285276456,0.526967313478476,concave
25.8667189773131,0.462403271344832,0.527614126688911,concave
25.9091715249271,0.463022199135438,0.528260774917656,concave
25.9516741741488,0.463641067799871,0.528907257374216,concave
25.9942269599574,0.464259876491795,0.529553573270536,concave
26.0368299173375,0.464878624366944,0.53019972182101,concave
26.0794830812785,0.465497310583117,0.530845702242471,concave
26.122186486775,0.466115934300178,0.53149151375419,concave
26.1649401688264,0.466734494680052,0.532137155577869,concave
26.2077441624375,0.467352990886727,0.532782626937645,concave
26.2505985026178,0.467971422086252,0.533427927060079,concave
26.2935032243817,0.468589787446731,0.534073055174155,concave
26.3364583627491,0.469208086138326,0.534718010511279,concave
26.3794639527443,0.469826317333253,0.535362792305272,concave
26.422520029397,0.470444480205779,0.536007399792368,concave
26.4656266277417,0.471062573932227,0.536651832211213,concave
26.5087837828179,0.471680597690966,0.537296088802857,concave
26.55199152967,0.472298550662411,0.537940168810753,concave
26.5952499033475,0.472916432029028,0.538584071480753,concave
26.6385589389047,0.473534240975323,0.539227796061106,concave
26.681918671401,0.474151976687845,0.53987134180245,concave
26.7253291359005,0.474769638355186,0.540514707957816,concave
26.7687903674724,0.475387225167973,0.541157893782616,concave
26.8123024011908,0.476004736318875,0.541800898534646,concave
26.8558652721346,0.476622171002591,0.54244372147408,concave
26.8994790153877,0.477239528415857,0.543086361863465,concave
26.9431436660388,0.47785680775744,0.543728818967719,concave
26.9868592591817,0.478474008228136,0.54437109205413,concave
27.0306258299149,0.479091129030768,0.545013180392346,concave
27.0744434133417,0.479708169370187,0.545655083254379,concave
27.1183120445705,0.480325128453267,0.546296799914593,concave
27.1622317587142,0.480942005488904,0.54693832964971,concave
27.2062025908911,0.481558799688014,0.547579671738798,concave
27.2502245762238,0.482175510263534,0.548220825463271,concave
27.29429774984,0.482792136430415,0.548861790106889,concave
27.3384221468721,0.483408677405622,0.549502564955746,concave
27.3825978024575,0.484025132408134,0.550143149298273,concave
27.4268247517383,0.484641500658941,0.550783542425233,concave
27.4711030298614,0.485257781381042,0.551423743629716,concave
27.5154326719785,0.48587397379944,0.552063752207134,concave
27.5598137132461,0.486490077141147,0.552703567455225,concave
27.6042461888255,0.487106090635173,0.553343188674039,concave
27.6487301338827,0.487722013512533,0.553982615165941,concave
27.6932655835887,0.488337845006238,0.554621846235605,concave
27.7378525731188,0.488953584351296,0.555260881190011,concave
27.7824911376536,0.489569230784712,0.555899719338442,concave
27.827181312378,0.490184783545482,0.556538359992479,concave
27.8719231324821,0.490800241874593,0.557176802465998,concave
27.9167166331602,0.491415605015018,0.557815046075166,concave
27.9615618496116,0.492030872211721,0.558453090138437,concave
28.0064588170405,0.492646042711648,0.559090933976551,concave
28.0514075706553,0.493261115763726,0.559728576912525,concave
28.0964081456697,0.493876090618867,0.560366018271656,concave
28.1414605773016,0.494490966529956,0.561003257381511,concave
28.186564900774,0.495105742751856,0.561640293571926,concave
28.2317211513141,0.495720418541404,0.562277126175004,concave
28.2769293641543,0.49633499315741,0.562913754525109,concave
28.3221895745312,0.496949465860652,0.563550177958864,concave
28.3675018176864,0.497563835913876,0.564186395815142,concave
28.412866128866,0.498178102581794,0.564822407435072,concave
28.4582825433208,0.49879226513108,0.565458212162026,concave
28.5037510963061,0.499406322830371,0.56609380934162,concave
28.5492718230819,0.50002027495026,0.56672919832171,concave
28.5948447589129,0.500634120763299,0.567364378452387,concave
28.6404699390684,0.501247859543994,0.567999349085973,concave
28.6861473988222,0.501861490568804,0.568634109577019,concave
28.7318771734529,0.502475013116136,0.5692686592823,concave
28.7776592982433,0.503088426466348,0.569902997560811,concave
28.8234938084813,0.50370172990174,0.570537123773765,concave
28.8693807394589,0.504314922706557,0.571171037284586,concave
28.9153201264731,0.504928004166988,0.57180473745891,concave
28.9613120048252,0.505540973571156,0.572438223664575,concave
29.0073564098209,0.506153830209125,0.573071495271624,concave
29.0534533767709,0.50676657337289,0.573704551652296,concave
29.0996029409901,0.507379202356381,0.574337392181023,concave
29.145805137798,0.507991716455455,0.574970016234431,concave
29.1920600025187,0.508604114967901,0.575602423191329,concave
29.2383675704807,0.509216397193428,0.576234612432712,concave
29.2847278770172,0.509828562433672,0.57686658334175,concave
29.3311409574657,0.510440609992188,0.57749833530379,concave
29.3776068471683,0.51105253917445,0.578129867706353,concave
29.4241255814716,0.511664349287847,0.578761179939123,concave
29.4706971957266,0.512276039641684,0.579392271393951,concave
29.5173217252889,0.512887609547176,0.580023141464848,concave
29.5639992055185,0.513499058317445,0.580653789547979,concave
29.6107296717798,0.514110385267525,0.581284215041663,concave
29.6575131594417,0.51472158971435,0.581914417346367,concave
29.7043497038776,0.515332670976757,0.582544395864703,concave
29.7512393404653,0.515943628375484,0.583174150001424,concave
29.798182104587,0.516554461233165,0.583803679163419,concave
29.8451780316293,0.51716516887433,0.584432982759712,concave
29.8922271569834,0.5177757506254,0.585062060201455,concave
29.9393295160447,0.518386205814688,0.585690910901927,concave
29.9864851442131,0.518996533772394,0.586319534276529,concave
30.0336940768928,0.519606733830603,0.586947929742778,concave
30.0809563494925,0.520216805323283,0.587576096720306,concave
30.1282719974253,0.520826747586284,0.588204034630856,concave
30.1756410561085,0.521436559957332,0.588831742898277,concave
30.2230635609641,0.522046241776031,0.589459220948523,concave
30.270539547418,0.522655792383856,0.590086468209642,concave
30.3180690509007,0.523265211124155,0.59071348411178,concave
30.3656521068472,0.523874497342143,0.591340268087175,concave
30.4132887506965,0.524483650384901,0.591966819570151,concave
30.4609790178921,0.525092669601373,0.592593137997115,concave
30.508722943882,0.525701554342368,0.593219222806556,concave
30.5565205641182,0.526310303960548,0.593845073439035,concave
30.6043719140572,0.526918917810435,0.594470689337188,concave
30.6522770291596,0.527527395248403,0.595096069945719,concave
30.7002359448906,0.528135735632677,0.595721214711394,concave
30.7482486967194,0.528743938323333,0.596346123083043,concave
30.7963153201197,0.529352002682291,0.596970794511549,concave
30.8444358505694,0.529959928073315,0.597595228449849,concave
30.8926103235505,0.53056771386201,0.59821942435293,concave
30.9408387745494,0.53117535941582,0.598843381677822,concave
30.9891212390569,0.531782864104028,0.599467099883599,concave
31.0374577525677,0.532390227297746,0.60009057843137,concave
31.0858483505809,0.53299744836992,0.600713816784278,concave
31.1342930686001,0.533604526695324,0.601336814407495,concave
31.1827919421327,0.534211461650559,0.601959570768222,concave
31.2313450066904,0.534818252614047,0.602582085335676,concave
31.2799522977893,0.535424898966035,0.603204357581098,concave
31.3286138509496,0.536031400088586,0.603826386977739,concave
31.3773297016956,0.536637755365579,0.604448173000864,concave
31.4260998855558,0.537243964182707,0.605069715127742,concave
31.4749244380632,0.537850025927474,0.605691012837644,concave
31.5238033947545,0.538455939989192,0.606312065611842,concave
31.5727367911707,0.53906170575898,0.606932872933602,concave
31.6217246628572,0.539667322629757,0.60755343428818,concave
31.6707670453634,0.540272789996247,0.608173749162822,concave
31.7198639742426,0.540878107254968,0.608793817046753,concave
31.7690154850526,0.541483273804237,0.609413637431184,concave
31.8182216133552,0.542088289044162,0.610033209809294,concave
31.8674823947162,0.54269315237664,0.610652533676238,concave
31.9167978647057,0.54329786320536,0.611271608529141,concave
31.9661680588977,0.543902420935792,0.611890433867088,concave
32.0155930128706,0.544506824975189,0.612509009191125,concave
32.0650727622065,0.545111074732587,0.613127334004257,concave
32.1146073424919,0.545715169618796,0.613745407811437,concave
32.1641967893172,0.546319109046402,0.614363230119573,concave
32.2138411382769,0.546922892429764,0.614980800437511,concave
32.2635404249697,0.54752651918501,0.615598118276043,concave
32.3132946849983,0.548129988730034,0.616215183147896,concave
32.3631039539692,0.548733300484493,0.616831994567729,concave
32.4129682674932,0.549336453869811,0.617448552052135,concave
32.4628876611852,0.549939448309165,0.618064855119626,concave
32.5128621706638,0.550542283227492,0.618680903290642,concave
32.5628918315519,0.55114495805148,0.619296696087536,concave
32.6129766794764,0.551747472209573,0.61991223303458,concave
32.663116750068,0.552349825131957,0.620527513657949,concave
32.7133120789616,0.552952016250568,0.621142537485732,concave
32.763562701796,0.553554044999085,0.621757304047916,concave
32.813868654214,0.554155910812926,0.622371812876388,concave
32.8642299718624,0.554757613129248,0.622986063504927,concave
32.9146466903919,0.555359151386943,0.62360005546921,concave
32.9651188454572,0.555960525026635,0.624213788306792,concave
33.015646472717,0.556561733490678,0.624827261557119,concave
33.0662296078339,0.557162776223155,0.625440474761512,concave
33.1168682864744,0.557763652669871,0.626053427463169,concave
33.1675625443091,0.558364362278353,0.626666119207158,concave
33.2183124170122,0.55896490449785,0.627278549540418,concave
33.2691179402622,0.559565278779325,0.62789071801175,concave
33.3199791497413,0.560165484575457,0.628502624171816,concave
33.3708960811355,0.560765521340633,0.629114267573135,concave
33.421868770135,0.561365388530951,0.629725647770076,concave
33.4728972524337,0.561965085604215,0.63033676431886,concave
33.5239815637294,0.562564612019931,0.630947616777551,concave
33.5751217397237,0.563163967239305,0.631558204706054,concave
33.6263178161223,0.563763150725243,0.632168527666112,concave
33.6775698286345,0.564362161942344,0.632778585221302,concave
33.7288778129736,0.564961000356899,0.633388376937029,concave
33.7802418048566,0.565559665436892,0.633997902380526,concave
33.8316618400046,0.566158156651989,0.634607161120845,concave
33.8831379541424,0.566756473473546,0.63521615272886,concave
33.9346701829986,0.567354615374595,0.635824876777255,concave
33.9862585623055,0.56795258182985,0.636433332840529,concave
34.0379031277995,0.568550372315702,0.637041520494985,concave
34.0896039152205,0.569147986310212,0.637649439318728,concave
34.1413609603125,0.569745423293116,0.638257088891666,concave
34.193174298823,0.570342682745814,0.638864468795498,concave
34.2450439665035,0.570939764151374,0.639471578613719,concave
34.296969999109,0.571536666994525,0.640078417931607,concave
34.3489524323988,0.572133390761657,0.640684986336227,concave
34.4009913021354,0.572729934940817,0.641291283416424,concave
34.4530866440853,0.573326299021706,0.641897308762817,concave
34.5052384940188,0.573922482495676,0.642503061967801,concave
34.5574468877097,0.57451848485573,0.643108542625537,concave
34.6097118609359,0.575114305596516,0.643713750331953,concave
34.6620334494787,0.575709944214324,0.644318684684735,concave
34.7144116891233,0.576305400207089,0.644923345283331,concave
34.7668466156584,0.576900673074379,0.645527731728938,concave
34.8193382648768,0.577495762317403,0.646131843624508,concave
34.8718866725745,0.578090667438996,0.646735680574733,concave
34.9244918745517,0.578685387943628,0.647339242186051,concave
34.9771539066118,0.579279923337395,0.647942528066639,concave
35.0298728045623,0.579874273128015,0.648545537826407,concave
35.082648604214,0.580468436824831,0.649148271076997,concave
35.1354813413816,0.581062413938803,0.649750727431777,concave
35.1883710518835,0.581656203982509,0.650352906505841,concave
35.2413177715415,0.582249806470136,0.650954807915998,concave
35.2943215361812,0.582843220917487,0.651556431280778,concave
35.3473823816319,0.58343644684197,0.652157776220422,concave
35.4005003437264,0.584029483762599,0.652758842356876,concave
35.4536754583011,0.584622331199991,0.653359629313796,concave
35.5069077611961,0.585214988676361,0.653960136716534,concave
35.5601972882552,0.585807455715523,0.654560364192143,concave
35.6135440753254,0.586399731842882,0.655160311369366,concave
35.6669481582578,0.58699181658544,0.65575997787864,concave
35.7204095729068,0.587583709471782,0.656359363352084,concave
35.7739283551305,0.588175410032083,0.656958467423501,concave
35.8275045407904,0.588766917798099,0.657557289728372,concave
35.8811381657516,0.589358232303167,0.658155829903855,concave
35.9348292658829,0.589949353082202,0.658754087588775,concave
35.9885778770566,0.590540279671694,0.659352062423627,concave
36.0423840351485,0.591131011609704,0.65994975405057,concave
36.0962477760379,0.591721548435864,0.660547162113423,concave
36.1501691356077,0.592311889691374,0.661144286257659,concave
36.2041481497443,0.592902034918993,0.661741126130405,concave
36.2581848543376,0.593491983663047,0.662337681380437,concave
36.3122792852809,0.594081735469416,0.662933951658176,concave
36.3664314784713,0.594671289885539,0.663529936615684,concave
36.4206414698092,0.595260646460405,0.664125635906662,concave
36.4749092951983,0.595849804744555,0.664721049186441,concave
36.5292349905461,0.596438764290078,0.665316176111988,concave
36.5836185917634,0.597027524650605,0.665911016341893,concave
36.6380601347646,0.597616085381312,0.66650556953637,concave
36.6925596554673,0.598204446038911,0.667099835357252,concave
36.747117189793,0.598792606181654,0.667693813467988,concave
36.801732773666,0.599380565369323,0.668287503533638,concave
36.8564064430145,0.599968323163234,0.668880905220872,concave
36.9111382337702,0.600555879126229,0.669474018197963,concave
36.9659281818679,0.601143232822676,0.670066842134784,concave
37.0207763232459,0.601730383818466,0.670659376702809,concave
37.0756826938462,0.60231733168101,0.671251621575102,concave
37.1306473296137,0.602904075979234,0.671843576426319,concave
37.1856702664971,0.603490616283581,0.6724352409327,concave
37.2407515404484,0.604076952166005,0.673026614772071,concave
37.2958911874228,0.604663083199968,0.673617697623835,concave
37.3510892433791,0.605249008960437,0.67420848916897,concave
37.4063457442793,0.605834729023886,0.674798989090027,concave
37.4616607260889,0.606420242968285,0.675389197071124,concave
37.5170342247766,0.607005550373106,0.675979112797945,concave
37.5724662763146,0.607590650819313,0.676568735957732,concave
37.6279569166783,0.608175543889363,0.677158066239287,concave
37.6835061818466,0.608760229167204,0.677747103332966,concave
37.7391141078016,0.609344706238269,0.678335846930672,concave
37.7947807305286,0.609928974689475,0.678924296725857,concave
37.8505060860165,0.610513034109222,0.679512452413514,concave
37.9062902102573,0.611096884087387,0.680100313690178,concave
37.9621331392463,0.611680524215323,0.680687880253915,concave
38.0180349089822,0.612263954085857,0.681275151804329,concave
38.0739955554669,0.612847173293284,0.681862128042546,concave
38.1300151147056,0.61343018143337,0.682448808671221,concave
38.1860936227067,0.614012978103341,0.68303519339453,concave
38.242231115482,0.61459556290189,0.683621281918166,concave
38.2984276290465,0.615177935429167,0.684207073949334,concave
38.3546831994185,0.615760095286777,0.684792569196753,concave
38.4109978626191,0.61634204207778,0.685377767370647,concave
38.4673716546734,0.616923775406689,0.685962668182743,concave
38.5238046116092,0.617505294879463,0.68654727134627,concave
38.5802967694575,0.618086600103506,0.68713157657595,concave
38.6368481642529,0.618667690687666,0.687715583588001,concave
38.6934588320328,0.619248566242232,0.688299292100129,concave
38.750128808838,0.619829226378928,0.688882701831523,concave
38.8068581307125,0.620409670710913,0.689465812502858,concave
38.8636468337034,0.620989898852781,0.690048623836286,concave
38.920494953861,0.62156991042055,0.690631135555433,concave
38.9774025272388,0.622149705031667,0.691213347385398,concave
39.0343695898935,0.622729282305003,0.691795259052746,concave
39.0913961778848,0.62330864186085,0.69237687028551,concave
39.1484823272758,0.623887783320917,0.692958180813181,concave
39.2056280741326,0.624466706308328,0.693539190366707,concave
39.2628334545243,0.62504541044762,0.69411989867849,concave
39.3200985045233,0.625623895364742,0.694700305482387,concave
39.3774232602051,0.626202160687047,0.695280410513694,concave
39.4348077576485,0.626780206043293,0.695860213509157,concave
39.4922520329349,0.627358031063643,0.69643971420696,concave
39.5497561221494,0.627935635379656,0.697018912346721,concave
39.6073200613797,0.628513018624286,0.697597807669494,concave
39.6649438867169,0.629090180431884,0.698176399917761,concave
39.722627634255,0.629667120438191,0.698754688835431,concave
39.7803713400913,0.630243838280332,0.699332674167834,concave
39.8381750403259,0.630820333596823,0.699910355661719,concave
39.8960387710621,0.631396606027561,0.700487733065254,concave
39.9539625684062,0.63197265521382,0.701064806128014,concave
40.0119464684677,0.632548480798254,0.701641574600987,concave
40.0699905073589,0.633124082424892,0.702218038236563,concave
40.1280947211953,0.633699459739131,0.702794196788536,concave
40.1862591460953,0.634274612387742,0.703370050012098,concave
40.2444838181806,0.63484954001886,0.703945597663834,concave
40.3027687735755,0.635424242281981,0.704520839501723,concave
40.3611140484075,0.635998718827967,0.705095775285131,concave
40.4195196788073,0.636572969309035,0.705670404774809,concave
40.4779857009083,0.637146993378758,0.706244727732887,concave
40.5365121508469,0.637720790692062,0.706818743922877,concave
40.5950990647626,0.638294360905223,0.707392453109661,concave
40.653746478798,0.638867703675864,0.707965855059495,concave
40.7124544290983,0.639440818662954,0.708538949540002,concave
40.7712229518119,0.640013705526802,0.709111736320167,concave
40.8300520830901,0.640586363929059,0.709684215170339,concave
40.8889418590872,0.641158793532709,0.710256385862223,concave
40.9478923159603,0.641730994002074,0.710828248168877,concave
41.0069034898696,0.642302965002803,0.711399801864711,concave
41.065975416978,0.642874706201876,0.711971046725481,concave
41.1251081334516,0.6434462172676,0.712541982528289,concave
41.1843016754591,0.644017497869601,0.713112609051577,concave
41.2435560791725,0.64458854767883,0.713682926075121,concave
41.3028713807661,0.645159366367553,0.714252933380036,concave
41.3622476164178,0.645729953609352,0.714822630748763,concave
41.4216848223078,0.646300309079121,0.715392017965073,concave
41.4811830346193,0.646870432453062,0.715961094814058,concave
41.5407422895388,0.64744032340869,0.716529861082134,concave
41.6003626232551,0.648009981624817,0.717098316557031,concave
41.6600440719601,0.648579406781561,0.717666461027796,concave
41.7197866718485,0.649148598560338,0.718234294284782,concave
41.7795904591178,0.649717556643861,0.718801816119653,concave
41.8394554699686,0.650286280716135,0.719369026325375,concave
41.899381740604,0.650854770462458,0.719935924696216,concave
41.95936930723,0.651423025569414,0.72050251102774,concave
42.0194182060555,0.651991045724876,0.721068785116805,concave
42.0795284732921,0.652558830617996,0.721634746761559,concave
42.1397001451545,0.653126379939211,0.72220039576144,concave
42.1999332578596,0.653693693380231,0.722765731917166,concave
42.2602278476277,0.654260770634045,0.72333075503074,concave
42.3205839506815,0.654827611394912,0.723895464905441,concave
42.3810016032466,0.65539421535836,0.724459861345819,concave
42.4414808415513,0.655960582221188,0.7250239441577,concave
42.5020217018269,0.656526711681455,0.725587713148174,concave
42.562624220307,0.657092603438486,0.726151168125599,concave
42.6232884332282,0.657658257192861,0.726714308899589,concave
42.6840143768301,0.65822367264642,0.727277135281022,concave
42.7448020873546,0.658788849502255,0.727839647082026,concave
42.8056516010466,0.659353787464709,0.728401844115984,concave
42.8665629541534,0.659918486239376,0.728963726197523,concave
42.9275361829254,0.660482945533093,0.729525293142519,concave
42.9885713236156,0.661047165053942,0.730086544768088,concave
43.0496684124793,0.661611144511246,0.730647480892584,concave
43.1108274857752,0.662174883615566,0.731208101335599,concave
43.172048579764,0.662738382078698,0.731768405917954,concave
43.2333317307095,0.66330163961367,0.7323283944617,concave
43.294676974878,0.663864655934743,0.732888066790114,concave
43.3560843485385,0.664427430757403,0.733447422727697,concave
43.4175538879627,0.664989963798362,0.734006462100168,concave
43.4790856294249,0.665552254775555,0.73456518473446,concave
43.540679609202,0.666114303408136,0.735123590458722,concave
43.6023358635737,0.666676109416477,0.735681679102313,concave
43.664054428822,0.667237672522164,0.736239450495796,concave
43.725835341232,0.667798992447994,0.73679690447094,concave
43.7876786370909,0.668360068917976,0.737354040860713,concave
43.8495843526889,0.668920901657324,0.737910859499282,concave
43.9115525243187,0.669481490392456,0.738467360222005,concave
43.9735831882754,0.670041834850994,0.739023542865433,concave
44.035676380857,0.670601934761756,0.739579407267304,concave
44.0978321383639,0.671161789854758,0.740134953266542,concave
44.1600504970989,0.67172139986121,0.740690180703249,concave
44.2223314933678,0.672280764513512,0.74124508941871,concave
44.2846751634787,0.672839883545255,0.741799679255382,concave
44.3470815437422,0.673398756691215,0.742353950056895,concave
44.4095506704715,0.67395738368735,0.742907901668049,concave
44.4720825799826,0.674515764270801,0.743461533934806,concave
44.5346773085935,0.675073898179888,0.744014846704298,concave
44.5973348926252,0.675631785154104,0.744567839824809,concave
44.660055368401,0.676189424934118,0.745120513145785,concave
44.7228387722467,0.676746817261769,0.745672866517823,concave
44.7856851404909,0.677303961880063,0.746224899792671,concave
44.8485945094642,0.677860858533173,0.746776612823224,concave
44.9115669155001,0.678417506966435,0.747328005463522,concave
44.9746023949346,0.678973906926346,0.747879077568747,concave
45.0377009841057,0.679530058160557,0.748429828995217,concave
45.1008627193544,0.680085960417882,0.748980259600387,concave
45.164087637024,0.680641613448279,0.749530369242842,concave
45.2273757734603,0.681197017002865,0.7500801577823,concave
45.2907271650111,0.681752170833897,0.750629625079599,concave
45.3541418480276,0.682307074694783,0.751178770996706,concave
45.4176198588624,0.682861728340071,0.751727595396704,concave
45.4811612338711,0.683416131525451,0.752276098143794,concave
45.5447660094119,0.683970284007748,0.752824279103292,concave
45.6084342218448,0.684524185544923,0.753372138141623,concave
45.6721659075328,0.685077835896073,0.753919675126322,concave
45.735961102841,0.685631234821421,0.754466889926026,concave
45.7998198441369,0.686184382082319,0.755013782410476,concave
45.8637421677906,0.686737277441244,0.755560352450511,concave
45.9277281101743,0.687289920661797,0.756106599918068,concave
45.9917777076629,0.687842311508697,0.756652524686172,concave
46.0558909966332,0.688394449747781,0.757198126628943,concave
46.1200680134651,0.688946335146002,0.757743405621585,concave
46.18430879454,0.689497967471425,0.758288361540388,concave
46.2486133762423,0.690049346493225,0.75883299426272,concave
46.3129817949585,0.690600471981685,0.75937730366703,concave
46.3774140870775,0.691151343708193,0.759921289632841,concave
46.4419102889904,0.691701961445238,0.760464952040747,concave
46.5064704370907,0.692252324966413,0.761008290772413,concave
46.5710945677743,0.692802434046405,0.76155130571057,concave
46.6357827174394,0.693352288460997,0.76209399673901,concave
46.7005349224864,0.693901887987066,0.762636363742589,concave
46.7653512193181,0.694451232402577,0.763178406607217,concave
46.8302316443393,0.695000321486584,0.763720125219861,concave
46.8951762339578,0.695549155019228,0.764261519468539,concave
46.9601850245829,0.69609773278173,0.764802589242316,concave
47.0252580526265,0.696646054556392,0.765343334431307,concave
47.0903953545028,0.697194120126595,0.765883754926664,concave
47.1555969666282,0.697741929276794,0.766423850620584,concave
47.2208629254214,0.698289481792519,0.766963621406298,concave
47.2861932673033,0.698836777460369,0.767503067178076,concave
47.351588028697,0.69938381606801,0.768042187831211,concave
47.4170472460279,0.699930597404177,0.768580983262033,concave
47.4825709557235,0.700477121258664,0.769119453367893,concave
47.548159194214,0.70102338742233,0.769657598047165,concave
47.613811997931,0.70156939568709,0.770195417199245,concave
47.6795294033089,0.702115145845913,0.770732910724544,concave
47.7453114467842,0.702660637692827,0.771270078524488,concave
47.8111581647957,0.703205871022905,0.771806920501515,concave
47.8770695937838,0.703750845632273,0.77234343655907,concave
47.9430457701918,0.704295561318101,0.772879626601605,concave
48.0090867304648,0.704840017878603,0.773415490534575,concave
48.0751925110501,0.705384215113035,0.773951028264433,concave
48.1413631483973,0.705928152821692,0.774486239698632,concave
48.2075986789579,0.706471830805904,0.775021124745618,concave
48.2738991391859,0.707015248868038,0.775555683314828,concave
48.3402645655371,0.707558406811489,0.776089915316688,concave
48.4066949944696,0.708101304440686,0.776623820662613,concave
48.4731904624435,0.708643941561081,0.777157399264997,concave
48.5397510059214,0.709186317979152,0.777690651037216,concave
48.6063766613675,0.709728433502398,0.778223575893624,concave
48.6730674652483,0.71027028793934,0.77875617374955,concave
48.7398234540326,0.710811881099517,0.779288444521295,concave
48.806644664191,0.711353212793478,0.779820388126129,concave
48.8735311321965,0.711894282832791,0.780352004482288,concave
48.9404828945238,0.712435091030029,0.780883293508975,concave
49.0074999876499,0.712975637198776,0.781414255126348,concave
49.0745824480539,0.713515921153621,0.78194488925553,concave
49.1417303122168,0.714055942710155,0.782475195818594,concave
49.208943616622,0.714595701684971,0.783005174738571,concave
49.2762223977545,0.715135197895661,0.783534825939438,concave
49.3435666921016,0.715674431160811,0.78406414934612,concave
49.4109765361524,0.716213401300003,0.78459314488449,concave
49.4784519663985,0.716752108133808,0.785121812481359,concave
49.5459930193329,0.717290551483789,0.785650152064478,concave
49.6135997314512,0.717828731172493,0.786178163562538,concave
49.6812721392507,0.718366647023453,0.786705846905158,concave
49.7490102792308,0.718904298861182,0.787233202022893,concave
49.8168141878926,0.719441686511177,0.787760228847225,concave
49.8846839017395,0.719978809799907,0.788286927310561,concave
49.952619457277,0.72051566855482,0.788813297346232,concave
50.0206208910123,0.721052262604335,0.789339338888489,concave
50.0886882394545,0.721588591777842,0.7898650518725,concave
50.156821539115,0.722124655905699,0.79039043623435,concave
50.2250208265069,0.722660454819229,0.790915491911035,concave
50.2932861381454,0.723195988350719,0.791440218840461,concave
50.3616175105474,0.723731256333418,0.791964616961442,concave
50.4300149802321,0.724266258601532,0.792488686213694,concave
50.4984785837202,0.724800994990226,0.793012426537838,concave
50.5670083575347,0.725335465335617,0.793535837875393,concave
50.6356043382003,0.725869669474775,0.794058920168773,concave
50.7042665622437,0.726403607245721,0.794581673361288,concave
50.7729950661935,0.72693727848742,0.79510409739714,concave
50.8417898865801,0.727470683039785,0.795626192221417,concave
50.910651059936,0.728003820743671,0.796147957780095,concave
50.9795786227954,0.728536691440872,0.796669394020032,concave
51.0485726116943,0.729069294974123,0.797190500888969,concave
51.1176330631707,0.729601631187094,0.797711278335524,concave
51.1867600137648,0.730133699924388,0.798231726309192,concave
51.2559535000179,0.73066550103154,0.798751844760339,concave
51.3252135584736,0.731197034355013,0.799271633640203,concave
51.3945402256776,0.7317282997422,0.79979109290089,concave
51.4639335381769,0.732259297041415,0.800310222495371,concave
51.5333935325207,0.732790026101897,0.800829022377481,concave
51.6029202452598,0.733320486773805,0.801347492501913,concave
51.6725137129471,0.733850678908214,0.801865632824219,concave
51.7421739721369,0.734380602357117,0.802383443300808,concave
51.8119010593858,0.734910256973419,0.802900923888939,concave
51.8816950112517,0.735439642610937,0.803418074546723,concave
51.9515558642946,0.735968759124398,0.803934895233117,concave
52.0214836550763,0.736497606369432,0.804451385907924,concave
52.0914784201602,0.737026184202578,0.80496754653179,concave
52.1615401961116,0.737554492481276,0.805483377066199,concave
52.2316690194975,0.738082531063863,0.805998877473476,concave
52.3018649268869,0.738610299809579,0.806514047716778,concave
52.37212795485,0.739137798578557,0.807028887760095,concave
52.4424581399593,0.739665027231822,0.807543397568249,concave
52.5128555187889,0.740191985631292,0.808057577106886,concave
52.5833201279144,0.740718673639776,0.808571426342481,concave
52.6538520039134,0.741245091120966,0.809084945242329,concave
52.7244511833651,0.741771237939443,0.809598133774546,concave
52.7951177028504,0.742297113960665,0.810110991908066,concave
52.8658515989519,0.742822719050975,0.810623519612635,concave
52.9366529082541,0.743348053077593,0.811135716858817,concave
53.0075216673429,0.743873115908613,0.811647583617982,concave
53.078457912806,0.744397907413005,0.812159119862308,concave
53.1494616812329,0.74492242746061,0.812670325564782,concave
53.2205330092147,0.745446675922138,0.813181200699191,concave
53.291671933344,0.745970652669167,0.813691745240121,concave
53.3628784902153,0.746494357574138,0.814201959162959,concave
53.4341527164249,0.747017790510359,0.814711842443887,concave
53.5054946485701,0.747540951351994,0.815221395059878,concave
53.5769043232505,0.748063839974069,0.815730616988699,concave
53.6483817770671,0.748586456252465,0.816239508208902,concave
53.7199270466225,0.749108800063917,0.816748068699827,concave
53.791540168521,0.749630871286014,0.817256298441598,concave
53.8632211793684,0.750152669797194,0.817764197415118,concave
53.9349701157722,0.750674195476742,0.818271765602071,concave
54.0067870143415,0.751195448204789,0.818779002984916,concave
54.0786719116871,0.751716427862312,0.819285909546885,concave
54.1506248444211,0.752237134331126,0.819792485271984,concave
54.2226458491574,0.752757567493888,0.820298730144987,concave
54.2947349625116,0.75327772723409,0.820804644151435,concave
54.3668922211005,0.753797613436062,0.821310227277632,concave
54.439117661543,0.754317225984966,0.821815479510647,concave
54.5114113204589,0.754836564766792,0.822320400838307,concave
54.58377323447,0.755355629668363,0.822824991249195,concave
54.6562034401996,0.755874420577326,0.823329250732653,concave
54.7287019742726,0.756392937382155,0.823833179278771,concave
54.8012688733152,0.756911179972144,0.824336776878394,concave
54.8739041739552,0.757429148237408,0.824840043523111,concave
54.9466079128219,0.757946842068881,0.82534297920526,concave
55.0193801265465,0.758464261358315,0.825845583917921,concave
55.0922208517611,0.758981405998272,0.826347857654914,concave
55.1651301250997,0.759498275882129,0.8268498004108,concave
55.2381079831978,0.760014870904073,0.827351412180876,concave
55.3111544626921,0.760531190959097,0.827852692961172,concave
55.3842696002211,0.761047235943003,0.82835364274845,concave
55.4574534324246,0.761563005752393,0.828854261540202,concave
55.5307059959439,0.762078500284674,0.829354549334649,concave
55.6040273274217,0.762593719438051,0.829854506130734,concave
55.6774174635025,0.763108663111526,0.830354131928126,concave
55.7508764408316,0.7636233312049,0.830853426727212,concave
55.8244042960565,0.764137723618763,0.831352390529098,concave
55.8980010658257,0.764651840254498,0.831851023335605,concave
55.9716667867889,0.76516568101428,0.832349325149271,concave
56.045401495598,0.765679245801069,0.832847295973342,concave
56.1192052289055,0.766192534518611,0.833344935811775,concave
56.1930780233657,0.766705547071434,0.833842244669232,concave
56.2670199156345,0.767218283364849,0.834339222551083,concave
56.3410309423688,0.767730743304946,0.834835869463399,concave
56.415111140227,0.768242926798591,0.835332185412949,concave
56.4892605458692,0.768754833753427,0.835828170407203,concave
56.5634791959564,0.76926646407787,0.836323824454327,concave
56.6377671271512,0.769777817681106,0.836819147563178,concave
56.7121243761178,0.77028889447309,0.837314139743306,concave
56.7865509795214,0.770799694364547,0.837808801004951,concave
56.8610469740287,0.771310217266964,0.83830313135904,concave
56.9356123963078,0.771820463092593,0.838797130817183,concave
57.010247283028,0.772330431754446,0.839290799391673,concave
57.0849516708602,0.772840123166296,0.839784137095486,concave
57.1597255964763,0.773349537242672,0.840277143942273,concave
57.2345690965497,0.773858673898857,0.840769819946362,concave
57.3094822077552,0.774367533050891,0.841262165122758,concave
57.3844649667688,0.774876114615561,0.841754179487133,concave
57.4595174102678,0.775384418510407,0.842245863055831,concave
57.5346395749307,0.775892444653713,0.842737215845864,concave
57.6098314974377,0.776400192964511,0.843228237874908,concave
57.6850932144696,0.776907663362575,0.843718929161304,concave
57.7604247627094,0.777414855768422,0.844209289724051,concave
57.8358261788404,0.777921770103307,0.84469931958281,concave
57.9112974995479,0.778428406289222,0.845189018757897,concave
57.9868387615181,0.778934764248897,0.845678387270282,concave
58.0624500014385,0.779440843905793,0.84616742514159,concave
58.1381312559979,0.779946645184105,0.846656132394094,concave
58.2138825618864,0.780452168008757,0.847144509050717,concave
58.2897039557953,0.7809574123054,0.847632555135027,concave
58.3655954744169,0.781462378000412,0.848120270671235,concave
58.4415571544453,0.781967065020893,0.848607655684196,concave
58.5175890325751,0.782471473294669,0.849094710199405,concave
58.5936911455025,0.782975602750281,0.849581434242992,concave
58.669863529925,0.783479453316994,0.850067827841727,concave
58.7461062225411,0.783983024924783,0.850553891023009,concave
58.8224192600506,0.784486317504343,0.851039623814873,concave
58.8988026791543,0.784989330987079,0.851525026245978,concave
58.9752565165544,0.785492065305104,0.852010098345616,concave
59.0517808089543,0.785994520391246,0.852494840143701,concave
59.1283755930582,0.786496696179033,0.852979251670771,concave
59.2050409055721,0.786998592602703,0.853463332957986,concave
59.2817767832024,0.787500209597194,0.853947084037123,concave
59.3585832626574,0.788001547098147,0.854430504940579,concave
59.4354603806458,0.788502605041901,0.854913595701364,concave
59.512408173878,0.789003383365491,0.855396356353101,concave
59.5894266790654,0.789503882006651,0.855878786930026,concave
59.6665159329202,0.790004100903806,0.856360887466982,concave
59.7436759721562,0.790504039996073,0.85684265799942,concave
59.8209068334882,0.79100369922326,0.857324098563394,concave
59.8982085536318,0.791503078525862,0.857805209195565,concave
59.9755811693039,0.79200217784506,0.858285989933191,concave
60.0530247172226,0.792500997122719,0.858766440814131,concave
60.1305392341067,0.792999536301389,0.85924656187684,concave
60.2081247566768,0.793497795324296,0.859726353160367,concave
60.2857813216537,0.793995774135348,0.860205814704357,concave
60.36350896576,0.794493472679131,0.860684946549044,concave
60.4413077257189,0.794990890900902,0.86116374873525,concave
60.5191776382549,0.795488028746594,0.861642221304385,concave
60.5971187400933,0.79598488616281,0.862120364298445,concave
60.6751310679609,0.796481463096824,0.862598177760008,concave
60.753214658585,0.796977759496577,0.863075661732233,concave
60.8313695486943,0.797473775310675,0.863552816258858,concave
60.9095957750183,0.79796951048839,0.8640296413842,concave
60.9878933742877,0.798464964979653,0.864506137153149,concave
61.0662623832343,0.79896013873506,0.864982303611169,concave
61.1447028385904,0.799455031705861,0.865458140804296,concave
61.2232147770898,0.799949643843966,0.865933648779135,concave
61.301798235467,0.800443975101939,0.866408827582857,concave
61.3804532504578,0.800938025432996,0.866883677263202,concave
61.4591798587989,0.801431794791006,0.86735819786847,concave
61.5379780972277,0.801925283130487,0.867832389447525,concave
61.6168480024827,0.802418490406606,0.86830625204979,concave
61.6957896113034,0.802911416575172,0.868779785725246,concave
61.7748029604304,0.803404061592645,0.869252990524431,concave
61.8538880866051,0.803896425416121,0.869725866498434,concave
61.9330450265697,0.804388508003341,0.870198413698901,concave
62.0122738170677,0.804880309312682,0.870670632178023,concave
62.0915744948433,0.805371829303159,0.871142521988544,concave
62.1709470966414,0.805863067934424,0.871614083183752,concave
62.2503916592085,0.806354025166762,0.87208531581748,concave
62.3299082192912,0.806844700961088,0.872556219944104,concave
62.4094968136378,0.807335095278948,0.873026795618541,concave
62.4891574789967,0.807825208082517,0.873497042896247,concave
62.5688902521178,0.808315039334598,0.873966961833215,concave
62.6486951697517,0.808804588998616,0.874436552485975,concave
62.7285722686498,0.809293857038619,0.874905814911587,concave
62.8085215855644,0.80978284341928,0.875374749167645,concave
62.8885431572486,0.810271548105888,0.875843355312273,concave
62.968637020457,0.810759971064351,0.876311633404123,concave
63.0488032119441,0.811248112261194,0.876779583502371,concave
63.1290417684656,0.811735971663556,0.87724720566672,concave
63.2093527267786,0.812223549239187,0.877714499957394,concave
63.2897361236401,0.812710844956452,0.878181466435137,concave
63.3701919958086,0.81319785878432,0.878648105161213,concave
63.4507203800432,0.813684590692373,0.879114416197404,concave
63.531321313104,0.814171040650794,0.879580399606004,concave
63.6119948317518,0.814657208630374,0.880046055449823,concave
63.6927409727478,0.815143094602505,0.880511383792183,concave
63.7735597728549,0.815628698539178,0.880976384696912,concave
63.854451268836,0.816114020412986,0.881441058228352,concave
63.9354154974551,0.816599060197118,0.881905404451346,concave
64.0164524954769,0.817083817865357,0.882369423431243,concave
64.0975622996672,0.817568293392084,0.882833115233895,concave
64.1787449467921,0.818052486752269,0.883296479925657,concave
64.2600004736185,0.818536397921472,0.883759517573378,concave
64.3413289169148,0.819020026875846,0.884222228244408,concave
64.4227303134491,0.819503373592128,0.884684612006594,concave
64.5042046999911,0.81998643804764,0.885146668928273,concave
64.5857521133106,0.820469220220292,0.885608399078275,concave
64.6673725901785,0.820951720088571,0.886069802525922,concave
64.7490661673665,0.821433937631548,0.886530879341024,concave
64.8308328816467,0.821915872828872,0.886991629593877,concave
64.9126727697923,0.82239752566077,0.887452053355262,concave
64.9945858685768,0.822878896108044,0.887912150696445,concave
65.0765722147748,0.823359984152069,0.888371921689172,concave
65.1586318451613,0.823840789774795,0.888831366405669,concave
65.2407647965122,0.824321312958739,0.889290484918641,concave
65.3229711056041,0.824801553686992,0.889749277301269,concave
65.4052508092138,0.825281511943207,0.890207743627209,concave
65.4876039441196,0.825761187711606,0.89066588397059,concave
65.5700305470996,0.826240580976975,0.891123698406012,concave
65.6525306549335,0.826719691724663,0.891581187008545,concave
65.7351043044009,0.827198519940577,0.892038349853726,concave
65.8177515322821,0.827677065611186,0.892495187017559,concave
65.9004723753587,0.828155328723517,0.892951698576514,concave
65.9832668704121,0.828633309265153,0.893407884607522,concave
66.066135054225,0.829111007224228,0.893863745187975,concave
66.1490769635803,0.829588422589432,0.894319280395725,concave
66.2320926352616,0.830065555350007,0.894774490309084,concave
66.3151821060533,0.830542405495743,0.895229375006815,concave
66.3983454127404,0.831018973016978,0.895683934568142,concave
66.4815825921084,0.831495257904597,0.896138169072737,concave
66.5648936809432,0.83197126015003,0.896592078600724,concave
66.6482787160316,0.83244697974525,0.897045663232679,concave
66.731737734161,0.832922416682772,0.897498923049624,concave
66.8152707721191,0.833397570955651,0.897951858133026,concave
66.8988778666943,0.83387244255748,0.8984044685648,concave
66.9825590546758,0.83434703148239,0.898856754427302,concave
67.0663143728531,0.834821337725047,0.899308715803329,concave
67.1501438580163,0.83529536128065,0.899760352776117,concave
67.2340475469559,0.835769102144932,0.900211665429343,concave
67.3180254764635,0.836242560314155,0.900662653847119,concave
67.4020776833305,0.836715735785112,0.90111331811399,concave
67.4862042043495,0.837188628555121,0.901563658314938,concave
67.5704050763129,0.837661238622029,0.902013674535373,concave
67.6546803360144,0.838133565984205,0.902463366861137,concave
67.7390300202477,0.838605610640543,0.902912735378501,concave
67.8234541658071,0.839077372590457,0.903361780174161,concave
67.9079528094876,0.839548851833882,0.903810501335239,concave
67.9925259880846,0.840020048371269,0.904258898949282,concave
68.0771737383937,0.84049096220359,0.904706973104258,concave
68.1618960972112,0.840961593332327,0.905154723888554,concave
68.2466931013343,0.841431941759481,0.905602151390977,concave
68.3315647875601,0.841902007487562,0.906049255700755,concave
68.4165111926861,0.842371790519591,0.906496036907525,concave
68.5015323535109,0.842841290859099,0.906942495101345,concave
68.5866283068327,0.843310508510125,0.907388630372679,concave
68.671799089451,0.843779443477213,0.907834442812409,concave
68.7570447381653,0.844248095765411,0.90827993251182,concave
68.8423652897754,0.844716465380274,0.908725099562611,concave
68.9277607810819,0.845184552327855,0.909169944056882,concave
69.0132312488857,0.845652356614708,0.909614466087143,concave
69.0987767299878,0.846119878247886,0.910058665746302,concave
69.18439726119,0.846587117234938,0.910502543127674,concave
69.2700928792946,0.847054073583912,0.910946098324972,concave
69.3558636211036,0.847520747303346,0.911389331432307,concave
69.4417095234204,0.847987138402273,0.911832242544188,concave
69.527630623048,0.848453246890218,0.912274831755521,concave
69.6136269567902,0.848919072777194,0.912717099161604,concave
69.6996985614509,0.849384616073702,0.913159044858129,concave
69.7858454738346,0.849849876790733,0.913600668941179,concave
69.872067730746,0.850314854939759,0.914041971507228,concave
69.9583653689901,0.850779550532739,0.914482952653136,concave
70.0447384253726,0.851243963582113,0.91492361247615,concave
70.1311869366994,0.851708094100802,0.915363951073905,concave
70.2177109397766,0.852171942102208,0.915803968544416,concave
70.3043104714106,0.85263550760021,0.916243664986082,concave
70.3909855684083,0.853098790609163,0.916683040497684,concave
70.4777362675769,0.853561791143898,0.91712209517838,concave
70.5645626057238,0.854024509219718,0.917560829127707,concave
70.6514646196569,0.854486944852402,0.917999242445578,concave
70.7384423461844,0.854949098058196,0.918437335232281,concave
70.8254958221145,0.855410968853818,0.918875107588479,concave
70.912625084256,0.855872557256453,0.919312559615204,concave
70.9998301694179,0.856333863283751,0.919749691413861,concave
71.0871111144096,0.85679488695383,0.920186503086222,concave
71.1744679560404,0.857255628285271,0.920622994734429,concave
71.2619007311205,0.857716087297114,0.921059166460988,concave
71.3494094764594,0.858176264008866,0.92149501836877,concave
71.436994228868,0.858636158440487,0.921930550561012,concave
71.5246550251566,0.8590957706124,0.922365763141309,concave
71.6123919021362,0.859555100545481,0.922800656213618,concave
71.7002048966179,0.860014148261064,0.923235229882256,concave
71.7880940454131,0.860472913780936,0.923669484251898,concave
71.8760593853332,0.860931397127335,0.924103419427572,concave
71.9641009531901,0.861389598322952,0.924537035514663,concave
72.0522187857957,0.861847517390928,0.92497033261891,concave
72.1404129199626,0.862305154354848,0.925403310846403,concave
72.2286833925026,0.86276250923875,0.925835970303581,concave
72.3170302402289,0.863219582067113,0.926268311097236,concave
72.4054534999542,0.863676372864862,0.926700333334503,concave
72.4939532084912,0.864132881657365,0.927132037122868,concave
72.5825294026536,0.86458910847043,0.927563422570158,concave
72.6711821192546,0.865045053330306,0.927994489784546,concave
72.7599113951075,0.865500716263679,0.928425238874547,concave
72.8487172670263,0.865956097297676,0.928855669949015,concave
72.9375997718248,0.866411196459856,0.929285783117146,concave
73.0265589463173,0.866866013778215,0.929715578488472,concave
73.1155948273176,0.86732054928118,0.930145056172863,concave
73.2047074516403,0.867774802997612,0.930574216280522,concave
73.2938968560996,0.868228774956801,0.931003058921991,concave
73.3831630775105,0.868682465188467,0.931431584208139,concave
73.4725061526875,0.869135873722758,0.931859792250169,concave
73.5619261184454,0.869589000590247,0.932287683159614,concave
73.6514230115995,0.870041845821933,0.932715257048334,concave
73.7409968689645,0.870494409449239,0.933142514028518,concave
73.8306477273557,0.870946691504011,0.933569454212681,concave
73.9203756235884,0.871398692018514,0.933996077713661,concave
74.0101805944781,0.871850411025436,0.934422384644619,concave
74.1000626768402,0.872301848557879,0.93484837511904,concave
74.19002190749,0.872753004649367,0.935274049250728,concave
74.2800583232436,0.873203879333836,0.935699407153806,concave
74.3701719609165,0.87365447264564,0.936124448942716,concave
74.460362857324,0.874104784619542,0.936549174732216,concave
74.5506310492826,0.874554815290719,0.936973584637379,concave
74.6409765736078,0.875004564694762,0.937397678773594,concave
74.7313994671155,0.875454032867664,0.937821457256558,concave
74.8218997666217,0.875903219845831,0.938244920202284,concave
74.9124775089422,0.876352125666076,0.938668067727093,concave
75.0031327308935,0.876800750365615,0.939090899947615,concave
75.0938654692911,0.877249093982069,0.939513416980788,concave
75.1846757609513,0.877697156553462,0.939935618943856,concave
75.2755636426903,0.878144938118219,0.940357505954367,concave
75.3665291513239,0.878592438715166,0.940779078130174,concave
75.4575723236682,0.879039658383527,0.94120033558943,concave
75.5486931965393,0.879486597162924,0.941621278450593,concave
75.6398918067535,0.879933255093377,0.942041906832417,concave
75.7311681911265,0.880379632215298,0.942462220853956,concave
75.8225223864747,0.880825728569494,0.942882220634563,concave
75.9139544296134,0.881271544197168,0.943301906293883,concave
76.0054643573593,0.881717079139908,0.943721277951859,concave
76.0970522065281,0.882162333439698,0.944140335728726,concave
76.1887180139354,0.882607307138906,0.944559079745012,concave
76.2804618163971,0.883052000280291,0.944977510121537,concave
76.3722836507293,0.883496412906997,0.945395626979407,concave
76.4641835537473,0.883940545062553,0.94581343044002,concave
76.5561615622669,0.884384396790871,0.946230920625061,concave
76.6482177131035,0.884827968136248,0.946648097656499,concave
76.740352043073,0.885271259143359,0.94706496165659,concave
76.8325645889903,0.885714269857261,0.947481512747871,concave
76.9248553876711,0.886157000323391,0.947897751053165,concave
77.0172244759302,0.88659945058756,0.948313676695572,concave
77.109671890583,0.887041620695959,0.948729289798474,concave
77.2021976684444,0.887483510695152,0.949144590485533,concave
77.2948018463295,0.887925120632077,0.949559578880686,concave
77.3874844610527,0.888366450554046,0.949974255108148,concave
77.4802455494289,0.888807500508742,0.950388619292407,concave
77.5730851482724,0.889248270544216,0.950802671558227,concave
77.6660032943977,0.889688760708892,0.951216412030643,concave
77.759000024619,0.890128971051558,0.951629840834963,concave
77.8520753757503,0.890568901621372,0.952042958096764,concave
77.9452293846059,0.891008552467854,0.952455763941894,concave
78.0384620879992,0.891447923640891,0.952868258496465,concave
78.1317735227439,0.891887015190732,0.95328044188686,concave
78.2251637256536,0.892325827167987,0.953692314239724,concave
78.3186327335412,0.892764359623627,0.95410387568197,concave
78.4121805832201,0.893202612608984,0.954515126340769,concave
78.5058073115032,0.893640586175745,0.95492606634356,concave
78.599512955203,0.894078280375959,0.955336695818039,concave
78.6932975511323,0.894515695262025,0.955747014892163,concave
78.787161136103,0.8949528308867,0.956157023694146,concave
78.8811037469275,0.895389687303094,0.95656672235246,concave
78.9751254204177,0.89582626456467,0.956976110995836,concave
79.069226193385,0.896262562725241,0.957385189753254,concave
79.1634061026411,0.89669858183897,0.957793958753955,concave
79.2576651849971,0.897134321960369,0.958202418127427,concave
79.3520034772641,0.897569783144299,0.958610568003412,concave
79.4464210162525,0.898004965445964,0.959018408511903,concave
79.540917838773,0.898439868920917,0.95942593978314,concave
79.6354939816359,0.898874493625054,0.959833161947615,concave
79.7301494816508,0.899308839614613,0.960240075136063,concave
79.824884375628,0.899742906946175,0.960646679479467,concave
79.9196987003764,0.90017669567666,0.961052975109054,concave
80.0145924927055,0.900610205863329,0.961458962156296,concave
80.109565789424,0.901043437563782,0.961864640752906,concave
80.2046186273403,0.901476390835955,0.96227001103084,concave
80.299751043263,0.901909065738121,0.962675073122292,concave
80.3949630740001,0.902341462328886,0.963079827159698,concave
80.490254756359,0.902773580667192,0.963484273275729,concave
80.5856261271474,0.903205420812312,0.963888411603297,concave
80.6810772231722,0.903636982823854,0.964292242275545,concave
80.77660808124,0.904068266761752,0.964695765425856,concave
80.8722187381575,0.904499272686272,0.965098981187842,concave
80.9679092307308,0.904930000658008,0.965501889695351,concave
81.0636795957653,0.905360450737879,0.965904491082461,concave
81.1595298700668,0.905790622987133,0.96630678548348,concave
81.25546009044,0.906220517467342,0.966708773032947,concave
81.35147029369,0.906650134240399,0.967110453865628,concave
81.4475605166209,0.907079473368524,0.967511828116516,concave
81.5437307960368,0.907508534914255,0.967912895920832,concave
81.6399811687412,0.907937318940453,0.96831365741402,concave
81.7363116715375,0.908365825510296,0.968714112731747,concave
81.8327223412282,0.908794054687282,0.969114262009908,concave
81.9292132146163,0.909222006535225,0.969514105384614,concave
82.0257843285034,0.909649681118257,0.969913642992201,concave
82.1224357196915,0.910077078500821,0.970312874969221,concave
82.2191674249816,0.910504198747678,0.970711801452448,concave
82.3159794811748,0.9109310419239,0.971110422578872,concave
82.4128719250716,0.911357608094871,0.971508738485701,concave
82.5098447934719,0.911783897326285,0.971906749310357,concave
82.6068981231751,0.912209909684145,0.972304455190476,concave
82.7040319509806,0.912635645234765,0.972701856263909,concave
82.8012463136874,0.913061104044764,0.97309895266872,concave
82.8985412480935,0.913486286181069,0.973495744543182,concave
82.9959167909969,0.91391119171091,0.97389223202578,concave
83.0933729791948,0.914335820701824,0.974288415255209,concave
83.1909098494841,0.914760173221649,0.974684294370371,concave
83.2885274386616,0.915184249338524,0.975079869510374,concave
83.3862257835231,0.915608049120894,0.975475140814535,concave
83.4840049208643,0.916031572637498,0.975870108422377,concave
83.5818648874801,0.916454819957378,0.976264772473623,concave
83.6798057201651,0.916877791149872,0.976659133108202,concave
83.7778274557133,0.917300486284616,0.977053190466246,concave
83.8759301309185,0.917722905431539,0.977446944688086,concave
83.9741137825739,0.918145048660867,0.977840395914255,concave
84.0723784474715,0.918566916043121,0.978233544285485,concave
84.170724162404,0.918988507649112,0.978626389942704,concave
84.2691509641624,0.919409823549943,0.979018933027041,concave
84.3676588895382,0.919830863817009,0.979411173679819,concave
84.4662479753217,0.920251628521993,0.979803112042555,concave
84.5649182583029,0.920672117736867,0.980194748256963,concave
84.663669775271,0.921092331533891,0.980586082464948,concave
84.7625025630152,0.921512269985611,0.98097711480861,concave
84.8614166583237,0.921931933164858,0.981367845430237,concave
84.9604120979842,0.922351321144748,0.98175827447231,concave
85.0594889187839,0.92277043399868,0.982148402077498,concave
85.1586471575097,0.923189271800336,0.98253822838866,concave
85.2578868509477,0.923607834623679,0.982927753548839,concave
85.3572080358828,0.924026122542952,0.983316977701269,concave
85.4566107491004,0.924444135632677,0.983705900989365,concave
85.5560950273849,0.924861873967657,0.984094523556731,concave
85.6556609075198,0.925279337622968,0.984482845547151,concave
85.755308426288,0.925696526673967,0.984870867104593,concave
85.8550376204726,0.926113441196282,0.985258588373208,concave
85.9548485268552,0.926530081265819,0.985646009497326,concave
86.0547411822172,0.926946446958754,0.986033130621457,concave
86.1547156233392,0.927362538351539,0.98641995189029,concave
86.254771887001,0.927778355520893,0.986806473448692,concave
86.3549100099827,0.928193898543811,0.987192695441708,concave
86.4551300290623,0.928609167497552,0.987578618014558,concave
86.5554319810185,0.929024162459647,0.987964241312636,concave
86.6558159026289,0.929438883507892,0.988349565481514,concave
86.7562818306698,0.929853330720352,0.988734590666932,concave
86.8568298019181,0.930267504175354,0.989119317014806,concave
86.9574598531484,0.930681403951494,0.989503744671224,concave
87.0581720211363,0.931095030127628,0.989887873782442,concave
87.1589663426557,0.931508382782877,0.990271704494886,concave
87.2598428544803,0.93192146199662,0.990655236955151,concave
87.3608015933828,0.932334267848502,0.991038471310002,concave
87.461842596135,0.932746800418423,0.991421407706367,concave
87.562965899509,0.933159059786544,0.991804046291343,concave
87.6641715402749,0.933571046033283,0.992186387212191,concave
87.7654595552033,0.933982759239317,0.992568430616335,concave
87.866829981063,0.934394199485575,0.992950176651364,concave
87.968282854623,0.934805366853243,0.993331625465029,concave
88.0698182126508,0.935216261423764,0.993712777205241,concave
88.171436091914,0.935626883278828,0.994093632020074,concave
88.2731365291788,0.936037232500381,0.99447419005776,concave
88.3749195612106,0.93644730917062,0.99485445146669,concave
88.4767852247747,0.936857113371991,0.995234416395414,concave
88.5787335566353,0.937266645187191,0.995614084992636,concave
88.6807645935555,0.937675904699163,0.99599345740722,concave
88.7828783722987,0.938084891991099,0.996372533788183,concave
88.8850749296258,0.938493607146439,0.996751314284698,concave
88.9873543022987,0.938902050248864,0.997129799046089,concave
89.0897165270775,0.939310221382304,0.997507988221835,concave
89.192161640722,0.939718120630932,0.997885881961567,concave
89.2946896799908,0.940125748079162,0.998263480415065,concave
89.3973006816417,0.940533103811652,0.99864078373226,concave
89.4999946824322,0.940940187913298,0.999017792063231,concave
89.6027717191188,0.94134700046924,0.99939450555821,concave
89.705631828457,0.941753541564855,0.99977092436757,concave
89.8085750472015,0.942159811285758,1.00014704864184,concave
89.9116014121066,0.942565809717802,1.00052287853168,concave
90.0147109599251,0.942971536947076,1.0008984141879,concave
90.1179037274095,0.943376993059905,1.00127365576148,concave
90.2211797513112,0.943782178142849,1.0016486034035,concave
90.3245390683809,0.944187092282701,1.0020232572652,concave
90.4279817153684,0.944591735566487,1.00239761749799,concave
90.5315077290229,0.944996108081465,1.00277168425337,concave
90.6351171460922,0.945400209915125,1.00314545768303,concave
90.7388100033239,0.945804041155186,1.00351893793875,concave
90.8425863374639,0.946207601889596,1.0038921251725,concave
90.9464461852582,0.946610892206533,1.00426501953633,concave
91.0503895834513,0.947013912194402,1.00463762118249,concave
91.1544165687868,0.947416661941833,1.0050099302633,concave
91.2585271780078,0.947819141537684,1.00538194693128,concave
91.3627214478562,0.948221351071037,1.00575367133903,concave
91.4669994150731,0.948623290631198,1.00612510363932,concave
91.5713611163987,0.949024960307697,1.00649624398503,concave
91.6758065885723,0.949426360190284,1.00686709252919,concave
91.7803358683323,0.949827490368933,1.00723764942494,concave
91.8849489924164,0.950228350933839,1.00760791482557,concave
91.9896459975608,0.950628941975412,1.00797788888448,concave
92.094426920501,0.951029263584286,1.00834757175522,concave
92.1992917979722,0.951429315851311,1.00871696359146,concave
92.3042406667079,0.951829098867555,1.00908606454698,concave
92.4092735634407,0.952228612724301,1.00945487477571,concave
92.5143905249027,0.952627857513047,1.0098233944317,concave
92.6195915878248,0.953026833325508,1.01019162366912,concave
92.7248767889369,0.95342554025361,1.01055956264225,concave
92.8302461649679,0.953823978389495,1.01092721150552,concave
92.935699752646,0.954222147825514,1.01129457041347,concave
93.0412375886981,0.95462004865423,1.01166163952076,concave
93.1468597098506,0.955017680968417,1.01202841898216,concave
93.2525661528282,0.955415044861059,1.01239490895259,concave
93.358356954355,0.955812140425348,1.01276110958707,concave
93.4642321511543,0.956208967754684,1.01312702104072,concave
93.5701917799481,0.956605526942674,1.01349264346882,concave
93.6762358774578,0.95700181808313,1.01385797702673,concave
93.7823644804029,0.957397841270072,1.01422302186995,concave
93.8885776255033,0.957793596597722,1.01458777815407,concave
93.9948753494761,0.958189084160508,1.01495224603483,concave
94.1012576890391,0.958584304053058,1.01531642566805,concave
94.2077246809081,0.958979256370206,1.01568031720969,concave
94.3142763617978,0.959373941206983,1.0160439208158,concave
94.4209127684224,0.959768358658625,1.01640723664255,concave
94.5276339374946,0.960162508820563,1.01677026484622,concave
94.6344399057267,0.96055639178843,1.01713300558321,concave
94.7413307098286,0.960950007658056,1.01749545901002,concave
94.848306386511,0.961343356525468,1.01785762528327,concave
94.9553669724824,0.961736438486891,1.01821950455965,concave
95.0625125044498,0.962129253638743,1.01858109699602,concave
95.1697430191199,0.962521802077639,1.01894240274928,concave
95.2770585531986,0.962914083900388,1.01930342197649,concave
95.3844591433896,0.96330609920399,1.01966415483479,concave
95.4919448263966,0.96369784808564,1.02002460148142,concave
95.5995156389217,0.964089330642723,1.02038476207373,concave
95.7071716176659,0.964480546972815,1.02074463676917,concave
95.8149127993292,0.964871497173684,1.02110422572531,concave
95.9227392206103,0.965262181343284,1.0214635290998,concave
96.030650918207,0.965652599579761,1.02182254705039,concave
96.1386479288161,0.966042751981447,1.02218127973494,concave
96.2467302891328,0.966432638646859,1.02253972731141,concave
96.3548980358515,0.966822259674704,1.02289788993786,concave
96.4631512056656,0.967211615163871,1.02325576777243,concave
96.5714898352669,0.967600705213438,1.02361336097339,concave
96.6799139613468,0.96798952992266,1.02397066969906,concave
96.7884236205945,0.968378089390982,1.02432769410791,concave
96.8970188496989,0.968766383718027,1.02468443435846,concave
97.0056996853473,0.969154413003602,1.02504089060934,concave
97.1144661642265,0.969542177347692,1.02539706301928,concave
97.2233183230209,0.969929676850465,1.02575295174711,concave
97.3322561984149,0.970316911612267,1.02610855695172,concave
97.4412798270912,0.970703881733621,1.02646387879213,concave
97.5503892457313,0.971090587315231,1.02681891742742,concave
97.6595844910156,0.971477028457974,1.02717367301678,concave
97.7688655996233,0.971863205262907,1.02752814571948,concave
97.8782326082323,0.972249117831261,1.02788233569488,concave
97.9876855535195,0.97263476626444,1.02823624310244,concave
98.0972244721606,0.973020150664025,1.02858986810169,concave
98.2068494008295,0.973405271131767,1.02894321085225,concave
98.3165603761995,0.973790127769594,1.02929627151383,concave
98.4263574349433,0.974174720679601,1.02964905024624,concave
98.5362406137303,0.974559049964057,1.03000154720935,concave
98.6462099492308,0.974943115725399,1.03035376256312,concave
98.7562654781125,0.975326918066237,1.03070569646761,concave
98.8664072370427,0.975710457089345,1.03105734908294,concave
98.976635262687,0.97609373289767,1.03140872056933,concave
99.0869495917098,0.976476745594323,1.03175981108708,concave
99.1973502607744,0.976859495282584,1.03211062079655,concave
99.3078373065422,0.977241982065896,1.03246114985821,concave
99.4184107656744,0.97762420604787,1.03281139843259,concave
99.5290706748304,0.978006167332279,1.03316136668031,concave
99.6398170706681,0.978387866023062,1.03351105476205,concave
99.7506499898442,0.97876930222432,1.03386046283859,concave
99.8615694690142,0.979150476040315,1.03420959107077,concave
99.9725755448328,0.979531387575474,1.03455843961953,concave
100.083668253952,0.979912036934381,1.03490700864585,concave
100.194847633024,0.980292424221782,1.03525529831082,concave
100.306113718699,0.980672549542583,1.03560330877558,concave
100.417466547627,0.981052413001848,1.03595104020135,concave
100.528906156454,0.981432014704799,1.03629849274943,concave
100.640432581827,0.981811354756815,1.03664566658119,concave
100.752045860391,0.982190433263433,1.03699256185807,concave
100.863746028789,0.982569250330343,1.03733917874157,concave
100.975533123665,0.982947806063395,1.03768551739329,concave
101.087407181658,0.983326100568589,1.03803157797488,concave
101.19936823941,0.98370413395208,1.03837736064805,concave
101.311416333557,0.984081906320178,1.0387228655746,concave
101.423551500737,0.984459417779343,1.03906809291638,concave
101.535773777585,0.98483666843619,1.03941304283533,concave
101.648083200736,0.985213658397481,1.03975771549343,concave
101.760479806822,0.985590387770132,1.04010211105274,concave
101.872963632475,0.985966856661205,1.04044622967539,concave
101.985534714325,0.986343065177915,1.04079007152358,concave
102.098193089,0.986719013427622,1.04113363675955,concave
102.210938793128,0.987094701517837,1.04147692554562,concave
102.323771863335,0.987470129556214,1.04181993804419,concave
102.436692336245,0.987845297650558,1.04216267441768,concave
102.549700248481,0.988220205908814,1.04250513482861,concave
102.662795636665,0.988594854439078,1.04284731943955,concave
102.775978537416,0.988969243349586,1.04318922841313,concave
102.889248987355,0.989343372748718,1.04353086191203,concave
103.002607023098,0.989717242745,1.04387222009901,concave
103.116052681261,0.990090853447097,1.04421330313688,concave
103.229585998458,0.990464204963817,1.0445541111885,concave
103.343207011303,0.990837297404109,1.04489464441681,concave
103.456915756407,0.991210130877062,1.04523490298477,concave
103.570712270381,0.991582705491906,1.04557488705544,concave
103.684596589833,0.991955021358007,1.0459145967919,concave
103.79856875137,0.992327078584873,1.04625403235732,concave
103.912628791598,0.992698877282146,1.0465931939149,concave
104.026776747122,0.993070417559609,1.04693208162789,concave
104.141012654544,0.993441699527178,1.04727069565962,concave
104.255336550466,0.993812723294907,1.04760903617346,concave
104.369748471487,0.994183488972983,1.04794710333282,concave
104.484248454206,0.99455399667173,1.04828489730118,concave
104.59883653522,0.994924246501603,1.04862241824207,concave
104.713512751123,0.995294238573193,1.04895966631906,concave
104.828277138511,0.995663972997222,1.04929664169578,concave
104.943129733975,0.996033449884544,1.04963334453592,concave
105.058070574106,0.996402669346144,1.04996977500318,concave
105.173099695493,0.996771631493138,1.05030593326136,concave
105.288217134725,0.997140336436773,1.05064181947428,concave
105.403422928387,0.997508784288423,1.05097743380581,concave
105.518717113065,0.997876975159593,1.05131277641986,concave
105.634099725341,0.998244909161915,1.05164784748041,concave
105.749570801797,0.99861258640715,1.05198264715146,concave
105.865130379014,0.998980007007182,1.05231717559709,concave
105.980778493569,0.999347171074026,1.05265143298138,concave
106.096515182039,0.99971407871982,1.05298541946848,concave
106.212340481001,1.00008073005683,1.0533191352226,concave
106.328254427028,1.00044712519744,1.05365258040796,concave
106.444257056693,1.00081326425416,1.05398575518884,concave
106.560348406566,1.00117914733963,1.05431865972957,concave
106.676528513215,1.0015447745666,1.0546512941945,concave
106.79279741321,1.00191014604796,1.05498365874803,concave
106.909155143115,1.0022752618967,1.05531575355463,concave
107.025601739496,1.00264012222595,1.05564757877876,concave
107.142137238914,1.00300472714895,1.05597913458495,concave
107.258761677931,1.00336907677905,1.05631042113777,concave
107.375475093107,1.00373317122975,1.05664143860182,concave
107.492277520999,1.00409701061463,1.05697218714175,concave
107.609168998164,1.00446059504742,1.05730266692222,concave
107.726149561157,1.00482392464194,1.05763287810796,concave
107.84321924653,1.00518699951214,1.05796282086371,concave
107.960378090836,1.0055498197721,1.05829249535427,concave
108.077626130623,1.00591238553599,1.05862190174446,concave
108.19496340244,1.0062746969181,1.05895104019914,concave
108.312389942834,1.00663675403286,1.05927991088321,concave
108.429905788348,1.00699855699477,1.05960851396158,concave
108.547510975528,1.00736010591848,1.05993684959923,concave
108.665205540913,1.00772140091873,1.06026491796114,concave
108.782989521045,1.00808244211039,1.06059271921235,concave
108.90086295246,1.00844322960843,1.06092025351791,concave
109.018825871697,1.00880376352792,1.06124752104292,concave
109.136878315289,1.00916404398407,1.06157452195249,concave
109.255020319769,1.00952407109217,1.06190125641179,concave
109.373251921669,1.00988384496763,1.06222772458598,concave
109.49157315752,1.01024336572598,1.06255392664029,concave
109.609984063849,1.01060263348284,1.06287986273995,concave
109.728484677181,1.01096164835394,1.06320553305024,concave
109.847075034043,1.01132041045513,1.06353093773645,concave
109.965755170957,1.01167891990234,1.06385607696391,concave
110.084525124444,1.01203717681165,1.06418095089797,concave
110.203384931024,1.01239518129919,1.06450555970401,concave
110.322334627215,1.01275293348123,1.06482990354744,concave
110.441374249532,1.01311043347415,1.06515398259368,concave
110.56050383449,1.0134676813944,1.0654777970082,concave
110.679723418602,1.01382467735855,1.06580134695648,concave
110.799033038378,1.01418142148329,1.06612463260402,concave
110.918432730327,1.01453791388538,1.06644765411635,concave
111.037922530957,1.01489415468171,1.06677041165902,concave
111.157502476774,1.01525014398924,1.06709290539762,concave
111.277172604281,1.01560588192506,1.06741513549773,concave
111.39693294998,1.01596136860633,1.06773710212499,concave
111.516783550372,1.01631660415035,1.06805880544502,concave
111.636724441955,1.01667158867447,1.06838024562349,concave
111.756755661225,1.01702632229617,1.06870142282609,concave
111.876877244678,1.01738080513301,1.06902233721852,concave
111.997089228807,1.01773503730266,1.0693429889665,concave
112.117391650103,1.01808901892289,1.06966337823577,concave
112.237784545057,1.01844275011154,1.0699835051921,concave
112.358267950154,1.01879623098657,1.07030337000126,concave
112.478841901882,1.01914946166602,1.07062297282905,concave
112.599506436724,1.01950244226803,1.07094231384129,concave
112.720261591163,1.01985517291084,1.0712613932038,concave
112.84110740168,1.02020765371278,1.07158021108243,concave
112.962043904753,1.02055988479225,1.07189876764304,concave
113.083071136858,1.02091186626777,1.07221706305152,concave
113.204189134471,1.02126359825794,1.07253509747376,concave
113.325397934065,1.02161508088145,1.07285287107567,concave
113.446697572111,1.02196631425709,1.07317038402316,concave
113.568088085079,1.02231729850372,1.07348763648218,concave
113.689569509437,1.02266803374032,1.07380462861868,concave
113.811141881649,1.02301852008592,1.07412136059862,concave
113.93280523818,1.02336875765967,1.07443783258797,concave
114.054559615493,1.02371874658079,1.07475404475272,concave
114.176405050046,1.02406848696859,1.07506999725888,concave
114.298341578299,1.02441797894248,1.07538569027244,concave
114.420369236707,1.02476722262194,1.07570112395944,concave
114.542488061725,1.02511621812654,1.0760162984859,concave
114.664698089806,1.02546496557593,1.07633121401787,concave
114.786999357401,1.02581346508987,1.07664587072139,concave
114.909391900958,1.02616171678816,1.07696026876252,concave
115.031875756924,1.02650972079073,1.07727440830734,concave
115.154450961745,1.02685747721757,1.07758828952191,concave
115.277117551863,1.02720498618873,1.07790191257233,concave
115.399875563719,1.0275522478244,1.07821527762468,concave
115.522725033753,1.02789926224479,1.07852838484507,concave
115.645665998402,1.02824602957023,1.07884123439959,concave
115.768698494102,1.02859254992112,1.07915382645436,concave
115.891822557285,1.02893882341794,1.0794661611755,concave
116.015038224384,1.02928485018125,1.07977823872912,concave
116.138345531828,1.02963063033168,1.08009005928136,concave
116.261744516045,1.02997616398996,1.08040162299834,concave
116.385235213459,1.03032145127687,1.0807129300462,concave
116.508817660496,1.03066649231329,1.08102398059108,concave
116.632491893576,1.03101128722017,1.08133477479912,concave
116.75625794912,1.03135583611853,1.08164531283647,concave
116.880115863545,1.03170013912948,1.08195559486927,concave
117.004065673268,1.03204419637419,1.08226562106368,concave
117.128107414702,1.03238800797392,1.08257539158584,concave
117.252241124258,1.03273157405,1.08288490660191,concave
117.376466838348,1.03307489472382,1.08319416627803,concave
117.500784593378,1.03341797011686,1.08350317078037,concave
117.625194425754,1.03376080035068,1.08381192027508,concave
117.749696371881,1.03410338554689,1.0841204149283,concave
117.874290468161,1.03444572582718,1.0844286549062,concave
117.998976750993,1.03478782131333,1.08473664037492,concave
118.123755256775,1.03512967212717,1.08504437150062,concave
118.248626021903,1.03547127839061,1.08535184844943,concave
118.373589082772,1.03581264022562,1.08565907138752,concave
118.498644475771,1.03615375775426,1.08596604048101,concave
118.623792237292,1.03649463109864,1.08627275589606,concave
118.749032403723,1.03683526038095,1.08657921779879,concave
118.874365011448,1.03717564572344,1.08688542635534,concave
118.999790096852,1.03751578724845,1.08719138173184,concave
119.125307696315,1.03785568507836,1.08749708409441,concave
119.250917846219,1.03819533933562,1.08780253360917,concave
119.376620582939,1.03853475014277,1.08810773044224,concave
119.502415942853,1.03887391762239,1.08841267475972,concave
119.628303962332,1.03921284189715,1.08871736672771,concave
119.754284677748,1.03955152308976,1.08902180651231,concave
119.880358125471,1.03988996132301,1.08932599427961,concave
120.006524341867,1.04022815671976,1.08962993019569,concave
120.132783363302,1.04056610940292,1.08993361442662,concave
120.259135226138,1.04090381949546,1.09023704713847,concave
120.385579966737,1.04124128712045,1.0905402284973,concave
120.512117621457,1.04157851240096,1.09084315866915,concave
120.638748226655,1.04191549546019,1.09114583782007,concave
120.765471818686,1.04225223642134,1.09144826611608,concave
120.892288433901,1.04258873540773,1.09175044372321,concave
121.019198108651,1.04292499254268,1.09205237080747,concave
121.146200879285,1.04326100794963,1.09235404753485,concave
121.273296782148,1.04359678175203,1.09265547407136,concave
121.400485853585,1.04393231407343,1.09295665058295,concave
121.527768129937,1.04426760503741,1.09325757723561,concave
121.655143647544,1.04460265476761,1.09355825419529,concave
121.782612442744,1.04493746338776,1.09385868162793,concave
121.910174551872,1.0452720310216,1.09415885969946,concave
122.037830011261,1.04560635779298,1.09445878857579,concave
122.165578857242,1.04594044382576,1.09475846842284,concave
122.293421126145,1.04627428924387,1.09505789940648,concave
122.421356854296,1.04660789417133,1.09535708169261,concave
122.54938607802,1.04694125873216,1.09565601544707,concave
122.677508833639,1.04727438305048,1.09595470083572,concave
122.805725157473,1.04760726725044,1.09625313802439,concave
122.934035085841,1.04793991145625,1.0965513271789,concave
123.062438655059,1.04827231579218,1.09684926846505,concave
123.19093590144,1.04860448038255,1.09714696204862,concave
123.319526861296,1.04893640535174,1.09744440809538,concave
123.448211570936,1.04926809082416,1.09774160677109,concave
123.576990066667,1.0495995369243,1.09803855824148,concave
123.705862384795,1.04993074377669,1.09833526267227,concave
123.834828561622,1.05026171150591,1.09863172022916,concave
123.963888633448,1.05059244023658,1.09892793107782,concave
124.093042636572,1.0509229300934,1.09922389538394,concave
124.22229060729,1.05125318120109,1.09951961331314,concave
124.351632581897,1.05158319368444,1.09981508503107,concave
124.481068596682,1.05191296766828,1.10011031070331,concave
124.610598687937,1.0522425032775,1.10040529049547,concave
124.740222891947,1.05257180063701,1.10070002457311,concave
124.869941244999,1.05290085987181,1.10099451310178,concave
124.999753783374,1.05322968110692,1.101288756247,concave
125.129660543353,1.0535582644674,1.10158275417428,concave
125.259661561215,1.05388661007838,1.1018765070491,concave
125.389756873235,1.05421471806503,1.10217001503693,concave
125.519946515687,1.05454258855257,1.1024632783032,concave
125.650230524842,1.05487022166624,1.10275629701334,concave
125.780608936969,1.05519761753135,1.10304907133275,concave
125.911081788336,1.05552477627325,1.10334160142679,concave
126.041649115206,1.05585169801734,1.10363388746081,concave
126.172310953843,1.05617838288906,1.10392592960015,concave
126.303067340505,1.05650483101388,1.10421772801011,concave
126.433918311451,1.05683104251733,1.10450928285596,concave
126.564863902937,1.05715701752498,1.10480059430296,concave
126.695904151214,1.05748275616244,1.10509166251634,concave
126.827039092535,1.05780825855537,1.1053824876613,concave
126.958268763148,1.05813352482945,1.10567306990303,concave
127.089593199297,1.05845855511042,1.10596340940668,concave
127.221012437229,1.05878334952407,1.10625350633738,concave
127.352526513184,1.05910790819621,1.10654336086022,concave
127.484135463402,1.0594322312527,1.10683297314029,concave
127.615839324118,1.05975631881943,1.10712234334263,concave
127.747638131569,1.06008017102235,1.10741147163227,concave
127.879531921985,1.06040378798743,1.1077003581742,concave
128.011520731598,1.06072716984069,1.10798900313338,concave
128.143604596634,1.06105031670818,1.10827740667476,concave
128.275783553319,1.06137322871599,1.10856556896324,concave
128.408057637875,1.06169590599027,1.10885349016371,concave
128.540426886524,1.06201834865716,1.10914117044102,concave
128.672891335481,1.06234055684288,1.10942860995999,concave
128.805451020966,1.06266253067367,1.10971580888542,concave
128.93810597919,1.06298427027581,1.11000276738207,concave
129.070856246363,1.0633057757756,1.11028948561468,concave
129.203701858696,1.0636270472994,1.11057596374795,concave
129.336642852394,1.06394808497359,1.11086220194655,concave
129.469679263661,1.06426888892459,1.11114820037513,concave
129.602811128698,1.06458945927885,1.11143395919831,concave
129.736038483705,1.06490979616286,1.11171947858065,concave
129.869361364878,1.06522989970313,1.11200475868671,concave
130.002779808412,1.06554977002623,1.112289799681,concave
130.136293850498,1.06586940725873,1.11257460172802,concave
130.269903527326,1.06618881152726,1.1128591649922,concave
130.403608875083,1.06650798295847,1.11314348963798,concave
130.537409929954,1.06682692167903,1.11342757582973,concave
130.67130672812,1.06714562781567,1.11371142373181,concave
130.805299305762,1.06746410149514,1.11399503350854,concave
130.939387699057,1.06778234284419,1.1142784053242,concave
131.073571944179,1.06810035198965,1.11456153934304,concave
131.207852077302,1.06841812905836,1.11484443572928,concave
131.342228134596,1.06873567417716,1.11512709464711,concave
131.476700152227,1.06905298747297,1.11540951626066,concave
131.611268166361,1.06937006907271,1.11569170073405,concave
131.745932213161,1.06968691910333,1.11597364823136,concave
131.880692328788,1.07000353769181,1.11625535891662,concave
132.015548549397,1.07031992496516,1.11653683295384,concave
132.150500911146,1.07063608105042,1.11681807050698,concave
132.285549450188,1.07095200607465,1.11709907173999,concave
132.420694202671,1.07126770016495,1.11737983681674,concave
132.555935204745,1.07158316344844,1.11766036590111,concave
132.691272492554,1.07189839605225,1.1179406591569,concave
132.826706102241,1.07221339810356,1.1182207167479,concave
132.962236069948,1.07252816972957,1.11850053883786,concave
133.097862431811,1.07284271105749,1.11878012559049,concave
133.233585223967,1.07315702221457,1.11905947716944,concave
133.369404482548,1.07347110332809,1.11933859373834,concave
133.505320243685,1.07378495452534,1.1196174754608,concave
133.641332543505,1.07409857593363,1.11989612250036,concave
133.777441418135,1.07441196768031,1.12017453502053,concave
133.913646903695,1.07472512989274,1.12045271318478,concave
134.049949036309,1.07503806269832,1.12073065715654,concave
134.186347852093,1.07535076622445,1.12100836709922,concave
134.322843387162,1.07566324059857,1.12128584317615,concave
134.459435677629,1.07597548594813,1.12156308555066,concave
134.596124759605,1.07628750240062,1.121840094386,concave
134.732910669197,1.07659929008352,1.12211686984541,concave
134.869793442509,1.07691084912436,1.12239341209208,concave
135.006773115646,1.07722217965067,1.12266972128916,concave
135.143849724708,1.07753328179002,1.12294579759973,concave
135.28102330579,1.07784415566999,1.12322164118688,concave
135.418293894989,1.07815480141817,1.12349725221362,concave
135.555661528397,1.07846521916219,1.12377263084292,concave
135.693126242103,1.07877540902969,1.12404777723772,concave
135.830688072195,1.07908537114831,1.12432269156091,concave
135.968347054758,1.07939510564574,1.12459737397534,concave
136.106103225873,1.07970461264967,1.12487182464382,concave
136.243956621621,1.08001389228781,1.1251460437291,concave
136.381907278077,1.08032294468788,1.1254200313939,concave
136.519955231318,1.08063176997764,1.12569378780089,concave
136.658100517412,1.08094036828485,1.1259673131127,concave
136.796343172432,1.08124873973728,1.12624060749192,concave
136.934683232442,1.08155688446273,1.12651367110108,concave
137.073120733506,1.08186480258901,1.12678650410268,concave
137.211655711687,1.08217249424394,1.12705910665916,concave
137.350288203043,1.08247995955538,1.12733147893292,concave
137.489018243628,1.08278719865117,1.12760362108633,concave
137.627845869499,1.08309421165919,1.12787553328169,concave
137.766771116704,1.08340099870732,1.12814721568127,concave
137.905794021292,1.08370755992347,1.12841866844729,concave
138.044914619309,1.08401389543554,1.12868989174191,concave
138.184132946799,1.08432000537147,1.12896088572725,concave
138.3234490398,1.08462588985919,1.12923165056541,concave
138.462862934351,1.08493154902665,1.1295021864184,concave
138.602374666487,1.08523698300183,1.12977249344821,concave
138.741984272239,1.0855421919127,1.13004257181677,concave
138.881691787638,1.08584717588725,1.13031242168597,concave
139.021497248712,1.08615193505348,1.13058204321764,concave
139.161400691483,1.0864564695394,1.13085143657358,concave
139.301402151974,1.08676077947304,1.13112060191552,concave
139.441501666204,1.08706486498244,1.13138953940516,concave
139.581699270189,1.08736872619563,1.13165824920413,concave
139.721994999944,1.08767236324068,1.13192673147404,concave
139.862388891478,1.08797577624564,1.13219498637643,concave
140.0028809808,1.0882789653386,1.13246301407279,concave
140.143471303916,1.08858193064764,1.13273081472456,concave
140.284159896829,1.08888467230084,1.13299838849313,concave
140.424946795539,1.08918719042633,1.13326573553986,concave
140.565832036044,1.08948948515219,1.13353285602603,concave
140.706815654339,1.08979155660656,1.13379975011289,concave
140.847897686414,1.09009340491755,1.13406641796163,concave
140.98907816826,1.09039503021331,1.13433285973339,concave
141.130357135864,1.09069643262198,1.13459907558924,concave
141.27173462521,1.09099761227169,1.13486506569025,concave
141.413210672279,1.09129856929062,1.13513083019738,concave
141.554785313048,1.09159930380691,1.13539636927157,concave
141.696458583495,1.09189981594875,1.1356616830737,concave
141.838230519593,1.0922001058443,1.13592677176461,concave
141.980101157311,1.09250017362174,1.13619163550506,concave
142.122070532616,1.09280001940925,1.13645627445577,concave
142.264138681476,1.09309964333504,1.13672068877743,concave
142.406305639849,1.09339904552728,1.13698487863065,concave
142.548571443697,1.09369822611419,1.13724884417598,concave
142.690936128977,1.09399718522396,1.13751258557395,concave
142.833399731641,1.09429592298481,1.137776102985,concave
142.975962287641,1.09459443952494,1.13803939656954,concave
143.118623832925,1.09489273497257,1.13830246648792,concave
143.261384403439,1.09519080945593,1.13856531290043,concave
143.404244035124,1.09548866310322,1.1388279359673,concave
143.547202763922,1.09578629604267,1.13909033584873,concave
143.69026062577,1.09608370840251,1.13935251270485,concave
143.833417656602,1.09638090031097,1.13961446669572,concave
143.97667389235,1.09667787189628,1.13987619798137,concave
144.120029368941,1.09697462328667,1.14013770672176,concave
144.263484122303,1.09727115461038,1.14039899307679,concave
144.407038188358,1.09756746599563,1.14066005720633,concave
144.550691603028,1.09786355757066,1.14092089927017,concave
144.694444402229,1.09815942946372,1.14118151942804,concave
144.838296621877,1.09845508180302,1.14144191783963,concave
144.982248297882,1.09875051471682,1.14170209466457,concave
145.126299466156,1.09904572833335,1.14196205006243,concave
145.270450162603,1.09934072278083,1.14222178419272,concave
145.414700423128,1.09963549818751,1.14248129721489,concave
145.559050283631,1.09993005468163,1.14274058928835,concave
145.703499780009,1.1002243923914,1.14299966057244,concave
145.84804894816,1.10051851144507,1.14325851122643,concave
145.992697823973,1.10081241197086,1.14351714140956,concave
146.137446443338,1.101106094097,1.143775551281,concave
146.282294842143,1.10139955795171,1.14403374099985,concave
146.42724305627,1.10169280366322,1.14429171072516,concave
146.572291121601,1.10198583135974,1.14454946061593,concave
146.717439074014,1.1022786411695,1.14480699083109,concave
146.862686949382,1.1025712332207,1.14506430152952,concave
147.008034783579,1.10286360764156,1.14532139287003,concave
147.153482612475,1.10315576456028,1.14557826501138,concave
147.299030471935,1.10344770410507,1.14583491811226,concave
147.444678397823,1.10373942640411,1.14609135233132,concave
147.590426425999,1.10403093158562,1.14634756782714,concave
147.736274592322,1.10432221977776,1.14660356475822,concave
147.882222932647,1.10461329110873,1.14685934328303,concave
148.028271482826,1.10490414570671,1.14711490355997,concave
148.174420278707,1.10519478369987,1.14737024574738,concave
148.320669356138,1.10548520521637,1.14762537000352,concave
148.467018750961,1.10577541038438,1.14788027648663,concave
148.613468499017,1.10606539933205,1.14813496535485,concave
148.760018636143,1.10635517218753,1.14838943676627,concave
148.906669198175,1.10664472907897,1.14864369087894,concave
149.053420220944,1.10693407013449,1.14889772785082,concave
149.200271740278,1.10722319548223,1.14915154783982,concave
149.347223792004,1.10751210525031,1.14940515100379,concave
149.494276411944,1.10780079956684,1.14965853750052,concave
149.64142963592,1.10808927855992,1.14991170748774,concave
149.788683499747,1.10837754235765,1.1501646611231,concave
149.93603803924,1.10866559108813,1.15041739856421,concave
150.08349329021,1.10895342487943,1.1506699199686,concave
150.231049288466,1.10924104385962,1.15092222549375,concave
150.378706069812,1.10952844815677,1.15117431529707,concave
150.526463670052,1.10981563789893,1.15142618953591,concave
150.674322124985,1.11010261321415,1.15167784836756,concave
150.822281470407,1.11038937423045,1.15192929194923,concave
150.970341742112,1.11067592107586,1.1521805204381,concave
151.118502975891,1.1109622538784,1.15243153399125,concave
151.26676520753,1.11124837276607,1.15268233276572,concave
151.415128472815,1.11153427786687,1.15293291691848,concave
151.563592807528,1.11181996930877,1.15318328660643,concave
151.712158247446,1.11210544721975,1.15343344198641,concave
151.860824828346,1.11239071172777,1.1536833832152,concave
152.009592586002,1.11267576296078,1.15393311044951,concave
152.158461556181,1.11296060104671,1.15418262384598,concave
152.307431774651,1.1132452261135,1.1544319235612,concave
152.456503277177,1.11352963828904,1.15468100975169,concave
152.605676099518,1.11381383770125,1.1549298825739,concave
152.754950277433,1.11409782447802,1.15517854218421,concave
152.904325846676,1.11438159874721,1.15542698873896,concave
153.053802842999,1.11466516063669,1.15567522239438,concave
153.20338130215,1.11494851027431,1.15592324330668,concave
153.353061259876,1.11523164778791,1.15617105163199,concave
153.50284275192,1.1155145733053,1.15641864752635,concave
153.652725814021,1.1157972869543,1.15666603114577,concave
153.802710481916,1.1160797888627,1.15691320264616,concave
153.952796791338,1.11636207915828,1.1571601621834,concave
154.102984778018,1.11664415796881,1.15740690991327,concave
154.253274477683,1.11692602542204,1.15765344599151,concave
154.403665926059,1.11720768164569,1.15789977057377,concave
154.554159158867,1.1174891267675,1.15814588381565,concave
154.704754211825,1.11777036091517,1.15839178587267,concave
154.855451120648,1.11805138421639,1.15863747690031,concave
155.00624992105,1.11833219679883,1.15888295705394,concave
155.157150648739,1.11861279879016,1.15912822648889,concave
155.308153339422,1.118893190318,1.15937328536043,concave
155.459258028802,1.11917337151,1.15961813382374,concave
155.610464752579,1.11945334249375,1.15986277203395,concave
155.76177354645,1.11973310339686,1.16010720014611,concave
155.91318444611,1.12001265434689,1.16035141831521,concave
156.064697487248,1.1202919954714,1.16059542669616,concave
156.216312705555,1.12057112689794,1.16083922544382,concave
156.368030136712,1.12085004875403,1.16108281471296,concave
156.519849816403,1.12112876116717,1.16132619465831,concave
156.671771780307,1.12140726426485,1.1615693654345,concave
156.823796064098,1.12168555817455,1.16181232719611,concave
156.975922703451,1.1219636430237,1.16205508009765,concave
157.128151734033,1.12224151893975,1.16229762429356,concave
157.28048319151,1.12251918605011,1.1625399599382,concave
157.432917111546,1.12279664448217,1.16278208718588,concave
157.585453529802,1.12307389436331,1.16302400619082,concave
157.738092481933,1.12335093582088,1.16326571710718,concave
157.890834003595,1.12362776898222,1.16350722008906,concave
158.043678130438,1.12390439397465,1.16374851529047,concave
158.196624898108,1.12418081092546,1.16398960286537,concave
158.349674342251,1.12445701996193,1.16423048296764,concave
158.502826498508,1.12473302121133,1.16447115575108,concave
158.656081402519,1.12500881480087,1.16471162136945,concave
158.809439089916,1.12528440085778,1.1649518799764,concave
158.962899596332,1.12555977950926,1.16519193172554,concave
159.116462957397,1.12583495088247,1.16543177677039,concave
159.270129208735,1.12610991510457,1.16567141526442,concave
159.42389838597,1.12638467230269,1.16591084736101,concave
159.577770524721,1.12665922260393,1.16615007321348,concave
159.731745660603,1.12693356613539,1.16638909297508,concave
159.885823829231,1.12720770302413,1.16662790679897,concave
160.040005066215,1.12748163339719,1.16686651483826,concave
160.19428940716,1.1277553573816,1.16710491724598,concave
160.348676887671,1.12802887510434,1.1673431141751,concave
160.503167543347,1.1283021866924,1.16758110577849,concave
160.657761409787,1.12857529227273,1.16781889220898,concave
160.812458522584,1.12884819197225,1.1680564736193,concave
160.96725891733,1.12912088591788,1.16829385016214,concave
161.122162629611,1.12939337423649,1.1685310219901,concave
161.277169695013,1.12966565705494,1.16876798925569,concave
161.432280149117,1.12993773450008,1.16900475211137,concave
161.587494027501,1.1302096066987,1.16924131070954,concave
161.74281136574,1.13048127377759,1.1694776652025,concave
161.898232199407,1.13075273586353,1.16971381574248,concave
162.053756564069,1.13102399308324,1.16994976248166,concave
162.209384495293,1.13129504556344,1.17018550557212,concave
162.365116028639,1.13156589343081,1.17042104516588,concave
162.520951199668,1.13183653681202,1.1706563814149,concave
162.676890043935,1.13210697583371,1.17089151447105,concave
162.832932596993,1.13237721062249,1.17112644448611,concave
162.98907889439,1.13264724130494,1.17136117161183,concave
163.145328971674,1.13291706800763,1.17159569599985,concave
163.301682864387,1.13318669085709,1.17183001780176,concave
163.458140608069,1.13345610997982,1.17206413716905,concave
163.614702238256,1.13372532550233,1.17229805425317,concave
163.771367790482,1.13399433755105,1.17253176920547,concave
163.928137300276,1.13426314625241,1.17276528217723,concave
164.085010803165,1.13453175173283,1.17299859331966,concave
164.241988334674,1.13480015411867,1.1732317027839,concave
164.399069930322,1.13506835353629,1.17346461072102,concave
164.556255625626,1.13533635011201,1.17369731728199,concave
164.7135454561,1.13560414397211,1.17392982261773,concave
164.870939457254,1.13587173524287,1.17416212687908,concave
165.028437664597,1.13613912405052,1.1743942302168,concave
165.186040113631,1.13640631052128,1.17462613278158,concave
165.343746839857,1.13667329478132,1.17485783472404,concave
165.501557878774,1.1369400769568,1.17508933619471,concave
165.659473265875,1.13720665717385,1.17532063734406,concave
165.817493036653,1.13747303555857,1.17555173832247,concave
165.975617226592,1.13773921223701,1.17578263928026,concave
166.133845871178,1.13800518733522,1.17601334036767,concave
166.292179005894,1.13827096097921,1.17624384173486,concave
166.450616666216,1.13853653329497,1.17647414353191,concave
166.609158887619,1.13880190440843,1.17670424590884,concave
166.767805705574,1.13906707444553,1.17693414901558,concave
166.926557155549,1.13933204353216,1.177163853002,concave
167.085413273009,1.13959681179417,1.17739335801787,concave
167.244374093416,1.13986137935741,1.17762266421291,concave
167.403439652227,1.14012574634767,1.17785177173674,concave
167.562609984898,1.14038991289072,1.17808068073893,concave
167.721885126878,1.1406538791123,1.17830939136895,concave
167.881265113618,1.14091764513813,1.17853790377621,concave
168.040749980561,1.14118121109389,1.17876621811002,concave
168.20033976315,1.14144457710522,1.17899433451965,concave
168.360034496822,1.14170774329774,1.17922225315427,concave
168.519834217013,1.14197070979703,1.17944997416297,concave
168.679738959153,1.14223347672866,1.17967749769477,concave
168.839748758672,1.14249604421814,1.17990482389862,concave
168.999863650994,1.14275841239097,1.18013195292339,concave
169.16008367154,1.14302058137261,1.18035888491785,concave
169.32040885573,1.14328255128847,1.18058562003073,concave
169.480839238977,1.14354432226397,1.18081215841067,concave
169.641374856694,1.14380589442445,1.18103850020621,concave
169.802015744288,1.14406726789526,1.18126464556584,concave
169.962761937166,1.14432844280169,1.18149059463796,concave
170.123613470727,1.144589419269,1.1817163475709,concave
170.28457038037,1.14485019742242,1.18194190451291,concave
170.445632701491,1.14511077738716,1.18216726561215,concave
170.606800469479,1.14537115928839,1.18239243101673,concave
170.768073719725,1.14563134325122,1.18261740087464,concave
170.929452487612,1.14589132940077,1.18284217533384,concave
171.090936808522,1.14615111786209,1.18306675454218,concave
171.252526717833,1.14641070876022,1.18329113864744,concave
171.414222250919,1.14667010222016,1.18351532779733,concave
171.576023443151,1.14692929836687,1.18373932213946,concave
171.737930329899,1.14718829732528,1.18396312182139,concave
171.899942946524,1.14744709922028,1.18418672699059,concave
172.062061328391,1.14770570417673,1.18441013779443,concave
172.224285510855,1.14796411231946,1.18463335438024,concave
172.386615529271,1.14822232377327,1.18485637689525,concave
172.54905141899,1.14848033866289,1.18507920548661,concave
172.71159321536,1.14873815711307,1.18530184030139,concave
172.874240953724,1.14899577924848,1.18552428148659,concave
173.036994669424,1.14925320519377,1.18574652918914,concave
173.199854397797,1.14951043507355,1.18596858355586,concave
173.362820174177,1.14976746901242,1.18619044473352,concave
173.525892033893,1.1500243071349,1.1864121128688,concave
173.689070012274,1.15028094956551,1.1866335881083,concave
173.852354144643,1.15053739642873,1.18685487059854,concave
174.015744466321,1.15079364784897,1.18707596048596,concave
174.179241012623,1.15104970395065,1.18729685791693,concave
174.342843818863,1.15130556485813,1.18751756303773,concave
174.506552920353,1.15156123069572,1.18773807599457,concave
174.670368352398,1.15181670158773,1.18795839693357,concave
174.834290150301,1.15207197765841,1.18817852600078,concave
174.998318349361,1.15232705903196,1.18839846334215,concave
175.162452984876,1.15258194583258,1.18861820910359,concave
175.326694092138,1.15283663818439,1.18883776343089,concave
175.491041706436,1.15309113621151,1.18905712646978,concave
175.655495863057,1.15334544003799,1.1892762983659,concave
175.820056597282,1.15359954978788,1.18949527926483,concave
175.984723944391,1.15385346558516,1.18971406931204,concave
176.14949793966,1.15410718755378,1.18993266865295,concave
176.314378618359,1.15436071581766,1.19015107743288,concave
176.479366015759,1.15461405050068,1.19036929579707,concave
176.644460167125,1.15486719172667,1.19058732389069,concave
176.809661107718,1.15512013961944,1.19080516185883,concave
176.974968872795,1.15537289430275,1.19102280984648,concave
177.140383497612,1.15562545590031,1.19124026799858,concave
177.305905017423,1.15587782453583,1.19145753645996,concave
177.471533467471,1.15613000033294,1.19167461537539,concave
177.637268883004,1.15638198341525,1.19189150488955,concave
177.80311129926,1.15663377390632,1.19210820514703,concave
177.969060751479,1.15688537192969,1.19232471629237,concave
178.135117274893,1.15713677760885,1.19254103847,concave
178.301280904734,1.15738799106724,1.19275717182427,concave
178.467551676228,1.15763901242827,1.19297311649947,concave
178.633929624599,1.15788984181532,1.19318887263979,concave
178.800414785066,1.15814047935172,1.19340444038934,concave
178.967007192847,1.15839092516075,1.19361981989217,concave
179.133706883153,1.15864117936567,1.19383501129221,concave
179.300513891194,1.15889124208969,1.19405001473335,concave
179.467428252177,1.15914111345597,1.19426483035937,concave
179.634450001303,1.15939079358766,1.19447945831399,concave
179.801579173772,1.15964028260782,1.19469389874082,concave
179.968815804779,1.15988958063953,1.19490815178342,concave
180.136159929515,1.16013868780577,1.19512221758524,concave
180.303611583171,1.16038760422952,1.19533609628968,concave
180.471170800928,1.16063633003371,1.19554978804002,concave
180.638837617971,1.16088486534122,1.1957632929795,concave
180.806612069475,1.16113321027489,1.19597661125124,concave
180.974494190615,1.16138136495752,1.19618974299831,concave
181.142484016563,1.16162932951188,1.19640268836368,concave
181.310581582484,1.16187710406069,1.19661544749023,concave
181.478786923544,1.16212468872661,1.19682802052078,concave
181.6471000749,1.16237208363229,1.19704040759805,concave
181.815521071712,1.16261928890032,1.1972526088647,concave
181.984049949132,1.16286630465325,1.19746462446327,concave
182.152686742307,1.16311313101359,1.19767645453627,concave
182.321431486385,1.16335976810381,1.19788809922608,concave
182.490284216509,1.16360621604633,1.19809955867501,concave
182.659244967816,1.16385247496353,1.19831083302532,concave
182.828313775442,1.16409854497776,1.19852192241914,concave
182.997490674519,1.16434442621131,1.19873282699854,concave
183.166775700175,1.16459011878643,1.19894354690552,concave
183.336168887534,1.16483562282534,1.19915408228198,concave
183.505670271717,1.1650809384502,1.19936443326974,concave
183.675279887842,1.16532606578315,1.19957460001053,concave
183.844997771021,1.16557100494625,1.19978458264602,concave
184.014823956368,1.16581575606155,1.19999438131778,concave
184.184758478986,1.16606031925105,1.2002039961673,concave
184.354801373979,1.16630469463669,1.20041342733599,concave
184.524952676448,1.16654888234039,1.20062267496518,concave
184.695212421486,1.16679288248401,1.2008317391961,concave
184.865580644189,1.16703669518936,1.20104062016992,concave
185.036057379643,1.16728032057823,1.20124931802771,concave
185.206642662933,1.16752375877234,1.20145783291047,concave
185.377336529142,1.16776700989339,1.20166616495911,concave
185.548139013347,1.16801007406301,1.20187431431446,concave
185.719050150623,1.16825295140282,1.20208228111725,concave
185.890069976041,1.16849564203435,1.20229006550816,concave
186.061198524666,1.16873814607913,1.20249766762776,concave
186.232435831563,1.16898046365862,1.20270508761654,concave
186.403781931794,1.16922259489423,1.20291232561492,concave
186.575236860411,1.16946453990735,1.20311938176322,concave
186.746800652469,1.16970629881931,1.20332625620169,concave
186.918473343017,1.16994787175139,1.20353294907049,concave
187.0902549671,1.17018925882483,1.20373946050971,concave
187.26214555976,1.17043046016083,1.20394579065932,concave
187.434145156036,1.17067147588054,1.20415193965925,concave
187.60625379096,1.17091230610506,1.20435790764932,concave
187.778471499566,1.17115295095545,1.20456369476927,concave
187.950798316879,1.17139341055273,1.20476930115877,concave
188.123234277924,1.17163368501786,1.20497472695739,concave
188.29577941772,1.17187377447177,1.20517997230463,concave
188.468433771284,1.17211367903533,1.20538503733988,concave
188.641197373628,1.17235339882936,1.20558992220249,concave
188.814070259762,1.17259293397466,1.20579462703169,concave
188.987052464691,1.17283228459197,1.20599915196663,concave
189.160144023417,1.17307145080196,1.20620349714639,concave
189.333344970937,1.1733104327253,1.20640766270996,concave
189.506655342247,1.17354923048257,1.20661164879625,concave
189.680075172336,1.17378784419432,1.20681545554407,concave
189.853604496193,1.17402627398107,1.20701908309217,concave
190.027243348801,1.17426451996327,1.2072225315792,concave
190.200991765138,1.17450258226133,1.20742580114372,concave
190.374849780183,1.17474046099562,1.20762889192423,concave
190.548817428906,1.17497815628645,1.20783180405912,concave
190.722894746278,1.17521566825409,1.20803453768671,concave
190.897081767263,1.17545299701877,1.20823709294523,concave
191.071378526822,1.17569014270066,1.20843946997284,concave
191.245785059913,1.17592710541989,1.20864166890759,concave
191.420301401491,1.17616388529654,1.20884368988746,concave
191.594927586505,1.17640048245064,1.20904553305036,concave
191.769663649903,1.17663689700218,1.20924719853409,concave
191.944509626627,1.1768731290711,1.20944868647638,concave
192.119465551617,1.17710917877728,1.20964999701487,concave
192.294531459809,1.17734504624057,1.20985113028711,concave
192.469707386134,1.17758073158077,1.21005208643059,concave
192.64499336552,1.17781623491761,1.21025286558269,concave
192.820389432893,1.17805155637079,1.21045346788071,concave
192.995895623173,1.17828669605997,1.21065389346188,concave
193.171511971277,1.17852165410474,1.21085414246333,concave
193.347238512119,1.17875643062466,1.2110542150221,concave
193.523075280608,1.17899102573922,1.21125411127517,concave
193.699022311651,1.1792254395679,1.21145383135942,concave
193.875079640149,1.17945967223008,1.21165337541163,concave
194.051247301003,1.17969372384514,1.21185274356853,concave
194.227525329103,1.17992759453237,1.21205193596674,concave
194.403913759346,1.18016128441105,1.2122509527428,concave
194.580412626616,1.18039479360037,1.21244979403317,concave
194.757021965798,1.1806281222195,1.21264845997422,concave
194.933741811771,1.18086127038756,1.21284695070224,concave
195.110572199412,1.18109423822361,1.21304526635343,concave
195.287513163594,1.18132702584665,1.21324340706391,concave
195.464564739183,1.18155963337566,1.2134413729697,concave
195.641726961048,1.18179206092955,1.21363916420677,concave
195.818999864047,1.18202430862719,1.21383678091097,concave
195.996383483042,1.18225637658739,1.21403422321807,concave
196.173877852882,1.18248826492891,1.21423149126378,concave
196.351483008417,1.18271997377048,1.21442858518369,concave
196.529198984499,1.18295150323076,1.21462550511334,concave
196.707025815965,1.18318285342837,1.21482225118815,concave
196.884963537656,1.18341402448187,1.21501882354348,concave
197.063012184407,1.18364501650978,1.2152152223146,concave
197.24117179105,1.18387582963056,1.21541144763669,concave
197.419442392411,1.18410646396263,1.21560749964484,concave
197.597824023314,1.18433691962436,1.21580337847407,concave
197.776316718581,1.18456719673406,1.21599908425931,concave
197.954920513025,1.18479729540999,1.21619461713539,concave
198.133635441464,1.18502721577037,1.21638997723707,concave
198.312461538701,1.18525695793336,1.21658516469902,concave
198.491398839544,1.18548652201707,1.21678017965582,concave
198.670447378793,1.18571590813957,1.21697502224199,concave
198.849607191247,1.18594511641887,1.21716969259192,concave
199.028878311699,1.18617414697292,1.21736419083995,concave
199.208260774936,1.18640299991963,1.21755851712032,concave
199.387754615749,1.18663167537687,1.21775267156719,concave
199.567359868917,1.18686017346244,1.21794665431464,concave
199.747076569222,1.18708849429408,1.21814046549665,concave
199.926904751434,1.18731663798952,1.21833410524712,concave
200.106844450328,1.18754460466639,1.21852757369988,concave
200.286895700668,1.18777239444231,1.21872087098864,concave
200.46705853722,1.18800000743481,1.21891399724706,concave
200.647332994742,1.1882274437614,1.2191069526087,concave
200.82771910799,1.18845470353953,1.21929973720703,concave
201.008216911717,1.18868178688658,1.21949235117545,concave
201.18882644067,1.18890869391991,1.21968479464724,concave
201.369547729595,1.1891354247568,1.21987706775564,concave
201.550380813231,1.18936197951449,1.22006917063377,concave
201.731325726316,1.18958835831017,1.22026110341469,concave
201.912382503581,1.18981456126097,1.22045286623134,concave
202.093551179758,1.19004058848397,1.22064445921662,concave
202.274831789569,1.19026644009621,1.2208358825033,concave
202.456224367739,1.19049211621467,1.2210271362241,concave
202.637728948983,1.19071761695627,1.22121822051162,concave
202.819345568016,1.19094294243788,1.22140913549841,concave
203.001074259549,1.19116809277633,1.22159988131692,concave
203.182915058287,1.19139306808837,1.22179045809949,concave
203.364867998932,1.19161786849074,1.22198086597841,concave
203.546933116186,1.19184249410009,1.22217110508587,concave
203.729110444738,1.19206694503304,1.22236117555398,concave
203.911400019282,1.19229122140613,1.22255107751474,concave
204.093801874508,1.19251532333588,1.2227408111001,concave
204.276316045094,1.19273925093874,1.2229303764419,concave
204.458942565723,1.19296300433111,1.22311977367191,concave
204.641681471069,1.19318658362933,1.22330900292179,concave
204.824532795805,1.19340998894969,1.22349806432314,concave
205.007496574598,1.19363322040844,1.22368695800746,concave
205.190572842112,1.19385627812176,1.22387568410618,concave
205.373761633007,1.19407916220579,1.22406424275061,concave
205.557062981941,1.1943018727766,1.22425263407202,concave
205.740476923563,1.19452440995022,1.22444085820155,concave
205.924003492526,1.19474677384263,1.2246289152703,concave
206.107642723472,1.19496896456974,1.22481680540923,concave
206.291394651045,1.19519098224742,1.22500452874926,concave
206.475259309879,1.19541282699148,1.22519208542121,concave
206.659236734607,1.19563449891768,1.2253794755558,concave
206.843326959859,1.19585599814173,1.22556669928368,concave
207.027530020262,1.19607732477927,1.22575375673541,concave
207.211845950437,1.19629847894591,1.22594064804147,concave
207.396274785001,1.19651946075719,1.22612737333223,concave
207.580816558567,1.19674027032858,1.22631393273802,concave
207.765471305748,1.19696090777554,1.22650032638903,concave
207.950239061149,1.19718137321345,1.2266865544154,concave
208.13511985937,1.19740166675762,1.22687261694718,concave
208.320113735012,1.19762178852333,1.22705851411432,concave
208.50522072267,1.1978417386258,1.22724424604669,concave
208.690440856932,1.19806151718019,1.22742981287409,concave
208.875774172387,1.19828112430161,1.2276152147262,concave
209.061220703616,1.19850056010513,1.22780045173266,concave
209.246780485201,1.19871982470573,1.22798552402297,concave
209.432453551714,1.19893891821836,1.22817043172659,concave
209.618239937727,1.19915784075793,1.22835517497288,concave
209.804139677808,1.19937659243925,1.2285397538911,concave
209.990152806519,1.19959517337712,1.22872416861044,concave
210.176279358424,1.19981358368627,1.22890841926,concave
210.362519368072,1.20003182348135,1.22909250596879,concave
210.548872870019,1.200249892877,1.22927642886573,concave
210.735339898812,1.20046779198778,1.22946018807967,concave
210.921920488994,1.20068552092818,1.22964378373937,concave
211.108614675109,1.20090307981268,1.22982721597348,concave
211.295422491686,1.20112046875565,1.2300104849106,concave
211.482343973263,1.20133768787145,1.23019359067922,concave
211.669379154368,1.20155473727437,1.23037653340775,concave
211.85652806952,1.20177161707863,1.23055931322452,concave
212.043790753245,1.20198832739841,1.23074193025777,concave
212.231167240059,1.20220486834783,1.23092438463564,concave
212.418657564472,1.20242124004096,1.23110667648621,concave
212.606261760995,1.20263744259182,1.23128880593746,concave
212.793979864133,1.20285347611434,1.23147077311727,concave
212.981811908384,1.20306934072245,1.23165257815347,concave
213.169757928247,1.20328503652997,1.23183422117377,concave
213.357817958217,1.20350056365069,1.23201570230581,concave
213.545992032779,1.20371592219836,1.23219702167714,concave
213.734280186421,1.20393111228664,1.23237817941523,concave
213.922682453623,1.20414613402916,1.23255917564746,concave
214.111198868863,1.20436098753948,1.23274001050111,concave
214.299829466614,1.20457567293112,1.2329206841034,concave
214.488574281347,1.20479019031752,1.23310119658145,concave
214.677433347523,1.20500453981208,1.23328154806229,concave
214.866406699609,1.20521872152815,1.23346173867287,concave
215.055494372059,1.20543273557901,1.23364176854005,concave
215.244696399328,1.20564658207789,1.23382163779062,concave
215.434012815866,1.20586026113796,1.23400134655126,concave
215.623443656118,1.20607377287234,1.23418089494858,concave
215.812988954528,1.2062871173941,1.2343602831091,concave
216.00264874553,1.20650029481623,1.23453951115925,concave
216.192423063561,1.20671330525168,1.23471857922538,concave
216.382311943049,1.20692614881335,1.23489748743375,concave
216.572315418422,1.20713882561407,1.23507623591053,concave
216.762433524101,1.20735133576662,1.23525482478182,concave
216.952666294505,1.20756367938372,1.23543325417363,concave
217.143013764046,1.20777585657805,1.23561152421186,concave
217.333475967137,1.2079878674622,1.23578963502235,concave
217.52405293818,1.20819971214873,1.23596758673085,concave
217.714744711584,1.20841139075013,1.23614537946301,concave
217.905551321741,1.20862290337885,1.23632301334441,concave
218.096472803049,1.20883425014728,1.23650048850054,concave
218.287509189896,1.20904543116772,1.23667780505681,concave
218.47866051667,1.20925644655246,1.23685496313852,concave
218.669926817751,1.2094672964137,1.23703196287091,concave
218.861308127522,1.20967798086361,1.23720880437912,concave
219.052804480354,1.20988850001427,1.23738548778822,concave
219.244415910616,1.21009885397773,1.23756201322317,concave
219.43614245268,1.21030904286597,1.23773838080887,concave
219.627984140904,1.21051906679093,1.23791459067011,concave
219.819941009647,1.21072892586446,1.23809064293161,concave
220.012013093266,1.21093862019839,1.238266537718,concave
220.20420042611,1.21114814990447,1.23844227515382,concave
220.396503042524,1.21135751509439,1.23861785536354,concave
220.588920976853,1.2115667158798,1.23879327847152,concave
220.781454263435,1.21177575237229,1.23896854460205,concave
220.974102936605,1.21198462468337,1.23914365387933,concave
221.166867030692,1.21219333292452,1.23931860642748,concave
221.359746580023,1.21240187720714,1.23949340237053,concave
221.552741618923,1.2126102576426,1.23966804183242,concave
221.745852181709,1.21281847434219,1.239842524937,concave
221.939078302694,1.21302652741714,1.24001685180805,concave
222.132420016191,1.21323441697864,1.24019102256926,concave
222.325877356508,1.21344214313782,1.24036503734423,concave
222.519450357942,1.21364970600573,1.24053889625647,concave
222.713139054798,1.21385710569339,1.24071259942941,concave
222.906943481367,1.21406434231175,1.24088614698639,concave
223.100863671939,1.2142714159717,1.24105953905067,concave
223.294899660803,1.21447832678408,1.24123277574543,concave
223.489051482241,1.21468507485966,1.24140585719375,concave
223.68331917053,1.21489166030916,1.24157878351863,concave
223.877702759946,1.21509808324324,1.24175155484299,concave
224.072202284762,1.21530434377252,1.24192417128965,concave
224.26681777924,1.21551044200752,1.24209663298136,concave
224.461549277643,1.21571637805875,1.24226894004079,concave
224.656396814232,1.21592215203663,1.24244109259049,concave
224.851360423262,1.21612776405153,1.24261309075297,concave
225.046440138979,1.21633321421377,1.24278493465061,concave
225.241635995634,1.21653850263359,1.24295662440574,concave
225.436948027467,1.21674362942121,1.24312816014059,concave
225.632376268717,1.21694859468675,1.24329954197731,concave
225.827920753619,1.2171533985403,1.24347077003794,concave
226.023581516402,1.21735804109187,1.24364184444447,concave
226.219358591294,1.21756252245145,1.24381276531879,concave
226.415252012514,1.21776684272892,1.24398353278269,concave
226.611261814286,1.21797100203414,1.2441541469579,concave
226.807388030818,1.21817500047689,1.24432460796605,concave
227.003630696324,1.21837883816692,1.24449491592869,concave
227.19998984501,1.21858251521388,1.24466507096727,concave
227.396465511072,1.21878603172739,1.24483507320317,concave
227.593057728718,1.21898938781701,1.24500492275769,concave
227.789766532136,1.21919258359224,1.24517461975203,concave
227.986591955517,1.2193956191625,1.2453441643073,concave
228.183534033046,1.21959849463719,1.24551355654455,concave
228.380592798908,1.21980121012563,1.24568279658472,concave
228.577768287275,1.22000376573706,1.24585188454868,concave
228.775060532328,1.22020616158071,1.2460208205572,concave
228.972469568232,1.22040839776571,1.24618960473098,concave
229.169995429152,1.22061047440115,1.24635823719063,concave
229.367638149251,1.22081239159605,1.24652671805667,concave
229.56539776269,1.22101414945939,1.24669504744954,concave
229.763274303618,1.22121574810007,1.24686322548959,concave
229.961267806186,1.22141718762695,1.24703125229708,concave
230.159378304538,1.22161846814882,1.2471991279922,concave
230.357605832818,1.2218195897744,1.24736685269505,concave
230.555950425162,1.22202055261238,1.24753442652564,concave
230.754412115701,1.22222135677137,1.2477018496039,concave
230.952990938566,1.22242200235992,1.24786912204966,concave
231.151686927885,1.22262248948653,1.24803624398268,concave
231.350500117773,1.22282281825965,1.24820321552264,concave
231.549430542351,1.22302298878764,1.24837003678911,concave
231.748478235735,1.22322300117883,1.24853670790162,concave
231.947643232027,1.22342285554148,1.24870322897955,concave
232.146925565334,1.22362255198379,1.24886960014226,concave
232.346325269757,1.22382209061391,1.24903582150899,concave
232.545842379393,1.22402147153991,1.24920189319889,concave
232.745476928336,1.22422069486982,1.24936781533104,concave
232.94522895067,1.22441976071161,1.24953358802444,concave
233.145098480487,1.22461866917317,1.249699211398,concave
233.345085551856,1.22481742036237,1.24986468557052,concave
233.545190198864,1.22501601438697,1.25003001066076,concave
233.745412455577,1.22521445135472,1.25019518678736,concave
233.945752356065,1.22541273137328,1.25036021406888,concave
234.146209934395,1.22561085455025,1.25052509262382,concave
234.34678522462,1.22580882099319,1.25068982257057,concave
234.547478260798,1.22600663080959,1.25085440402743,concave
234.748289076985,1.22620428410687,1.25101883711265,concave
234.949217707226,1.22640178099242,1.25118312194436,concave
235.150264185564,1.22659912157353,1.25134725864062,concave
235.351428546037,1.22679630595747,1.25151124731941,concave
235.552710822683,1.22699333425141,1.25167508809861,concave
235.754111049533,1.22719020656251,1.25183878109603,concave
235.955629260611,1.22738692299782,1.25200232642938,concave
236.157265489947,1.22758348366437,1.25216572421631,concave
236.359019771552,1.22777988866911,1.25232897457437,concave
236.560892139443,1.22797613811893,1.25249207762101,concave
236.762882627635,1.22817223212066,1.25265503347363,concave
236.964991270132,1.22836817078109,1.25281784224951,concave
237.167218100933,1.22856395420692,1.25298050406588,concave
237.369563154044,1.22875958250482,1.25314301903986,concave
237.572026463454,1.22895505578137,1.25330538728848,concave
237.774608063153,1.22915037414312,1.25346760892872,concave
237.977307987129,1.22934553769654,1.25362968407745,concave
238.180126269364,1.22954054654804,1.25379161285145,concave
238.383062943837,1.22973540080399,1.25395339536743,concave
238.586118044518,1.22993010057067,1.25411503174202,concave
238.789291605382,1.23012464595434,1.25427652209175,concave
238.992583660387,1.23031903706116,1.25443786653307,concave
239.195994243503,1.23051327399724,1.25459906518236,concave
239.399523388683,1.23070735686866,1.25476011815589,concave
239.603171129882,1.2309012857814,1.25492102556987,concave
239.806937501048,1.23109506084141,1.25508178754042,concave
240.010822536124,1.23128868215455,1.25524240418356,concave
240.214826269055,1.23148214982665,1.25540287561524,concave
240.418948733776,1.23167546396346,1.25556320195132,concave
240.62318996422,1.23186862467069,1.25572338330759,concave
240.827549994314,1.23206163205396,1.25588341979974,concave
241.032028857985,1.23225448621886,1.25604331154339,concave
241.23662658915,1.2324471872709,1.25620305865405,concave
241.441343221728,1.23263973531554,1.25636266124717,concave
241.646178789631,1.23283213045818,1.25652211943811,concave
241.851133326764,1.23302437280415,1.25668143334215,concave
242.056206867037,1.23321646245873,1.25684060307447,concave
242.261399444346,1.23340839952713,1.25699962875019,concave
242.466711092581,1.23360018411452,1.25715851048433,concave
242.672141845643,1.23379181632599,1.25731724839182,concave
242.877691737413,1.23398329626657,1.25747584258752,concave
243.083360801778,1.23417462404124,1.25763429318621,concave
243.289149072615,1.23436579975491,1.25779260030257,concave
243.495056583799,1.23455682351245,1.2579507640512,concave
243.701083369203,1.23474769541863,1.25810878454663,concave
243.90722946269,1.23493841557821,1.2582666619033,concave
244.113494898123,1.23512898409586,1.25842439623555,concave
244.319879709365,1.23531940107618,1.25858198765765,concave
244.526383930264,1.23550966662373,1.25873943628379,concave
244.733007594675,1.23569978084301,1.25889674222808,concave
244.939750736443,1.23588974383845,1.25905390560453,concave
245.146613389405,1.23607955571441,1.25921092652708,concave
245.353595587404,1.23626921657522,1.25936780510957,concave
245.560697364274,1.23645872652513,1.25952454146578,concave
245.767918753842,1.23664808566831,1.25968113570939,concave
245.975259789932,1.23683729410892,1.259837587954,concave
246.182720506368,1.23702635195102,1.25999389831312,concave
246.390300936965,1.23721525929861,1.2601500669002,concave
246.59800111554,1.23740401625565,1.26030609382859,concave
246.805821075895,1.23759262292603,1.26046197921154,concave
247.013760851838,1.23778107941358,1.26061772316224,concave
247.221820477169,1.23796938582206,1.2607733257938,concave
247.429999985688,1.23815754225518,1.26092878721924,concave
247.638299411182,1.23834554881659,1.26108410755148,concave
247.846718787438,1.23853340560988,1.26123928690337,concave
248.055258148244,1.23872111273857,1.26139432538769,concave
248.263917527378,1.23890867030613,1.26154922311712,concave
248.472696958616,1.23909607841596,1.26170398020427,concave
248.681596475728,1.23928333717141,1.26185859676164,concave
248.89061611248,1.23947044667577,1.26201307290167,concave
249.099755902639,1.23965740703225,1.26216740873673,concave
249.309015879961,1.23984421834402,1.26232160437907,concave
249.518396078201,1.24003088071418,1.26247565994088,concave
249.72789653111,1.24021739424578,1.26262957553427,concave
249.937517272434,1.24040375904179,1.26278335127125,concave
250.147258335918,1.24058997520513,1.26293698726377,concave
250.357119755292,1.24077604283867,1.26309048362368,concave
250.5671015643,1.24096196204521,1.26324384046274,concave
250.777203796666,1.24114773292747,1.26339705789266,concave
250.987426486117,1.24133335558815,1.26355013602503,concave
251.197769666372,1.24151883012986,1.26370307497138,concave
251.40823337115,1.24170415665515,1.26385587484314,concave
251.618817634166,1.24188933526652,1.26400853575169,concave
251.829522489127,1.2420743660664,1.26416105780828,concave
252.040347969736,1.24225924915718,1.26431344112413,concave
252.251294109697,1.24244398464116,1.26446568581032,concave
252.462360942705,1.24262857262059,1.2646177919779,concave
252.673548502448,1.24281301319768,1.26476975973781,concave
252.884856822621,1.24299730647454,1.26492158920091,concave
253.096285936906,1.24318145255326,1.26507328047798,concave
253.307835878981,1.24336545153584,1.26522483367971,concave
253.51950668252,1.24354930352423,1.26537624891673,concave
253.731298381198,1.24373300862032,1.26552752629956,concave
253.943211008679,1.24391656692594,1.26567866593866,concave
254.155244598632,1.24409997854286,1.26582966794439,concave
254.367399184706,1.24428324357277,1.26598053242704,concave
254.579674800565,1.24446636211733,1.26613125949681,concave
254.792071479852,1.24464933427812,1.26628184926383,concave
255.004589256218,1.24483216015667,1.26643230183812,concave
255.217228163304,1.24501483985443,1.26658261732966,concave
255.429988234748,1.24519737347282,1.26673279584831,concave
255.642869504185,1.24537976111317,1.26688283750387,concave
255.855872005238,1.24556200287676,1.26703274240604,concave
256.068995771541,1.24574409886481,1.26718251066446,concave
256.282240836713,1.24592604917849,1.26733214238867,concave
256.49560723437,1.24610785391888,1.26748163768814,concave
256.709094998121,1.24628951318703,1.26763099667224,concave
256.922704161581,1.24647102708392,1.26778021945029,concave
257.136434758348,1.24665239571046,1.26792930613149,concave
257.350286822032,1.2468336191675,1.26807825682498,concave
257.564260386217,1.24701469755584,1.26822707163982,concave
257.778355484505,1.24719563097621,1.26837575068499,concave
257.992572150478,1.24737641952928,1.26852429406937,concave
258.206910417721,1.24755706331567,1.26867270190177,concave
258.421370319814,1.24773756243592,1.26882097429092,concave
258.635951890331,1.24791791699053,1.26896911134547,concave
258.850655162845,1.24809812707993,1.26911711317398,concave
259.065480170923,1.24827819280447,1.26926497988494,concave
259.280426948123,1.24845811426448,1.26941271158674,concave
259.495495528009,1.24863789156019,1.26956030838771,concave
259.710685944128,1.24881752479179,1.26970777039608,concave
259.925998230037,1.2489970140594,1.26985509772001,concave
260.141432419282,1.2491763594631,1.27000229046758,concave
260.356988545401,1.24935556110287,1.27014934874678,concave
260.57266664193,1.24953461907867,1.27029627266553,concave
260.788466742408,1.24971353349037,1.27044306233165,concave
261.004388880358,1.2498923044378,1.2705897178529,concave
261.22043308931,1.2500709320207,1.27073623933694,concave
261.436599402783,1.25024941633879,1.27088262689136,concave
261.652887854291,1.25042775749169,1.27102888062367,concave
261.869298477345,1.25060595557899,1.27117500064129,concave
262.085831305462,1.2507840107002,1.27132098705157,concave
262.302486372136,1.25096192295477,1.27146683996178,concave
262.519263710873,1.2511396924421,1.27161255947908,concave
262.736163355167,1.25131731926152,1.27175814571059,concave
262.953185338506,1.2514948035123,1.27190359876332,concave
263.17032969438,1.25167214529365,1.27204891874422,concave
263.387596456275,1.25184934470472,1.27219410576013,concave
263.60498565766,1.25202640184461,1.27233915991785,concave
263.822497332017,1.25220331681234,1.27248408132406,concave
264.040131512815,1.25238008970687,1.27262887008537,concave
264.257888233522,1.25255672062711,1.27277352630833,concave
264.475767527597,1.25273320967192,1.27291805009939,concave
264.693769428498,1.25290955694007,1.27306244156493,concave
264.91189396968,1.25308576253028,1.27320670081122,concave
265.13014118459,1.25326182654122,1.27335082794449,concave
265.348511106672,1.25343774907149,1.27349482307087,concave
265.567003769371,1.25361353021964,1.27363868629641,concave
265.785619206116,1.25378917008414,1.27378241772708,concave
266.004357450353,1.2539646687634,1.27392601746876,concave
266.223218535497,1.2541400263558,1.27406948562727,concave
266.442202494981,1.25431524295962,1.27421282230834,concave
266.661309362219,1.2544903186731,1.27435602761761,concave
266.880539170632,1.25466525359443,1.27449910166066,concave
267.099891953621,1.2548400478217,1.27464204454296,concave
267.319367744603,1.25501470145298,1.27478485636993,concave
267.538966576983,1.25518921458626,1.2749275372469,concave
267.758688484149,1.25536358731947,1.27507008727911,concave
267.978533499503,1.25553781975047,1.27521250657173,concave
268.198501656435,1.2557119119771,1.27535479522984,concave
268.418592988326,1.25588586409708,1.27549695335846,concave
268.638807528567,1.25605967620811,1.2756389810625,concave
268.85914531053,1.25623334840782,1.27578087844682,concave
269.07960636759,1.25640688079376,1.27592264561618,concave
269.30019073311,1.25658027346346,1.27606428267526,concave
269.520898440464,1.25675352651435,1.27620578972868,concave
269.741729523012,1.25692664004382,1.27634716688097,concave
269.962684014104,1.25709961414919,1.27648841423655,concave
270.183761947095,1.25727244892772,1.27662953189982,concave
270.404963355339,1.25744514447662,1.27677051997504,concave
270.626288272174,1.25761770089302,1.27691137856643,concave
270.847736730941,1.257790118274,1.27705210777812,concave
271.069308764977,1.25796239671659,1.27719270771416,concave
271.291004407612,1.25813453631774,1.27733317847851,concave
271.512823692176,1.25830653717435,1.27747352017506,concave
271.734766651984,1.25847839938325,1.27761373290762,concave
271.956833320367,1.25865012304122,1.27775381677992,concave
272.179023730625,1.25882170824497,1.27789377189561,concave
272.401337916086,1.25899315509116,1.27803359835827,concave
272.623775910039,1.25916446367639,1.27817329627138,concave
272.846337745796,1.25933563409717,1.27831286573835,concave
273.06902345665,1.25950666645,1.27845230686252,concave
273.291833075895,1.25967756083126,1.27859161974715,concave
273.514766636826,1.25984831733733,1.27873080449539,concave
273.73782417272,1.26001893606447,1.27886986121036,concave
273.961005716862,1.26018941710893,1.27900878999507,concave
274.184311302527,1.26035976056687,1.27914759095245,concave
274.407740962992,1.2605299665344,1.27928626418536,concave
274.63129473152,1.26070003510756,1.27942480979658,concave
274.854972641371,1.26086996638234,1.2795632278888,concave
275.078774725815,1.26103976045466,1.27970151856466,concave
275.302701018102,1.26120941742038,1.27983968192668,concave
275.526751551485,1.26137893737532,1.27997771807734,concave
275.750926359204,1.2615483204152,1.28011562711902,concave
275.975225474511,1.26171756663572,1.28025340915401,concave
276.199648930645,1.26188667613249,1.28039106428455,concave
276.42419676083,1.26205564900107,1.28052859261279,concave
276.648868998307,1.26222448533697,1.28066599424079,concave
276.873665676295,1.26239318523561,1.28080326927054,concave
277.098586828021,1.26256174879239,1.28094041780396,concave
277.323632486697,1.26273017610261,1.28107743994287,concave
277.548802685537,1.26289846726154,1.28121433578903,concave
277.774097457756,1.26306662236436,1.28135110544412,concave
277.999516836555,1.26323464150621,1.28148774900973,concave
278.225060855139,1.26340252478218,1.28162426658738,concave
278.450729546697,1.26357027228727,1.28176065827852,concave
278.67652294442,1.26373788411643,1.28189692418449,concave
278.902441081506,1.26390536036456,1.2820330644066,concave
279.12848399113,1.26407270112648,1.28216907904603,concave
279.354651706474,1.26423990649698,1.28230496820393,concave
279.580944260715,1.26440697657077,1.28244073198133,concave
279.807361687023,1.26457391144248,1.28257637047921,concave
280.033904018566,1.26474071120671,1.28271188379846,concave
280.260571288504,1.264907375958,1.28284727203989,concave
280.487363529999,1.2650739057908,1.28298253530424,concave
280.714280776198,1.26524030079953,1.28311767369217,concave
280.941323060261,1.26540656107854,1.28325268730426,concave
281.168490415327,1.2655726867221,1.28338757624101,concave
281.395782874541,1.26573867782445,1.28352234060285,concave
281.623200471036,1.26590453447975,1.28365698049012,concave
281.85074323795,1.26607025678211,1.28379149600309,concave
282.078411208407,1.26623584482557,1.28392588724195,concave
282.306204415541,1.26640129870411,1.28406015430681,concave
282.534122892461,1.26656661851166,1.28419429729771,concave
282.762166672285,1.26673180434209,1.28432831631461,concave
282.990335788134,1.26689685628919,1.28446221145739,concave
283.218630273105,1.2670617744467,1.28459598282585,concave
283.447050160306,1.26722655890832,1.28472963051971,concave
283.675595482842,1.26739120976765,1.28486315463862,concave
283.9042662738,1.26755572711826,1.28499655528216,concave
284.133062566275,1.26772011105365,1.28512983254981,concave
284.361984393348,1.26788436166726,1.28526298654099,concave
284.591031788107,1.26804847905247,1.28539601735504,concave
284.820204783636,1.2682124633026,1.28552892509122,concave
285.049503412991,1.26837631451091,1.28566170984871,concave
285.278927709257,1.26854003277059,1.28579437172662,concave
285.508477705493,1.26870361817478,1.28592691082397,concave
285.738153434768,1.26886707081656,1.28605932723973,concave
285.967954930136,1.26903039078895,1.28619162107275,concave
286.197882224635,1.26919357818491,1.28632379242185,concave
286.427935351339,1.26935663309732,1.28645584138574,concave
286.658114343275,1.26951955561904,1.28658776806307,concave
286.888419233486,1.26968234584282,1.28671957255239,concave
287.118850055011,1.26984500386139,1.28685125495221,concave
287.349406840879,1.27000752976741,1.28698281536093,concave
287.580089624123,1.27016992365346,1.2871142538769,concave
287.810898437762,1.27033218561209,1.28724557059836,concave
288.041833314812,1.27049431573577,1.28737676562351,concave
288.272894288299,1.2706563141169,1.28750783905044,concave
288.50408139122,1.27081818084786,1.2876387909772,concave
288.735394656586,1.27097991602092,1.28776962150172,concave
288.966834117405,1.27114151972832,1.28790033072189,concave
289.198399806672,1.27130299206225,1.28803091873551,concave
289.430091757381,1.2714643331148,1.28816138564029,concave
289.661910002517,1.27162554297803,1.2882917315339,concave
289.89385457507,1.27178662174395,1.28842195651389,concave
290.125925508022,1.27194756950447,1.28855206067775,concave
290.358122834341,1.27210838635147,1.28868204412292,concave
290.590446587015,1.27226907237676,1.28881190694673,concave
290.822896799,1.2724296276721,1.28894164924644,concave
291.055473503264,1.27259005232918,1.28907127111924,concave
291.288176732772,1.27275034643963,1.28920077266225,concave
291.521006520468,1.27291051009502,1.28933015397251,concave
291.753962899316,1.27307054338687,1.28945941514696,concave
291.987045902257,1.27323044640662,1.28958855628251,concave
292.22025556224,1.27339021924567,1.28971757747595,concave
292.453591912194,1.27354986199536,1.28984647882402,concave
292.687054985061,1.27370937474694,1.28997526042337,concave
292.92064481377,1.27386875759164,1.29010392237059,concave
293.154361431247,1.27402801062061,1.29023246476218,concave
293.388204870412,1.27418713392494,1.29036088769458,concave
293.622175164184,1.27434612759566,1.29048919126413,concave
293.856272345483,1.27450499172374,1.2906173755671,concave
294.090496447214,1.2746637264001,1.29074544069972,concave
294.324847502277,1.27482233171558,1.29087338675809,concave
294.559325543583,1.27498080776099,1.29100121383828,concave
294.793930604018,1.27513915462705,1.29112892203626,concave
295.028662716479,1.27529737240443,1.29125651144792,concave
295.263521913856,1.27545546118376,1.29138398216909,concave
295.498508229041,1.27561342105557,1.29151133429553,concave
295.733621694897,1.27577125211037,1.2916385679229,concave
295.968862344309,1.27592895443859,1.2917656831468,concave
296.204230210147,1.2760865281306,1.29189268006276,concave
296.439725325287,1.27624397327672,1.29201955876623,concave
296.675347722573,1.27640128996719,1.29214631935257,concave
296.911097434884,1.27655847829222,1.29227296191709,concave
297.146974495065,1.27671553834194,1.29239948655501,concave
297.382978935961,1.27687247020642,1.29252589336147,concave
297.61911079043,1.27702927397568,1.29265218243155,concave
297.855370091307,1.27718594973968,1.29277835386025,concave
298.091756871433,1.27734249758831,1.29290440774249,concave
298.328271163641,1.2774989176114,1.29303034417311,concave
298.564913000752,1.27765520989873,1.29315616324689,concave
298.801682415604,1.27781137454003,1.29328186505853,concave
299.038579441012,1.27796741162494,1.29340744970265,concave
299.275604109799,1.27812332124306,1.29353291727379,concave
299.512756454766,1.27827910348394,1.29365826786645,concave
299.750036508725,1.27843475843704,1.293783501575,concave
299.987444304486,1.2785902861918,1.29390861849378,concave
300.224979874851,1.27874568683757,1.29403361871704,concave
300.462643252607,1.27890096046364,1.29415850233895,concave
300.700434470543,1.27905610715927,1.29428326945362,concave
300.938353561459,1.27921112701362,1.29440792015507,concave
301.17640055813,1.27936602011583,1.29453245453725,concave
301.414575493334,1.27952078655495,1.29465687269405,concave
301.652878399853,1.27967542641999,1.29478117471926,concave
301.891309310455,1.27982993979988,1.29490536070662,concave
302.129868257892,1.27998432678352,1.29502943074978,concave
302.368555274949,1.28013858745973,1.29515338494232,concave
302.607370394372,1.28029272191726,1.29527722337775,concave
302.846313648914,1.28044673024484,1.29540094614951,concave
303.085385071325,1.28060061253109,1.29552455335094,concave
303.324584694349,1.28075436886462,1.29564804507535,concave
303.563912550733,1.28090799933395,1.29577142141593,concave
303.803368673211,1.28106150402754,1.29589468246583,concave
304.042953094521,1.28121488303381,1.2960178283181,concave
304.282665847386,1.2813681364411,1.29614085906575,concave
304.522506964525,1.28152126433771,1.29626377480168,concave
304.762476478661,1.28167426681186,1.29638657561873,concave
305.002574422515,1.28182714395174,1.29650926160969,concave
305.242800828799,1.28197989584544,1.29663183286723,concave
305.483155730219,1.28213252258103,1.29675428948398,concave
305.723639159471,1.2822850242465,1.29687663155249,concave
305.964251149262,1.28243740092979,1.29699885916524,concave
306.204991732285,1.28258965271876,1.29712097241462,concave
306.445860941226,1.28274177970125,1.29724297139296,concave
306.686858808794,1.282893781965,1.29736485619252,concave
306.927985367636,1.28304565959771,1.29748662690547,concave
307.169240650461,1.28319741268704,1.29760828362393,concave
307.410624689923,1.28334904132054,1.29772982643992,concave
307.652137518695,1.28350054558576,1.29785125544541,concave
307.893779169452,1.28365192557015,1.29797257073229,concave
308.13554967485,1.28380318136111,1.29809377239237,concave
308.377449067548,1.28395431304599,1.2982148605174,concave
308.619477380196,1.28410532071208,1.29833583519903,concave
308.861634645435,1.2842562044466,1.29845669652887,concave
309.103920895932,1.28440696433672,1.29857744459844,concave
309.346336164314,1.28455760046956,1.29869807949919,concave
309.588880483204,1.28470811293215,1.29881860132249,concave
309.831553885262,1.2848585018115,1.29893901015966,concave
310.074356403088,1.28500876719453,1.29905930610192,concave
310.317288069331,1.28515890916812,1.29917948924042,concave
310.560348916589,1.28530892781908,1.29929955966627,concave
310.803538977496,1.28545882323418,1.29941951747046,concave
311.046858284649,1.2856085955001,1.29953936274395,concave
311.290306870666,1.28575824470349,1.29965909557759,concave
311.533884768144,1.28590777093093,1.29977871606219,concave
311.777592009671,1.28605717426894,1.29989822428847,concave
312.021428627861,1.28620645480397,1.30001762034708,concave
312.265394655295,1.28635561262244,1.30013690432859,concave
312.509490124555,1.2865046478107,1.30025607632352,concave
312.753715068233,1.28665356045502,1.3003751364223,concave
312.998069518894,1.28680235064163,1.30049408471528,concave
313.242553509125,1.28695101845671,1.30061292129277,concave
313.487167071487,1.28709956398637,1.30073164624497,concave
313.731910238547,1.28724798731665,1.30085025966204,concave
313.976783042873,1.28739628853356,1.30096876163404,concave
314.221785517017,1.28754446772303,1.30108715225098,concave
314.466917693517,1.28769252497093,1.30120543160278,concave
314.712179604941,1.28784046036308,1.30132359977931,concave
314.957571283826,1.28798827398525,1.30144165687035,concave
315.203092762718,1.28813596592313,1.30155960296561,concave
315.44874407414,1.28828353626237,1.30167743815474,concave
315.694525250639,1.28843098508855,1.3017951625273,concave
315.940436324729,1.2885783124872,1.30191277617279,concave
316.186477328949,1.28872551854379,1.30203027918065,concave
316.432648295797,1.28887260334373,1.30214767164022,concave
316.678949257806,1.28901956697236,1.3022649536408,concave
316.925380247488,1.28916640951499,1.30238212527158,concave
317.17194129734,1.28931313105684,1.30249918662172,concave
317.418632439873,1.2894597316831,1.30261613778028,concave
317.665453707571,1.28960621147887,1.30273297883627,concave
317.912405132945,1.28975257052923,1.30284970987859,concave
318.15948674847,1.28989880891917,1.30296633099613,concave
318.406698586645,1.29004492673364,1.30308284227764,concave
318.654040679947,1.29019092405752,1.30319924381186,concave
318.901513060866,1.29033680097564,1.30331553568742,concave
319.149115761846,1.29048255757277,1.30343171799289,concave
319.396848815382,1.29062819393362,1.30354779081677,concave
319.644712253931,1.29077371014285,1.30366375424749,concave
319.892706109956,1.29091910628504,1.30377960837341,concave
320.14083041591,1.29106438244474,1.30389535328281,concave
320.38908520424,1.29120953870643,1.30401098906392,concave
320.637470507411,1.29135457515452,1.30412651580487,concave
320.88598635785,1.29149949187339,1.30424193359373,concave
321.134632788016,1.29164428894733,1.30435724251852,concave
321.383409830336,1.29178896646059,1.30447244266717,concave
321.63231751724,1.29193352449736,1.30458753412753,concave
321.881355881163,1.29207796314178,1.3047025169874,concave
322.130524954508,1.29222228247791,1.3048173913345,concave
322.379824769716,1.29236648258978,1.30493215725648,concave
322.629255359192,1.29251056356134,1.30504681484091,concave
322.878816755365,1.29265452547649,1.30516136417532,concave
323.128508990616,1.29279836841907,1.30527580534714,concave
323.37833209737,1.29294209247287,1.30539013844373,concave
323.628286108011,1.29308569772162,1.30550436355239,concave
323.878371054943,1.29322918424899,1.30561848076036,concave
324.128586970542,1.29337255213858,1.30573249015479,concave
324.378933887219,1.29351580147395,1.30584639182277,concave
324.629411837324,1.29365893233859,1.30596018585131,concave
324.880020853262,1.29380194481596,1.30607387232737,concave
325.13076096741,1.29394483898942,1.30618745133782,concave
325.381632212126,1.29408761494229,1.30630092296946,concave
325.632634619753,1.29423027275786,1.30641428730904,concave
325.883768222697,1.29437281251932,1.30652754444323,concave
326.135033053296,1.29451523430983,1.30664069445862,concave
326.38642914388,1.29465753821247,1.30675373744173,concave
326.637956526839,1.29479972431029,1.30686667347904,concave
326.889615234491,1.29494179268626,1.30697950265692,concave
327.141405299191,1.29508374342331,1.30709222506169,concave
327.393326753272,1.29522557660429,1.30720484077961,concave
327.645379629059,1.29536729231202,1.30731734989685,concave
327.897563958884,1.29550889062925,1.30742975249953,concave
328.14987977507,1.29565037163866,1.30754204867368,concave
328.402327109953,1.29579173542288,1.30765423850528,concave
328.65490599583,1.29593298206451,1.30776632208022,concave
328.907616465022,1.29607411164605,1.30787829948434,concave
329.16045854984,1.29621512424996,1.30799017080341,concave
329.413432282579,1.29635601995867,1.30810193612311,concave
329.666537695545,1.2964967988545,1.30821359552908,concave
329.919774821025,1.29663746101976,1.30832514910686,concave
330.173143691317,1.29677800653667,1.30843659694194,concave
330.426644338714,1.29691843548742,1.30854793911975,concave
330.680276795493,1.29705874795412,1.30865917572562,concave
330.934041093936,1.29719894401884,1.30877030684484,concave
331.18793726631,1.29733902376357,1.30888133256262,concave
331.441965344895,1.29747898727028,1.3089922529641,concave
331.696125361947,1.29761883462085,1.30910306813435,concave
331.95041734975,1.29775856589711,1.30921377815838,concave
332.204841340542,1.29789818118084,1.30932438312112,concave
332.459397366576,1.29803768055377,1.30943488310743,concave
332.714085460125,1.29817706409755,1.30954527820212,concave
332.968905653429,1.2983163318938,1.30965556848991,concave
333.223857978714,1.29845548402405,1.30976575405547,concave
333.478942468212,1.29859452056982,1.30987583498338,concave
333.734159154178,1.29873344161252,1.30998581135817,concave
333.989508068841,1.29887224723355,1.31009568326429,concave
334.244989244423,1.29901093751422,1.31020545078614,concave
334.500602713144,1.2991495125358,1.31031511400802,concave
334.756348507223,1.29928797237949,1.31042467301419,concave
335.012226658863,1.29942631712646,1.31053412788883,concave
335.268237200291,1.29956454685779,1.31064347871605,concave
335.524380163706,1.29970266165453,1.3107527255799,concave
335.780655581299,1.29984066159765,1.31086186856435,concave
336.037063485281,1.29997854676809,1.31097090775332,concave
336.293603907834,1.3001163172467,1.31107984323065,concave
336.550276881168,1.30025397311432,1.3111886750801,concave
336.80708243743,1.30039151445168,1.31129740338538,concave
337.064020608841,1.30052894133949,1.31140602823014,concave
337.32109142754,1.3006662538584,1.31151454969793,concave
337.578294925742,1.30080345208898,1.31162296787226,concave
337.835631135588,1.30094053611178,1.31173128283657,concave
338.093100089249,1.30107750600725,1.31183949467421,concave
338.350701818879,1.30121436185583,1.3119476034685,concave
338.608436356633,1.30135110373786,1.31205560930265,concave
338.866303734683,1.30148773173367,1.31216351225984,concave
339.124303985162,1.30162424592348,1.31227131242315,concave
339.38243714021,1.3017606463875,1.31237900987561,concave
339.64070323197,1.30189693320586,1.3124866047002,concave
339.899102292593,1.30203310645865,1.31259409697979,concave
340.157634354191,1.30216916622587,1.31270148679721,concave
340.416299448893,1.3023051125875,1.31280877423523,concave
340.675097608841,1.30244094562346,1.31291595937653,concave
340.934028866135,1.30257666541359,1.31302304230374,concave
341.193093252908,1.30271227203769,1.31313002309942,concave
341.452290801267,1.30284776557551,1.31323690184605,concave
341.711621543311,1.30298314610673,1.31334367862605,concave
341.97108551113,1.30311841371099,1.31345035352179,concave
342.230682736863,1.30325356846785,1.31355692661555,concave
342.490413252567,1.30338861045683,1.31366339798956,concave
342.750277090372,1.3035235397574,1.31376976772596,concave
343.010274282322,1.30365835644896,1.31387603590685,concave
343.270404860535,1.30379306061087,1.31398220261424,concave
343.530668857056,1.30392765232241,1.3140882679301,concave
343.791066304001,1.30406213166283,1.3141942319363,concave
344.051597233403,1.30419649871131,1.31430009471468,concave
344.312261677366,1.30433075354697,1.31440585634697,concave
344.573059667917,1.30446489624888,1.31451151691488,concave
344.833991237128,1.30459892689607,1.31461707650002,concave
345.095056417078,1.30473284556749,1.31472253518395,concave
345.356255239786,1.30486665234204,1.31482789304816,concave
345.617587737302,1.30500034729857,1.31493315017406,concave
345.879053941685,1.30513393051588,1.31503830664302,concave
346.140653884971,1.3052674020727,1.31514336253631,concave
346.402387599179,1.30540076204771,1.31524831793518,concave
346.66425511637,1.30553401051953,1.31535317292076,concave
346.926256468509,1.30566714756674,1.31545792757416,concave
347.188391687686,1.30580017326785,1.31556258197639,concave
347.450660805893,1.30593308770132,1.31566713620842,concave
347.713063855145,1.30606589094556,1.31577159035113,concave
347.975600867442,1.3061985830789,1.31587594448536,concave
348.238271874797,1.30633116417965,1.31598019869187,concave
348.501076909237,1.30646363432603,1.31608435305134,concave
348.764016002726,1.30659599359623,1.31618840764441,concave
349.02708918727,1.30672824206838,1.31629236255164,concave
349.29029649487,1.30686037982055,1.31639621785353,concave
349.553637957498,1.30699240693075,1.3164999736305,concave
349.817113607143,1.30712432347694,1.31660362996293,concave
350.080723475784,1.30725612953703,1.31670718693111,concave
350.344467595397,1.30738782518886,1.31681064461528,concave
350.608345997928,1.30751941051024,1.31691400309561,concave
350.872358715387,1.30765088557889,1.3170172624522,concave
351.136505779718,1.30778225047251,1.31712042276509,concave
351.400787222863,1.30791350526871,1.31722348411425,concave
351.665203076774,1.30804465004509,1.31732644657959,concave
351.929753373443,1.30817568487914,1.31742931024095,concave
352.194438144766,1.30830660984835,1.31753207517811,concave
352.459257422705,1.30843742503011,1.31763474147078,concave
352.724211239224,1.30856813050177,1.3177373091986,concave
352.989299626212,1.30869872634065,1.31783977844116,concave
353.254522615642,1.30882921262397,1.31794214927797,concave
353.519880239419,1.30895958942894,1.31804442178849,concave
353.785372529431,1.30908985683268,1.31814659605209,concave
354.050999517668,1.30922001491226,1.31824867214811,concave
354.316761236,1.30935006374472,1.31835065015579,concave
354.582657716337,1.30948000340703,1.31845253015434,concave
354.848688990592,1.30960983397609,1.31855431222286,concave
355.114855090673,1.30973955552877,1.31865599644044,concave
355.381156048469,1.30986916814187,1.31875758288606,concave
355.647591895891,1.30999867189214,1.31885907163865,concave
355.914162664822,1.31012806685628,1.3189604627771,concave
356.180868387116,1.31025735311093,1.31906175638018,concave
356.447709094706,1.31038653073266,1.31916295252666,concave
356.714684819446,1.31051559979802,1.3192640512952,concave
356.981795593213,1.31064456038348,1.3193650527644,concave
357.249041447897,1.31077341256547,1.31946595701283,concave
357.516422415294,1.31090215642034,1.31956676411895,concave
357.783938527337,1.31103079202441,1.31966747416118,concave
358.051589815873,1.31115931945395,1.31976808721788,concave
358.319376312769,1.31128773878514,1.31986860336734,concave
358.58729804983,1.31141605009416,1.31996902268778,concave
358.855355058948,1.31154425345708,1.32006934525735,concave
359.12354737193,1.31167234894995,1.32016957115416,concave
359.391875020629,1.31180033664875,1.32026970045624,concave
359.660338036876,1.31192821662943,1.32036973324155,concave
359.928936452508,1.31205598896785,1.320469669588,concave
360.197670299373,1.31218365373983,1.32056950957343,concave
360.466539609249,1.31231121102116,1.32066925327561,concave
360.735544413994,1.31243866088754,1.32076890077227,concave
361.004684745375,1.31256600341463,1.32086845214104,concave
361.273960635278,1.31269323867804,1.32096790745951,concave
361.543372115461,1.31282036675332,1.3210672668052,concave
361.812919217707,1.31294738771598,1.32116653025557,concave
362.082601973871,1.31307430164145,1.32126569788802,concave
362.352420415717,1.31320110860512,1.32136476977987,concave
362.622374575003,1.31332780868233,1.3214637460084,concave
362.892464483593,1.31345440194837,1.3215626266508,concave
363.162690173229,1.31358088847845,1.32166141178422,concave
363.43305167567,1.31370726834776,1.32176010148573,concave
363.703549022748,1.31383354163142,1.32185869583235,concave
363.974182246161,1.31395970840448,1.32195719490102,concave
364.244951377729,1.31408576874197,1.32205559876864,concave
364.515856449215,1.31421172271884,1.32215390751202,concave
364.786897492362,1.31433757041,1.32225212120794,concave
365.058074538894,1.31446331189029,1.32235023993308,concave
365.329387620667,1.31458894723452,1.32244826376409,concave
365.600836769336,1.31471447651743,1.32254619277752,concave
365.872422016671,1.3148398998137,1.3226440270499,concave
366.144143394384,1.31496521719797,1.32274176665767,concave
366.416000934286,1.31509042874483,1.32283941167721,concave
366.687994668043,1.31521553452881,1.32293696218484,concave
366.960124627397,1.31534053462437,1.32303441825682,concave
367.232390844107,1.31546542910594,1.32313177996934,concave
367.504793349868,1.31559021804789,1.32322904739854,concave
367.777332176405,1.31571490152453,1.32332622062048,concave
368.050007355396,1.31583947961013,1.32342329971118,concave
368.322818918599,1.31596395237889,1.32352028474657,concave
368.595766897658,1.31608831990496,1.32361717580254,concave
368.86885132437,1.31621258226244,1.32371397295491,concave
369.142072230327,1.31633673952539,1.32381067627943,concave
369.415429647298,1.31646079176779,1.32390728585181,concave
369.688923606978,1.31658473906359,1.32400380174766,concave
369.962554140965,1.31670858148668,1.32410022404257,concave
370.236321281022,1.31683231911088,1.32419655281204,concave
370.510225058808,1.31695595200998,1.32429278813151,concave
370.784265505996,1.3170794802577,1.32438893007638,concave
371.058442654255,1.31720290392772,1.32448497872195,concave
371.332756535242,1.31732622309367,1.3245809341435,concave
371.607207180615,1.3174494378291,1.32467679641621,concave
371.881794622078,1.31757254820753,1.32477256561523,concave
372.156518891235,1.31769555430243,1.32486824181562,concave
372.431380019737,1.3178184561872,1.32496382509241,concave
372.706378039278,1.31794125393521,1.32505931552053,concave
372.981512981456,1.31806394761974,1.32515471317488,concave
373.256784877912,1.31818653731405,1.32525001813029,concave
373.532193760294,1.31830902309134,1.32534523046151,concave
373.807739660288,1.31843140502475,1.32544035024326,concave
374.083422609471,1.31855368318738,1.32553537755017,concave
374.359242639431,1.31867585765225,1.32563031245682,concave
374.635199781844,1.31879792849236,1.32572515503774,concave
374.911294068265,1.31891989578064,1.32581990536737,concave
375.187525530369,1.31904175958996,1.32591456352012,concave
375.463894199747,1.31916351999316,1.32600912957032,concave
375.740400108,1.319285177063,1.32610360359224,concave
376.017043286701,1.31940673087221,1.3261979856601,concave
376.293823767535,1.31952818149347,1.32629227584804,concave
376.570741581975,1.31964952899937,1.32638647423016,concave
376.847796761689,1.31977077346249,1.32648058088048,concave
377.124989338247,1.31989191495535,1.32657459587297,concave
377.402319343244,1.32001295355038,1.32666851928153,concave
377.679786808217,1.32013388932001,1.32676235118002,concave
377.95739176477,1.32025472233659,1.32685609164221,concave
378.235134244474,1.32037545267241,1.32694974074183,concave
378.513014278853,1.32049608039973,1.32704329855254,concave
378.791031899512,1.32061660559073,1.32713676514794,concave
379.06918713801,1.32073702831758,1.32723014060158,concave
379.347480025963,1.32085734865234,1.32732342498693,concave
379.625910594809,1.32097756666707,1.32741661837741,concave
379.904478876153,1.32109768243376,1.32750972084638,concave
380.183184901508,1.32121769602432,1.32760273246715,concave
380.462028702401,1.32133760751066,1.32769565331294,concave
380.741010310453,1.32145741696459,1.32778848345693,concave
381.020129757086,1.32157712445789,1.32788122297224,concave
381.299387073935,1.3216967300623,1.32797387193194,concave
381.578782292459,1.32181623384947,1.328066430409,concave
381.858315444163,1.32193563589105,1.32815889847637,concave
382.137986560657,1.32205493625858,1.32825127620693,concave
382.417795673351,1.3221741350236,1.32834356367348,concave
382.697742813798,1.32229323225756,1.32843576094879,concave
382.977828013507,1.32241222803188,1.32852786810555,concave
383.258051304,1.32253112241792,1.32861988521639,concave
383.538412716687,1.32264991548699,1.32871181235388,concave
383.818912283192,1.32276860731035,1.32880364959055,concave
384.099550034895,1.3228871979592,1.32889539699884,concave
384.380326003324,1.32300568750469,1.32898705465115,concave
384.661240219979,1.32312407601793,1.32907862261982,concave
384.942292716313,1.32324236356997,1.32917010097711,concave
385.22348352379,1.3233605502318,1.32926148979526,concave
385.50481267393,1.32347863607437,1.3293527891464,concave
385.786280198239,1.32359662116858,1.32944399910263,concave
386.067886128004,1.32371450558527,1.329535119736,concave
386.349630494872,1.32383228939523,1.32962615111848,concave
386.631513330167,1.3239499726692,1.32971709332198,concave
386.913534665451,1.32406755547786,1.32980794641837,concave
387.195694532099,1.32418503789187,1.32989871047943,concave
387.477992961589,1.32430241998179,1.32998938557691,concave
387.760429985301,1.32441970181816,1.33007997178249,concave
388.043005634842,1.32453688347148,1.33017046916779,concave
388.325719941427,1.32465396501215,1.33026087780436,concave
388.608572936598,1.32477094651058,1.33035119776371,concave
388.891564651859,1.32488782803707,1.33044142911728,concave
389.174695118405,1.32500460966192,1.33053157193645,concave
389.457964367906,1.32512129145534,1.33062162629255,concave
389.741372431632,1.3252378734875,1.33071159225684,concave
390.024919341008,1.32535435582854,1.33080146990052,concave
390.308605127506,1.32547073854852,1.33089125929475,concave
390.592429822473,1.32558702171747,1.3309809605106,concave
390.876393457237,1.32570320540534,1.33107057361912,concave
391.160496063456,1.32581928968206,1.33116009869126,concave
391.444737672177,1.3259352746175,1.33124953579794,concave
391.729118315069,1.32605116028147,1.33133888501001,concave
392.013638023402,1.32616694674373,1.33142814639826,concave
392.298296828536,1.326282634074,1.33151732003344,concave
392.583094761889,1.32639822234194,1.33160640598621,concave
392.868031854825,1.32651371161716,1.33169540432719,concave
393.153108138701,1.32662910196923,1.33178431512694,concave
393.438323644887,1.32674439346764,1.33187313845596,concave
393.723678404848,1.32685958618187,1.3319618743847,concave
394.009172449764,1.32697468018131,1.33205052298354,concave
394.294805811072,1.32708967553533,1.33213908432279,concave
394.580578520207,1.32720457231322,1.33222755847274,concave
394.866490608449,1.32731937058425,1.33231594550358,concave
395.152542107066,1.32743407041762,1.33240424548548,concave
395.438733047538,1.32754867188249,1.33249245848851,concave
395.725063461055,1.32766317504794,1.33258058458272,concave
396.01153337913,1.32777757998305,1.33266862383808,concave
396.298142832977,1.32789188675681,1.3327565763245,concave
396.584891853866,1.32800609543817,1.33284444211186,concave
396.87178047321,1.32812020609602,1.33293222126994,concave
397.15880872238,1.32823421879923,1.3330199138685,concave
397.44597663254,1.32834813361659,1.33310751997721,concave
397.733284235075,1.32846195061685,1.33319503966572,concave
398.020731561368,1.32857566986871,1.33328247300358,concave
398.308318642646,1.32868929144081,1.33336982006031,concave
398.596045510283,1.32880281540175,1.33345708090537,concave
398.883912195452,1.32891624182008,1.33354425560815,concave
399.171918729524,1.3290295707643,1.33363134423799,concave
399.460065143781,1.32914280230285,1.33371834686418,concave
399.748351469531,1.32925593650413,1.33380526355594,concave
400.036777737904,1.32936897343649,1.33389209438243,concave
400.325343980463,1.32948191316821,1.33397883941277,concave
400.614050228292,1.32959475576755,1.33406549871601,concave
400.902896512633,1.3297075013027,1.33415207236114,concave
401.191882864828,1.32982014984181,1.33423856041709,concave
401.481009316178,1.32993270145296,1.33432496295276,concave
401.770275897938,1.33004515620422,1.33441128003696,concave
402.059682641275,1.33015751416356,1.33449751173846,concave
402.349229577394,1.33026977539894,1.33458365812597,concave
402.638916737874,1.33038193997824,1.33466971926814,concave
402.928744153544,1.33049400796932,1.33475569523356,concave
403.21871185591,1.33060597943997,1.33484158609077,concave
403.508819876121,1.33071785445794,1.33492739190825,concave
403.799068245373,1.33082963309091,1.33501311275443,concave
404.089456995009,1.33094131540653,1.33509874869767,concave
404.379986156192,1.33105290147241,1.33518429980628,concave
404.670655760146,1.33116439135608,1.33526976614852,concave
404.961465838082,1.33127578512503,1.33535514779258,concave
405.252416421225,1.33138708284673,1.33544044480659,concave
405.543507540955,1.33149828458856,1.33552565725866,concave
405.834739228224,1.33160939041786,1.33561078521679,concave
406.126111514265,1.33172040040194,1.33569582874896,concave
406.41762443056,1.33183131460805,1.33578078792308,concave
406.709278007827,1.33194213310337,1.33586566280702,concave
407.00107227776,1.33205285595506,1.33595045346857,concave
407.293007271385,1.33216348323022,1.33603515997546,concave
407.585083019725,1.33227401499589,1.33611978239541,concave
407.877299554031,1.33238445131908,1.33620432079602,concave
408.169656905549,1.33249479226674,1.33628877524488,concave
408.462155105475,1.33260503790576,1.33637314580951,concave
408.754794184984,1.332715188303,1.33645743255737,concave
409.04757417526,1.33282524352525,1.33654163555586,concave
409.340495107331,1.33293520363928,1.33662575487234,concave
409.633557012464,1.33304506871179,1.3367097905741,concave
409.926759921842,1.33315483880942,1.33679374272838,concave
410.220103866678,1.33326451399878,1.33687761140236,concave
410.513588877915,1.33337409434644,1.33696139666317,concave
410.807214986835,1.33348357991889,1.33704509857787,concave
411.100982224726,1.33359297078259,1.33712871721349,concave
411.394890622378,1.33370226700395,1.33721225263698,concave
411.688940211245,1.33381146864933,1.33729570491524,concave
411.983131022307,1.33392057578504,1.33737907411512,concave
412.27746308686,1.33402958847734,1.33746236030342,concave
412.5719364357,1.33413850679243,1.33754556354687,concave
412.866551100302,1.3342473307965,1.33762868391215,concave
413.161307111582,1.33435606055564,1.33771172146588,concave
413.45620450074,1.33446469613592,1.33779467627464,concave
413.751243298962,1.33457323760336,1.33787754840493,concave
414.0464235374,1.33468168502393,1.33796033792323,concave
414.34174524668,1.33479003846354,1.33804304489592,concave
414.637208458504,1.33489829798807,1.33812566938937,concave
414.932813203614,1.33500646366333,1.33820821146985,concave
415.228559513368,1.33511453555509,1.33829067120362,concave
415.524447418584,1.33522251372908,1.33837304865684,concave
415.82047695055,1.33533039825098,1.33845534389565,concave
416.116648140282,1.33543818918641,1.33853755698613,concave
416.412961018786,1.33554588660094,1.33861968799428,concave
416.709415617396,1.33565349056011,1.33870173698607,concave
417.006011966747,1.33576100112939,1.3387837040274,concave
417.30275009846,1.33586841837422,1.33886558918414,concave
417.599630043187,1.33597574235998,1.33894739252207,concave
417.896651832277,1.336082973152,1.33902911410694,concave
418.193815496477,1.33619011081557,1.33911075400443,concave
418.491121066972,1.33629715541593,1.33919231228018,concave
418.788568575028,1.33640410701827,1.33927378899976,concave
419.086158051525,1.33651096568772,1.33935518422871,concave
419.383889527342,1.33661773148938,1.33943649803248,concave
419.681763033785,1.3367244044883,1.3395177304765,concave
419.979778601859,1.33683098474947,1.33959888162611,concave
420.277936262456,1.33693747233783,1.33967995154664,concave
420.576236047052,1.3370438673183,1.33976094030332,concave
420.874677986013,1.3371501697557,1.33984184796135,concave
421.173262110702,1.33725637971487,1.33992267458588,concave
421.471988452156,1.33736249726053,1.34000342024199,concave
421.770857041358,1.33746852245741,1.34008408499472,concave
422.069867909331,1.33757445537016,1.34016466890904,concave
422.369021086961,1.33768029606339,1.34024517204988,concave
422.668316605558,1.33778604460167,1.34032559448211,concave
422.967754495882,1.33789170104951,1.34040593627054,concave
423.267334789274,1.33799726547137,1.34048619747995,concave
423.567057516177,1.33810273793168,1.34056637817503,concave
423.866922708081,1.3382081184948,1.34064647842044,concave
424.166930395784,1.33831340722506,1.34072649828078,concave
424.467080610086,1.33841860418674,1.3408064378206,concave
424.767373382175,1.33852370944405,1.34088629710439,concave
425.067808743243,1.33862872306119,1.34096607619659,concave
425.368386723906,1.33873364510228,1.34104577516159,concave
425.669107355256,1.3388384756314,1.34112539406371,concave
425.969970668683,1.3389432147126,1.34120493296723,concave
426.270976694148,1.33904786240986,1.34128439193637,concave
426.572125463598,1.33915241878713,1.34136377103532,concave
426.873417007395,1.33925688390829,1.34144307032818,concave
427.174851357035,1.33936125783719,1.34152228987901,concave
427.476428542896,1.33946554063763,1.34160142975183,concave
427.778148596489,1.33956973237336,1.34168049001059,concave
428.080011548657,1.33967383310809,1.3417594707192,concave
428.382017429822,1.33977784290547,1.3418383719415,concave
428.684166271553,1.33988176182911,1.34191719374129,concave
428.986458104332,1.33998558994257,1.34199593618231,concave
429.288892959339,1.34008932730936,1.34207459932826,concave
429.591470867347,1.34019297399295,1.34215318324277,concave
429.89419185928,1.34029653005676,1.34223168798942,concave
430.197055966286,1.34039999556416,1.34231011363174,concave
430.500063219673,1.34050337057848,1.34238846023321,concave
430.803213649298,1.34060665516299,1.34246672785725,concave
431.106507286874,1.34070984938092,1.34254491656724,concave
431.409944162626,1.34081295329546,1.34262302642649,concave
431.713524308289,1.34091596696974,1.34270105749827,concave
432.017247754462,1.34101889046686,1.34277900984579,concave
432.321114532324,1.34112172384984,1.34285688353221,concave
432.625124672168,1.34122446718169,1.34293467862063,concave
432.929278205181,1.34132712052535,1.34301239517412,concave
433.233575162056,1.34142968394373,1.34309003325567,concave
433.538015574046,1.34153215749968,1.34316759292822,concave
433.842599471144,1.341634541256,1.34324507425469,concave
434.147326885814,1.34173683527545,1.3433224772979,concave
434.452197847348,1.34183903962076,1.34339980212065,concave
434.757212387508,1.34194115435457,1.34347704878569,concave
435.06237053716,1.34204317953952,1.34355421735569,concave
435.3676723274,1.34214511523818,1.34363130789328,concave
435.673117788742,1.34224696151307,1.34370832046106,concave
435.978706951151,1.34234871842666,1.34378525512155,concave
436.284439846821,1.3424503860414,1.34386211193722,concave
436.590316506166,1.34255196441967,1.3439388909705,concave
436.896336960698,1.34265345362381,1.34401559228377,concave
437.202501239564,1.3427548537161,1.34409221593934,concave
437.50880937384,1.3428561647588,1.34416876199948,concave
437.815261396823,1.34295738681411,1.3442452305264,concave
438.121857337476,1.34305851994417,1.34432162158228,concave
438.428597226371,1.3431595642111,1.34439793522921,concave
438.73548109481,1.34326051967694,1.34447417152927,concave
439.042508974514,1.34336138640373,1.34455033054446,concave
439.349680893395,1.34346216445342,1.34462641233674,concave
439.656996885739,1.34356285388794,1.34470241696801,concave
439.964456981101,1.34366345476915,1.34477834450012,concave
440.272061209794,1.3437639671589,1.34485419499488,concave
440.579809602946,1.34386439111895,1.34492996851403,concave
440.887702191002,1.34396472671104,1.34500566511927,concave
441.195739004038,1.34406497399687,1.34508128487225,concave
441.503920077874,1.34416513303807,1.34515682783455,concave
441.812245437468,1.34426520389625,1.34523229406774,concave
442.12071511579,1.34436518663295,1.34530768363329,concave
442.429329141874,1.34446508130968,1.34538299659264,concave
442.738087546933,1.3445648879879,1.34545823300719,concave
443.046990366194,1.34466460672902,1.34553339293827,concave
443.356037626506,1.34476423759441,1.34560847644716,concave
443.665229359829,1.34486378064538,1.34568348359511,concave
443.974565593457,1.34496323594321,1.34575841444329,concave
444.284046361693,1.34506260354913,1.34583326905284,concave
444.593671695741,1.34516188352433,1.34590804748484,concave
444.903441626667,1.34526107592994,1.34598274980031,concave
445.213356181668,1.34536018082704,1.34605737606024,concave
445.523415390679,1.3454591982767,1.34613192632554,concave
445.833619294229,1.34555812833989,1.34620640065712,concave
446.14396791289,1.34565697107759,1.34628079911577,concave
446.454461283109,1.3457557265507,1.34635512176229,concave
446.76509943373,1.34585439482007,1.34642936865739,concave
447.07588239266,1.34595297594653,1.34650353986175,concave
447.386810196005,1.34605146999085,1.34657763543599,concave
447.697882861283,1.34614987701375,1.34665165544068,concave
448.00910043566,1.34624819707591,1.34672559993634,concave
448.320462945309,1.34634643023797,1.34679946898345,concave
448.631970431678,1.34644457656051,1.34687326264242,concave
448.943622899681,1.34654263610409,1.34694698097362,concave
449.255420388022,1.34664060892919,1.34702062403736,concave
449.567362953722,1.34673849509626,1.34709419189392,concave
449.879450592358,1.34683629466573,1.34716768460351,concave
450.191683338084,1.34693400769794,1.34724110222632,concave
450.504061263735,1.34703163425321,1.34731444482243,concave
450.81658435036,1.34712917439182,1.34738771245194,concave
451.129252634262,1.34722662817399,1.34746090517484,concave
451.442066158825,1.3473239956599,1.3475340230511,concave
451.755024992755,1.34742127690969,1.34760706614064,concave
452.068129128967,1.34751847198344,1.34768003450334,concave
452.381378558508,1.3476155809412,1.34775292819899,concave
452.694773353235,1.34771260384298,1.34782574728736,concave
453.008313559829,1.34780954074871,1.34789849182819,concave
453.321999448905,1.34790639171833,1.34797116188113,concave
453.635830646275,1.34800315681168,1.34804375750579,concave
454.691935741006,1.34832783308328,1.34828726473266,convex
456.274091901439,1.3488114844516,1.34864979354591,convex
457.859931132173,1.3492929801838,1.34901045590617,convex
459.449456597749,1.34977232781222,1.34936925930645,convex
461.042672268687,1.35024953484071,1.34972621120821,convex
462.639582024609,1.35072460874477,1.35008131904154,convex
464.240189742766,1.35119755697161,1.35043459020527,convex
465.844499313286,1.35166838694023,1.3507860320671,convex
467.452514612235,1.35213710604158,1.35113565196374,convex
469.064239526584,1.35260372163856,1.351483457201,convex
470.679677933044,1.35306824106621,1.35182945505395,convex
472.298833706329,1.35353067163171,1.35217365276705,convex
473.921710723652,1.35399102061456,1.35251605755424,convex
475.548312858132,1.35444929526661,1.35285667659911,convex
477.17864397969,1.35490550281218,1.35319551705498,convex
478.81270795908,1.35535965044814,1.35353258604506,convex
480.450508662985,1.35581174534402,1.35386789066255,convex
482.092049957977,1.35626179464209,1.35420143797079,convex
483.737335707998,1.35670980545746,1.35453323500334,convex
485.386369775968,1.35715578487817,1.35486328876416,convex
487.039156022416,1.35759973996527,1.35519160622769,convex
488.695698306176,1.35804167775292,1.35551819433896,convex
490.35600048467,1.3584816052485,1.35584306001378,convex
492.020066413901,1.35891952943268,1.35616621013879,convex
493.687899947705,1.35935545725952,1.35648765157161,convex
495.359504938195,1.35978939565654,1.35680739114096,convex
497.034885236505,1.36022135152486,1.35712543564678,convex
498.714044691188,1.36065133173924,1.35744179186035,convex
500.396987150147,1.36107934314821,1.35775646652441,convex
502.083716459048,1.36150539257414,1.35806946635327,convex
503.774236462213,1.36192948681331,1.35838079803293,convex
505.468551002446,1.36235163263607,1.35869046822121,convex
507.166663920963,1.36277183678685,1.35899848354787,convex
508.868579057266,1.3631901059843,1.35930485061471,convex
510.574300249566,1.36360644692136,1.35960957599569,convex
512.28383133425,1.36402086626538,1.35991266623706,convex
513.997176146661,1.36443337065816,1.36021412785747,convex
515.714338520526,1.36484396671607,1.36051396734806,convex
517.43532228778,1.36525266103015,1.36081219117263,convex
519.160131279414,1.36565946016617,1.36110880576771,convex
520.888769324507,1.36606437066473,1.36140381754269,convex
522.621240251156,1.36646739904138,1.36169723287994,convex
524.357547885798,1.36686855178665,1.36198905813489,convex
526.097696053495,1.36726783536619,1.36227929963621,convex
527.841688577994,1.36766525622083,1.36256796368585,convex
529.589529281815,1.36806082076669,1.3628550565592,convex
531.341221985921,1.36845453539523,1.36314058450518,convex
533.096770510188,1.36884640647339,1.36342455374638,convex
534.856178672999,1.36923644034363,1.36370697047912,convex
536.619450291549,1.36962464332405,1.36398784087362,convex
538.386589181758,1.37001102170846,1.36426717107406,convex
540.157599158244,1.37039558176647,1.36454496719872,convex
541.932484034548,1.37077832974358,1.3648212353401,convex
543.711247622769,1.37115927186128,1.36509598156498,convex
545.493893733997,1.3715384143171,1.36536921191458,convex
547.280426178071,1.37191576328473,1.36564093240466,convex
549.070848763625,1.3722913249141,1.36591114902559,convex
550.865165298227,1.37266510533144,1.36617986774251,convex
552.663379588311,1.37303711063942,1.3664470944954,convex
554.465495439082,1.37340734691716,1.36671283519919,convex
556.271516654823,1.37377582022038,1.36697709574391,convex
558.081447038671,1.37414253658148,1.36723988199474,convex
559.895290392573,1.37450750200957,1.36750119979212,convex
561.713050517666,1.37487072249061,1.36776105495192,convex
563.534731213956,1.37523220398747,1.36801945326546,convex
565.360336280459,1.37559195244002,1.36827640049967,convex
567.189869515157,1.37594997376523,1.36853190239718,convex
569.0233347151,1.37630627385722,1.36878596467641,convex
570.86073567644,1.37666085858736,1.36903859303169,convex
572.702076194416,1.37701373380436,1.36928979313338,convex
574.5473600632,1.37736490533435,1.36953957062792,convex
576.39659107624,1.37771437898095,1.36978793113798,convex
578.249773026025,1.37806216052537,1.37003488026253,convex
580.106909704262,1.3784082557265,1.37028042357698,convex
581.968004901742,1.37875267032095,1.37052456663325,convex
583.833062408537,1.37909541002317,1.37076731495987,convex
585.702086013821,1.37943648052554,1.37100867406209,convex
587.575079506046,1.3797758874984,1.37124864942198,convex
589.452046672988,1.38011363659019,1.37148724649855,convex
591.332991301498,1.38044973342749,1.3717244707278,convex
593.217917177885,1.38078418361513,1.37196032752285,convex
595.1068280877,1.38111699273624,1.37219482227406,convex
596.999727815861,1.38144816635236,1.37242796034906,convex
598.89662014649,1.38177771000351,1.37265974709294,convex
600.797508863278,1.38210562920825,1.37289018782826,convex
602.702397749144,1.3824319294638,1.3731192878552,convex
604.6112905865,1.38275661624607,1.37334705245165,convex
606.524191157123,1.38307969500979,1.37357348687328,convex
608.441103242328,1.38340117118856,1.37379859635367,convex
610.362030622791,1.38372105019491,1.37402238610437,convex
612.286977078734,1.38403933742044,1.37424486131503,convex
614.215946389928,1.38435603823583,1.37446602715347,convex
616.148942335592,1.38467115799097,1.37468588876579,convex
618.08596869453,1.38498470201499,1.37490445127645,convex
620.027029245177,1.3852966756164,1.37512171978837,convex
621.972127765467,1.38560708408309,1.37533769938302,convex
623.921268033035,1.38591593268248,1.37555239512054,convex
625.874453825106,1.38622322666156,1.37576581203977,convex
627.831688918591,1.38652897124697,1.3759779551584,convex
629.792977090067,1.38683317164506,1.37618882947306,convex
631.7583221158,1.38713583304201,1.37639843995935,convex
633.727727771857,1.38743696060388,1.37660679157202,convex
635.70119783395,1.38773655947667,1.37681388924497,convex
637.678736077657,1.38803463478643,1.37701973789143,convex
639.660346278281,1.38833119163929,1.37722434240397,convex
641.646032210982,1.3886262351216,1.37742770765464,convex
643.635797650725,1.38891977029993,1.37762983849503,convex
645.629646372379,1.38921180222122,1.37783073975639,convex
647.627582150684,1.38950233591278,1.37803041624969,convex
649.629608760235,1.38979137638242,1.37822887276572,convex
651.635729975647,1.39007892861849,1.37842611407516,convex
653.645949571411,1.39036499759,1.37862214492871,convex
655.66027132205,1.39064958824662,1.37881697005713,convex
657.678699002043,1.39093270551881,1.37901059417136,convex
659.701236385918,1.39121435431789,1.37920302196258,convex
661.727887248269,1.39149453953609,1.37939425810231,convex
663.758655363697,1.39177326604662,1.37958430724249,convex
665.793544506966,1.39205053870378,1.3797731740156,convex
667.832558452938,1.39232636234298,1.37996086303466,convex
669.875700976579,1.39260074178085,1.38014737889341,convex
671.922975853075,1.3928736818153,1.38033272616635,convex
673.974386857767,1.3931451872256,1.38051690940879,convex
676.029937766253,1.39341526277242,1.38069993315701,convex
678.089632354313,1.39368391319793,1.38088180192828,convex
680.153474398009,1.39395114322587,1.38106252022097,convex
682.221467673751,1.39421695756162,1.38124209251462,convex
684.293615958187,1.39448136089224,1.38142052327005,convex
686.369923028337,1.39474435788659,1.3815978169294,convex
688.450392661562,1.39500595319534,1.38177397791623,convex
690.535028635655,1.3952661514511,1.38194901063562,convex
692.623834728779,1.39552495726845,1.38212291947422,convex
694.716814719542,1.39578237524403,1.38229570880035,convex
696.813972387066,1.39603840995657,1.38246738296407,convex
698.915311510884,1.39629306596703,1.38263794629727,convex
701.020835871121,1.39654634781858,1.38280740311372,convex
703.130549248372,1.39679826003676,1.3829757577092,convex
705.244455423844,1.39704880712945,1.38314301436154,convex
707.362558179333,1.39729799358702,1.3833091773307,convex
709.48486129725,1.39754582388238,1.38347425085886,convex
711.611368560639,1.39779230247098,1.3836382391705,convex
713.742083753229,1.39803743379098,1.38380114647246,convex
715.877010659449,1.39828122226324,1.38396297695404,convex
718.016153064428,1.39852367229142,1.38412373478705,convex
720.159514754068,1.39876478826203,1.38428342412592,convex
722.307099515046,1.39900457454452,1.38444204910773,convex
724.45891113484,1.39924303549131,1.38459961385233,convex
726.61495340177,1.39948017543788,1.3847561224624,convex
728.775230104996,1.39971599870284,1.38491157902352,convex
730.939745034563,1.39995050958797,1.38506598760423,convex
733.108501981443,1.40018371237832,1.38521935225614,convex
735.28150473753,1.40041561134222,1.38537167701398,convex
737.458757095719,1.40064621073142,1.38552296589567,convex
739.640262849844,1.40087551478107,1.38567322290243,convex
741.826025794829,1.40110352770985,1.38582245201879,convex
744.01604972658,1.40133025372001,1.38597065721273,convex
746.210338442132,1.40155569699743,1.38611784243568,convex
748.408895739599,1.40177986171167,1.38626401162268,convex
750.611725418238,1.40200275201606,1.38640916869237,convex
752.818831278486,1.40222437204776,1.38655331754711,convex
755.030217121926,1.4024447259278,1.38669646207303,convex
757.2458867514,1.40266381776115,1.38683860614012,convex
759.46584397098,1.4028816516368,1.38697975360228,convex
761.690092586003,1.40309823162781,1.3871199082974,convex
763.918636403164,1.40331356179136,1.38725907404742,convex
766.151479230413,1.40352764616882,1.38739725465843,convex
768.388624877128,1.40374048878582,1.38753445392069,convex
770.630077154033,1.4039520936523,1.38767067560874,convex
772.875839873303,1.40416246476257,1.38780592348147,convex
775.125916848551,1.40437160609539,1.38794020128216,convex
777.380311894874,1.40457952161399,1.38807351273855,convex
779.639028828873,1.40478621526617,1.38820586156293,convex
781.902071468685,1.40499169098434,1.38833725145221,convex
784.169443634027,1.40519595268559,1.38846768608797,convex
786.441149146201,1.40539900427171,1.3885971691365,convex
788.717191828148,1.40560084962932,1.38872570424895,convex
790.997575504456,1.40580149262987,1.3888532950613,convex
793.282304001422,1.40600093712973,1.3889799451945,convex
795.571381147024,1.40619918697023,1.38910565825449,convex
797.864810771029,1.40639624597771,1.38923043783229,convex
800.162596704955,1.40659211796362,1.38935428750405,convex
802.464742782144,1.40678680672453,1.38947721083114,convex
804.771252837772,1.40698031604221,1.38959921136016,convex
807.082130708903,1.4071726496837,1.38972029262309,convex
809.397380234472,1.40736381140134,1.38984045813726,convex
811.717005255375,1.40755380493283,1.38995971140548,convex
814.041009614465,1.40774263400131,1.3900780559161,convex
816.369397156581,1.40793030231539,1.39019549514301,convex
818.702171728591,1.40811681356924,1.3903120325458,convex
821.039337179442,1.40830217144259,1.39042767156973,convex
823.380897360147,1.40848637960085,1.39054241564586,convex
825.726856123842,1.40866944169511,1.39065626819107,convex
828.077217325843,1.40885136136223,1.39076923260815,convex
830.431984823617,1.4090321422249,1.39088131228583,convex
832.791162476861,1.40921178789166,1.39099251059889,convex
835.154754147543,1.40939030195698,1.39110283090817,convex
837.522763699872,1.40956768800131,1.39121227656065,convex
839.895195000401,1.40974394959113,1.39132085088954,convex
842.272051918032,1.40991909027901,1.39142855721427,convex
844.653338324023,1.41009311360366,1.39153539884063,convex
847.039058092058,1.41026602309,1.39164137906077,convex
849.429215098267,1.41043782224917,1.39174650115331,convex
851.823813221257,1.41060851457863,1.39185076838333,convex
854.222856342136,1.41077810356219,1.39195418400251,convex
856.626348344565,1.41094659267006,1.39205675124912,convex
859.034293114786,1.41111398535892,1.39215847334812,convex
861.446694541633,1.41128028507196,1.39225935351121,convex
863.863556516598,1.41144549523892,1.39235939493688,convex
866.284882933853,1.41160961927619,1.39245860081046,convex
868.710677690269,1.41177266058678,1.39255697430419,convex
871.140944685464,1.41193462256045,1.3926545185773,convex
873.575687821846,1.41209550857373,1.39275123677601,convex
876.014911004619,1.41225532198997,1.39284713203363,convex
878.458618141841,1.41241406615937,1.39294220747061,convex
880.906813144458,1.41257174441909,1.39303646619459,convex
883.359499926316,1.41272836009324,1.39312991130046,convex
885.81668240422,1.41288391649296,1.39322254587039,convex
888.278364497958,1.41303841691645,1.39331437297394,convex
890.744550130337,1.41319186464907,1.39340539566805,convex
893.215243227216,1.41334426296331,1.39349561699717,convex
895.690447717534,1.41349561511892,1.39358503999322,convex
898.170167533375,1.4136459243629,1.39367366767574,convex
900.654406609955,1.41379519392958,1.39376150305187,convex
903.14316888571,1.41394342704067,1.39384854911647,convex
905.63645830227,1.41409062690527,1.3939348088521,convex
908.134278804569,1.41423679671998,1.39402028522913,convex
910.63663434082,1.41438193966891,1.39410498120577,convex
913.143528862568,1.41452605892372,1.39418889972814,convex
915.654966324734,1.41466915764369,1.39427204373029,convex
918.170950685648,1.41481123897577,1.39435441613429,convex
920.691485907089,1.4149523060546,1.39443601985025,convex
923.216575954302,1.41509236200259,1.3945168577764,convex
925.746224796051,1.41523140992994,1.39459693279912,convex
928.280436404654,1.41536945293472,1.39467624779301,convex
930.819214756026,1.41550649410288,1.39475480562091,convex
933.362563829692,1.41564253650831,1.394832609134,convex
935.910487608842,1.4157775832129,1.39490966117179,convex
938.462990080371,1.41591163726657,1.39498596456224,convex
941.020075234898,1.41604470170733,1.39506152212175,convex
943.581747066822,1.4161767795613,1.39513633665524,convex
946.148009574355,1.41630787384279,1.3952104109562,convex
948.718866759544,1.41643798755432,1.39528374780671,convex
951.294322628321,1.41656712368668,1.39535634997755,convex
953.874381190557,1.41669528521897,1.39542822022819,convex
956.459046460051,1.41682247511864,1.39549936130686,convex
959.048322454624,1.41694869634154,1.3955697759506,convex
961.642213196122,1.41707395183197,1.39563946688533,convex
964.240722710457,1.4171982445227,1.39570843682584,convex
966.843855027656,1.41732157733505,1.3957766884759,convex
969.451614181906,1.41744395317891,1.39584422452828,convex
972.064004211551,1.4175653749528,1.39591104766481,convex
974.681029159189,1.41768584554389,1.39597716055638,convex
977.302693071661,1.41780536782806,1.39604256586308,convex
979.929000000123,1.41792394466995,1.39610726623415,convex
982.559954000067,1.41804157892299,1.39617126430808,convex
985.195559131354,1.41815827342944,1.39623456271266,convex
987.835819458274,1.41827403102044,1.396297164065,convex
990.48073904957,1.41838885451607,1.39635907097158,convex
993.130321978485,1.41850274672535,1.39642028602833,convex
995.784572322793,1.41861571044633,1.39648081182062,convex
998.443494164844,1.4187277484661,1.39654065092336,convex
1001.10709159159,1.41883886356084,1.39659980590101,convex
1003.77536869467,1.41894905849586,1.39665827930763,convex
1006.44832957037,1.41905833602564,1.39671607368696,convex
1009.12597831975,1.4191666988939,1.3967731915724,convex
1011.80831904861,1.4192741498336,1.3968296354871,convex
1014.4953558676,1.419380691567,1.39688540794402,convex
1017.18709289218,1.41948632680569,1.39694051144593,convex
1019.88353424274,1.41959105825066,1.39699494848546,convex
1022.58468404457,1.4196948885923,1.39704872154517,convex
1025.29054642798,1.41979782051049,1.3971018330976,convex
1028.00112552824,1.41989985667458,1.39715428560525,convex
1030.71642548572,1.42000099974347,1.39720608152072,convex
1033.43645044585,1.42010125236566,1.39725722328665,convex
1036.16120455924,1.42020061717925,1.39730771333585,convex
1038.89069198164,1.42029909681201,1.39735755409127,convex
1041.62491687403,1.4203966938814,1.39740674796612,convex
1044.36388340266,1.42049341099463,1.39745529736384,convex
1047.10759573907,1.4205892507487,1.39750320467818,convex
1049.85605806015,1.42068421573039,1.39755047229323,convex
1052.60927454818,1.42077830851637,1.39759710258347,convex
1055.36724939085,1.4208715316732,1.3976430979138,convex
1058.12998678134,1.42096388775735,1.39768846063961,convex
1060.89749091832,1.4210553793153,1.39773319310678,convex
1063.66976600602,1.4211460088835,1.39777729765173,convex
1066.44681625428,1.42123577898847,1.39782077660149,convex
1069.22864587855,1.42132469214681,1.39786363227372,convex
1072.01525909998,1.42141275086524,1.39790586697674,convex
1074.80666014543,1.42149995764066,1.39794748300959,convex
1077.60285324754,1.42158631496013,1.39798848266207,convex
1080.40384264473,1.42167182530098,1.39802886821475,convex
1083.20963258129,1.42175649113079,1.39806864193905,convex
1086.0202273074,1.42184031490747,1.39810780609724,convex
1088.83563107919,1.42192329907925,1.39814636294253,convex
1091.65584815874,1.42200544608475,1.39818431471906,convex
1094.48088281417,1.42208675835303,1.39822166366194,convex
1097.31073931967,1.42216723830358,1.39825841199735,convex
1100.14542195553,1.42224688834639,1.3982945619425,convex
1102.98493500818,1.42232571088197,1.39833011570572,convex
1105.82928277029,1.4224037083014,1.39836507548647,convex
1108.67846954074,1.42248088298635,1.3983994434754,convex
1111.53249962468,1.42255723730915,1.39843322185436,convex
1114.39137733362,1.42263277363276,1.39846641279649,convex
1117.25510698544,1.42270749431087,1.39849901846618,convex
1120.12369290442,1.42278140168789,1.39853104101919,convex
1122.99713942131,1.42285449809904,1.39856248260261,convex
1125.87545087337,1.4229267858703,1.39859334535496,convex
1128.75863160441,1.42299826731854,1.39862363140619,convex
1131.64668596484,1.42306894475147,1.39865334287773,convex
1134.5396183117,1.42313882046773,1.39868248188253,convex
1137.43743300873,1.42320789675691,1.39871105052507,convex
1140.34013442638,1.42327617589958,1.39873905090145,convex
1143.2477269419,1.42334366016731,1.39876648509937,convex
1146.16021493935,1.42341035182272,1.39879335519818,convex
1149.07760280966,1.42347625311954,1.39881966326895,convex
1151.99989495068,1.42354136630258,1.39884541137445,convex
1154.9270957672,1.42360569360782,1.39887060156925,convex
1157.85920967103,1.42366923726241,1.39889523589969,convex
1160.79624108103,1.42373199948471,1.39891931640395,convex
1163.73819442314,1.42379398248435,1.3989428451121,convex
1166.68507413048,1.42385518846221,1.3989658240461,convex
1169.63688464331,1.42391561961051,1.39898825521984,convex
1172.59363040916,1.42397527811281,1.3990101406392,convex
1175.55531588285,1.42403416614402,1.39903148230207,convex
1178.52194552648,1.42409228587049,1.39905228219836,convex
1181.49352380957,1.42414963945001,1.39907254231007,convex
1184.47005520906,1.42420622903182,1.39909226461133,convex
1187.45154420934,1.42426205675669,1.39911145106838,convex
1190.43799530232,1.42431712475693,1.39913010363965,convex
1193.42941298749,1.42437143515638,1.39914822427578,convex
1196.42580177193,1.42442499007053,1.39916581491966,convex
1199.42716617039,1.42447779160647,1.39918287750644,convex
1202.43351070533,1.42452984186295,1.39919941396361,convex
1205.44483990696,1.42458114293043,1.39921542621097,convex
1208.46115831329,1.42463169689109,1.3992309161607,convex
1211.48247047017,1.42468150581886,1.39924588571741,convex
1214.50878093137,1.42473057177945,1.39926033677813,convex
1217.54009425859,1.4247788968304,1.39927427123235,convex
1220.57641502152,1.42482648302109,1.3992876909621,convex
1223.61774779793,1.42487333239276,1.39930059784191,convex
1226.66409717361,1.42491944697858,1.39931299373889,convex
1229.71546774256,1.42496482880366,1.39932488051276,convex
1232.77186410694,1.42500947988504,1.39933626001586,convex
1235.83329087714,1.42505340223178,1.39934713409318,convex
1238.89975267184,1.42509659784498,1.39935750458243,convex
1241.97125411808,1.42513906871776,1.39936737331401,convex
1245.04779985124,1.42518081683535,1.39937674211111,convex
1248.12939451517,1.42522184417509,1.39938561278967,convex
1251.2160427622,1.42526215270644,1.39939398715847,convex
1254.30774925317,1.42530174439106,1.39940186701913,convex
1257.40451865754,1.42534062118279,1.39940925416614,convex
1260.50635565336,1.42537878502771,1.39941615038691,convex
1263.61326492741,1.42541623786414,1.39942255746178,convex
1266.72525117515,1.42545298162271,1.39942847716404,convex
1269.84231910087,1.42548901822635,1.39943391126,convex
1272.96447341766,1.42552434959031,1.39943886150899,convex
1276.09171884752,1.42555897762226,1.3994433296634,convex
1279.22406012136,1.42559290422222,1.39944731746867,convex
1282.36150197911,1.42562613128266,1.39945082666341,convex
1285.50404916968,1.42565866068849,1.39945385897932,convex
1288.65170645112,1.42569049431712,1.39945641614132,convex
1291.8044785906,1.42572163403845,1.39945849986749,convex
1294.96237036446,1.42575208171491,1.39946011186917,convex
1298.12538655831,1.42578183920152,1.39946125385093,convex
1301.29353196703,1.42581090834586,1.39946192751065,convex
1304.46681139485,1.42583929098814,1.39946213453951,convex
1307.64522965541,1.42586698896123,1.39946187662205,convex
1310.82879157176,1.42589400409062,1.39946115543616,convex
1314.01750197648,1.42592033819456,1.39945997265315,convex
1317.21136571169,1.42594599308398,1.39945832993774,convex
1320.41038762911,1.42597097056256,1.39945622894811,convex
1323.61457259012,1.42599527242679,1.39945367133593,convex
1326.8239254658,1.42601890046592,1.39945065874637,convex
1330.03845113699,1.42604185646205,1.39944719281813,convex
1333.25815449435,1.42606414219014,1.39944327518349,convex
1336.4830404384,1.42608575941802,1.39943890746832,convex
1339.71311387958,1.42610670990642,1.3994340912921,convex
1342.94837973829,1.42612699540901,1.39942882826796,convex
1346.18884294496,1.42614661767241,1.39942312000269,convex
1349.43450844011,1.42616557843622,1.39941696809679,convex
1352.68538117436,1.42618387943306,1.39941037414449,convex
1355.94146610854,1.42620152238858,1.39940333973376,convex
1359.20276821371,1.42621850902147,1.39939586644635,convex
1362.46929247122,1.42623484104351,1.39938795585781,convex
1365.74104387276,1.4262505201596,1.39937960953752,convex
1369.01802742042,1.42626554806776,1.39937082904873,convex
1372.30024812674,1.42627992645916,1.39936161594855,convex
1375.58771101478,1.42629365701816,1.39935197178801,convex
1378.88042111815,1.42630674142233,1.39934189811206,convex
1382.17838348108,1.42631918134245,1.39933139645962,convex
1385.48160315845,1.42633097844257,1.39932046836359,convex
1388.7900852159,1.42634213438002,1.39930911535087,convex
1392.10383472983,1.42635265080541,1.39929733894241,convex
1395.42285678746,1.4263625293627,1.39928514065319,convex
1398.74715648693,1.42637177168919,1.3992725219923,convex
1402.0767389373,1.42638037941553,1.39925948446292,convex
1405.41160925864,1.42638835416581,1.39924602956238,convex
1408.75177258207,1.4263956975575,1.39923215878214,convex
1412.09723404984,1.42640241120154,1.39921787360787,convex
1415.44799881533,1.42640849670232,1.39920317551943,convex
1418.80407204318,1.42641395565771,1.39918806599091,convex
1422.16545890928,1.42641878965913,1.39917254649066,convex
1425.53216460086,1.42642300029148,1.39915661848129,convex
1428.90419431656,1.42642658913328,1.39914028341974,convex
1432.28155326644,1.42642955775657,1.39912354275725,convex
1435.66424667208,1.42643190772704,1.39910639793941,convex
1439.0522797666,1.42643364060397,1.39908885040621,convex
1442.44565779478,1.42643475794032,1.39907090159201,convex
1445.844386013,1.4264352612827,1.39905255292558,convex
1449.24846968944,1.42643515217142,1.39903380583017,convex
1452.65791410404,1.42643443214049,1.39901466172347,convex
1456.07272454856,1.42643310271768,1.39899512201764,convex
1459.49290632671,1.4264311654245,1.3989751881194,convex
1462.91846475411,1.42642862177624,1.39895486142996,convex
1466.34940515843,1.42642547328201,1.39893414334512,convex
1469.7857328794,1.42642172144473,1.39891303525522,convex
1473.22745326887,1.42641736776117,1.39889153854525,convex
1476.67457169091,1.42641241372195,1.39886965459479,convex
1480.12709352181,1.4264068608116,1.39884738477807,convex
1483.58502415019,1.42640071050854,1.398824730464,convex
1487.04836897699,1.42639396428515,1.39880169301619,convex
1490.51713341563,1.42638662360772,1.39877827379293,convex
1493.99132289196,1.42637868993654,1.39875447414728,convex
1497.47094284441,1.42637016472589,1.39873029542703,convex
1500.95599872398,1.42636104942405,1.39870573897477,convex
1504.44649599434,1.42635134547336,1.39868080612788,convex
1507.94244013187,1.42634105431018,1.39865549821854,convex
1511.44383662573,1.42633017736497,1.39862981657383,convex
1514.95069097791,1.42631871606228,1.39860376251563,convex
1518.46300870331,1.42630667182078,1.39857733736074,convex
1521.98079532976,1.42629404605326,1.39855054242087,convex
1525.50405639811,1.42628084016669,1.39852337900265,convex
1529.03279746231,1.4262670555622,1.39849584840764,convex
1532.5670240894,1.42625269363511,1.39846795193241,convex
1536.10674185964,1.42623775577498,1.39843969086848,convex
1539.65195636654,1.42622224336558,1.39841106650241,convex
1543.20267321692,1.42620615778496,1.39838208011577,convex
1546.75889803098,1.42618950040542,1.39835273298519,convex
1550.32063644235,1.42617227259358,1.39832302638239,convex
1553.88789409816,1.42615447571034,1.39829296157416,convex
1557.46067665908,1.42613611111097,1.3982625398224,convex
1561.03898979942,1.42611718014507,1.39823176238417,convex
1564.62283920716,1.42609768415662,1.39820063051165,convex
1568.21223058402,1.42607762448398,1.39816914545221,convex
1571.80716964552,1.42605700245994,1.39813730844843,convex
1575.40766212104,1.4260358194117,1.39810512073807,convex
1579.01371375388,1.4260140766609,1.39807258355414,convex
1582.62533030135,1.42599177552368,1.3980396981249,convex
1586.24251753479,1.42596891731062,1.39800646567388,convex
1589.86528123964,1.42594550332685,1.3979728874199,convex
1593.49362721553,1.42592153487197,1.3979389645771,convex
1597.12756127633,1.42589701324017,1.39790469835493,convex
1600.76708925017,1.42587193972015,1.3978700899582,convex
1604.4122169796,1.42584631559524,1.39783514058709,convex
1608.06295032153,1.42582014214331,1.39779985143717,convex
1611.7192951474,1.42579342063687,1.39776422369941,convex
1615.38125734317,1.42576615234307,1.39772825856019,convex
1619.04884280943,1.42573833852369,1.39769195720136,convex
1622.72205746144,1.42570998043517,1.39765532080021,convex
1626.40090722918,1.42568107932865,1.39761835052953,convex
1630.08539805746,1.42565163644997,1.39758104755758,convex
1633.77553590595,1.42562165303968,1.39754341304818,convex
1637.47132674922,1.42559113033306,1.39750544816064,convex
1641.17277657686,1.42556006956017,1.39746715404986,convex
1644.87989139352,1.42552847194582,1.39742853186629,convex
1648.59267721894,1.4254963387096,1.39738958275597,convex
1652.31114008809,1.42546367106592,1.39735030786057,convex
1656.03528605115,1.42543047022402,1.39731070831735,convex
1659.76512117364,1.42539673738795,1.39727078525926,convex
1663.50065153645,1.42536247375665,1.39723053981487,convex
1667.2418832359,1.4253276805239,1.39718997310845,convex
1670.98882238384,1.4252923588784,1.39714908625996,convex
1674.74147510768,1.42525651000373,1.39710788038509,convex
1678.49984755049,1.4252201350784,1.39706635659523,convex
1682.26394587102,1.42518323527587,1.39702451599755,convex
1686.0337762438,1.42514581176456,1.39698235969497,convex
1689.8093448592,1.42510786570782,1.39693988878621,convex
1693.59065792348,1.42506939826405,1.39689710436576,convex
1697.37772165889,1.4250304105866,1.39685400752397,convex
1701.17054230368,1.42499090382387,1.39681059934699,convex
1704.96912611225,1.42495087911929,1.39676688091683,convex
1708.7734793551,1.42491033761134,1.39672285331139,convex
1712.58360831903,1.42486928043356,1.39667851760443,convex
1716.39951930709,1.4248277087146,1.39663387486562,convex
1720.22121863872,1.42478562357819,1.39658892616055,convex
1724.04871264979,1.42474302614317,1.39654367255075,convex
1727.88200769268,1.42469991752353,1.3964981150937,convex
1731.72111013631,1.42465629882838,1.39645225484284,convex
1735.56602636625,1.42461217116203,1.39640609284761,convex
1739.41676278479,1.42456753562393,1.39635963015343,convex
1743.27332581096,1.42452239330874,1.39631286780176,convex
1747.13572188065,1.42447674530633,1.39626580683008,convex
1751.00395744665,1.42443059270178,1.39621844827191,convex
1754.87803897872,1.42438393657543,1.39617079315687,convex
1758.75797296366,1.42433677800285,1.39612284251062,convex
1762.64376590539,1.42428911805489,1.39607459735494,convex
1766.535424325,1.42424095779769,1.39602605870771,convex
1770.43295476083,1.42419229829266,1.39597722758297,convex
1774.33636376855,1.42414314059656,1.39592810499086,convex
1778.24565792118,1.42409348576144,1.3958786919377,convex
1782.16084380924,1.42404333483472,1.395828989426,convex
1786.08192804074,1.42399268885916,1.39577899845444,convex
1790.00891724129,1.4239415488729,1.39572872001791,convex
1793.94181805417,1.42388991590945,1.39567815510753,convex
1797.8806371404,1.42383779099774,1.39562730471064,convex
1801.82538117877,1.42378517516211,1.39557616981085,convex
1805.77605686597,1.4237320694223,1.39552475138802,convex
1809.73267091663,1.42367847479352,1.39547305041832,convex
1813.69523006338,1.42362439228644,1.39542106787417,convex
1817.66374105694,1.42356982290717,1.39536880472435,convex
1821.63821066618,1.42351476765733,1.39531626193394,convex
1825.61864567819,1.42345922753402,1.39526344046436,convex
1829.60505289836,1.42340320352987,1.3952103412734,convex
1833.59743915046,1.42334669663301,1.39515696531521,convex
1837.59581127666,1.42328970782713,1.39510331354032,convex
1841.60017613768,1.42323223809147,1.39504938689569,convex
1845.61054061278,1.42317428840082,1.39499518632465,convex
1849.6269115999,1.42311585972556,1.39494071276699,convex
1853.64929601568,1.42305695303166,1.39488596715894,convex
1857.67770079558,1.42299756928069,1.39483095043316,convex
1861.7121328939,1.42293770942985,1.39477566351882,convex
1865.7525992839,1.42287737443197,1.39472010734156,convex
1869.79910695783,1.42281656523551,1.3946642828235,convex
1873.85166292704,1.4227552827846,1.39460819088329,convex
1877.91027422204,1.42269352801905,1.39455183243613,convex
1881.97494789254,1.42263130187434,1.39449520839371,convex
1886.04569100758,1.42256860528163,1.39443831966433,convex
1890.12251065556,1.42250543916784,1.39438116715281,convex
1894.20541394434,1.42244180445555,1.39432375176059,convex
1898.29440800129,1.42237770206313,1.39426607438568,convex
1902.38949997337,1.42231313290466,1.39420813592272,convex
1906.49069702722,1.42224809789,1.39414993726296,convex
1910.59800634923,1.42218259792477,1.3940914792943,convex
1914.71143514558,1.42211663391037,1.39403276290127,convex
1918.83099064236,1.42205020674403,1.39397378896508,convex
1922.95668008562,1.42198331731874,1.39391455836362,convex
1927.08851074144,1.42191596652335,1.39385507197145,convex
1931.22648989603,1.42184815524253,1.39379533065984,convex
1935.37062485578,1.42177988435679,1.39373533529681,convex
1939.52092294733,1.42171115474251,1.39367508674705,convex
1943.67739151768,1.42164196727193,1.39361458587204,convex
1947.84003793424,1.42157232281317,1.39355383353,convex
1952.00886958489,1.42150222223026,1.39349283057592,convex
1956.1838938781,1.42143166638311,1.39343157786155,convex
1960.36511824296,1.42136065612757,1.39337007623548,convex
1964.55255012929,1.4212891923154,1.39330832654306,convex
1968.74619700768,1.4212172757943,1.39324632962648,convex
1972.94606636962,1.42114490740795,1.39318408632477,convex
1977.15216572752,1.42107208799596,1.39312159747379,convex
1981.36450261482,1.42099881839393,1.39305886390627,convex
1985.58308458605,1.42092509943344,1.39299588645179,convex
1989.80791921692,1.42085093194208,1.39293266593682,convex
1994.03901410441,1.42077631674342,1.39286920318475,convex
1998.27637686679,1.42070125465708,1.39280549901584,convex
2002.52001514376,1.42062574649869,1.39274155424728,convex
2006.7699365965,1.42054979307994,1.39267736969321,convex
2011.02614890776,1.42047339520856,1.39261294616468,convex
2015.2886597819,1.42039655368834,1.39254828446972,convex
2019.55747694503,1.42031926931916,1.39248338541333,convex
2023.83260814502,1.42024154289697,1.39241824979746,convex
2028.11406115165,1.42016337521382,1.39235287842109,convex
2032.40184375663,1.42008476705787,1.39228727208017,convex
2036.69596377369,1.4200057192134,1.39222143156768,convex
2040.99642903869,1.41992623246081,1.39215535767362,convex
2045.30324740968,1.41984630757665,1.39208905118505,convex
2049.61642676695,1.4197659453336,1.39202251288605,convex
2053.93597501315,1.41968514650052,1.39195574355778,convex
2058.26190007337,1.41960391184244,1.39188874397847,convex
2062.59420989518,1.41952224212055,1.39182151492343,convex
2066.93291244875,1.41944013809224,1.39175405716506,convex
2071.27801572692,1.41935760051112,1.39168637147289,convex
2075.62952774525,1.41927463012697,1.39161845861355,convex
2079.98745654216,1.41919122768584,1.3915503193508,convex
2084.35181017893,1.41910739392997,1.39148195444556,convex
2088.72259673987,1.41902312959786,1.39141336465589,convex
2093.09982433233,1.41893843542426,1.391344550737,convex
2097.48350108683,1.41885331214018,1.3912755134413,convex
2101.87363515709,1.4187677604729,1.39120625351838,convex
2106.27023472015,1.41868178114598,1.39113677171501,convex
2110.67330797647,1.41859537487927,1.3910670687752,convex
2115.08286314993,1.41850854238892,1.39099714544014,convex
2119.49890848803,1.41842128438738,1.39092700244828,convex
2123.92145226184,1.41833360158344,1.3908566405353,convex
2128.35050276619,1.41824549468221,1.39078606043414,convex
2132.78606831972,1.41815696438513,1.39071526287498,convex
2137.22815726491,1.41806801138999,1.39064424858531,convex
2141.67677796824,1.41797863639094,1.39057301828987,convex
2146.13193882024,1.4178888400785,1.3905015727107,convex
2150.59364823556,1.41779862313955,1.39042991256717,convex
2155.06191465307,1.41770798625738,1.39035803857594,convex
2159.53674653594,1.41761693011164,1.39028595145101,convex
2164.01815237172,1.41752545537842,1.39021365190369,convex
2168.50614067243,1.41743356273019,1.39014114064268,convex
2173.00071997463,1.41734125283585,1.39006841837401,convex
2177.50189883954,1.41724852636075,1.38999548580107,convex
2182.00968585306,1.41715538396665,1.38992234362465,convex
2186.52408962593,1.41706182631177,1.38984899254292,convex
2191.04511879376,1.41696785405078,1.38977543325145,convex
2195.57278201713,1.41687346783483,1.3897016664432,convex
2200.10708798168,1.41677866831153,1.38962769280857,convex
2204.6480453982,1.41668345612497,1.38955351303539,convex
2209.1956630027,1.41658783191574,1.3894791278089,convex
2213.7499495565,1.41649179632093,1.38940453781183,convex
2218.31091384634,1.41639534997412,1.38932974372434,convex
2222.87856468441,1.41629849350543,1.38925474622406,convex
2227.45291090851,1.41620122754148,1.38917954598611,convex
2232.03396138208,1.41610355270546,1.38910414368308,convex
2236.62172499429,1.41600546961705,1.38902853998508,convex
2241.21621066016,1.41590697889253,1.3889527355597,convex
2245.81742732062,1.4158080811447,1.38887673107209,convex
2250.42538394262,1.41570877698294,1.38880052718487,convex
2255.04008951917,1.41560906701321,1.38872412455824,convex
2259.66155306948,1.41550895183804,1.38864752384994,convex
2264.28978363904,1.41540843205656,1.38857072571524,convex
2268.92479029965,1.41530750826448,1.38849373080699,convex
2273.56658214961,1.41520618105414,1.38841653977563,convex
2278.2151683137,1.41510445101447,1.38833915326916,convex
2282.87055794335,1.41500231873105,1.38826157193318,convex
2287.53276021669,1.41489978478605,1.38818379641089,convex
2292.20178433864,1.41479684975831,1.38810582734312,convex
2296.87763954101,1.4146935142233,1.38802766536829,convex
2301.56033508259,1.41458977875314,1.38794931112247,convex
2306.24988024921,1.41448564391661,1.38787076523936,convex
2310.94628435389,1.41438111027917,1.38779202835033,convex
2315.64955673687,1.41427617840293,1.38771310108437,convex
2320.35970676572,1.4141708488467,1.38763398406816,convex
2325.07674383544,1.41406512216598,1.38755467792606,convex
2329.80067736855,1.41395899891295,1.38747518328009,convex
2334.53151681515,1.41385247963652,1.38739550074999,convex
2339.26927165307,1.41374556488228,1.38731563095318,convex
2344.0139513879,1.41363825519255,1.3872355745048,convex
2348.7655655531,1.41353055110639,1.38715533201772,convex
2353.52412371012,1.41342245315958,1.38707490410252,convex
2358.28963544846,1.41331396188463,1.38699429136753,convex
2363.06211038576,1.4132050778108,1.38691349441882,convex
2367.84155816792,1.41309580146412,1.38683251386021,convex
2372.62798846916,1.41298613336736,1.38675135029329,convex
2377.42141099214,1.41287607404007,1.38667000431742,convex
2382.22183546803,1.41276562399857,1.38658847652975,convex
2387.02927165662,1.41265478375595,1.38650676752519,convex
2391.84372934639,1.4125435538221,1.38642487789647,convex
2396.66521835464,1.4124319347037,1.38634280823413,convex
2401.49374852755,1.41231992690423,1.38626055912651,convex
2406.32932974029,1.41220753092397,1.38617813115978,convex
2411.17197189708,1.41209474726003,1.38609552491793,convex
2416.02168493137,1.41198157640632,1.3860127409828,convex
2420.87847880582,1.41186801885358,1.38592977993408,convex
2425.74236351249,1.41175407508941,1.3858466423493,convex
2430.61334907288,1.4116397455982,1.38576332880387,convex
2435.49144553803,1.41152503086124,1.38567983987106,convex
2440.37666298866,1.41140993135662,1.38559617612203,convex
2445.26901153519,1.41129444755933,1.38551233812582,convex
2450.1685013179,1.4111785799412,1.38542832644937,convex
2455.075142507,1.41106232897092,1.38534414165752,convex
2459.98894530273,1.4109456951141,1.38525978431302,convex
2464.90991993544,1.41082867883318,1.38517525497655,convex
2469.8380766657,1.41071128058752,1.38509055420672,convex
2474.77342578443,1.41059350083337,1.38500568256006,convex
2479.71597761293,1.41047534002388,1.38492064059105,convex
2484.66574250301,1.41035679860908,1.38483542885214,convex
2489.6227308371,1.41023787703596,1.3847500478937,convex
2494.58695302834,1.41011857574838,1.3846644982641,convex
2499.55841952066,1.40999889518715,1.38457878050968,convex
2504.53714078889,1.40987883579001,1.38449289517475,convex
2509.52312733887,1.40975839799162,1.38440684280162,convex
2514.51638970752,1.40963758222358,1.3843206239306,convex
2519.51693846297,1.40951638891445,1.38423423909999,convex
2524.52478420464,1.40939481848974,1.38414768884613,convex
2529.53993756333,1.4092728713719,1.38406097370334,convex
2534.56240920135,1.40915054798035,1.38397409420402,convex
2539.59220981259,1.40902784873148,1.38388705087855,convex
2544.62935012263,1.40890477403866,1.3837998442554,convex
2549.67384088886,1.40878132431222,1.38371247486107,convex
2554.72569290053,1.40865749995948,1.3836249432201,convex
2559.7849169789,1.40853330138476,1.38353724985513,convex
2564.85152397732,1.40840872898936,1.38344939528685,convex
2569.92552478133,1.40828378317158,1.38336138003404,convex
2575.00693030875,1.40815846432673,1.38327320461355,convex
2580.09575150983,1.40803277284713,1.38318486954035,convex
2585.19199936728,1.4079067091221,1.38309637532749,convex
2590.29568489641,1.40778027353799,1.38300772248614,convex
2595.40681914526,1.40765346647816,1.38291891152558,convex
2600.52541319464,1.40752628832303,1.38282994295321,convex
2605.65147815827,1.40739873945003,1.38274081727456,convex
2610.7850251829,1.40727082023361,1.38265153499331,convex
2615.92606544835,1.40714253104531,1.38256209661128,convex
2621.07461016769,1.40701387225366,1.38247250262842,convex
2626.23067058729,1.40688484422431,1.38238275354286,convex
2631.39425798693,1.4067554473199,1.38229284985089,convex
2636.56538367992,1.40662568190017,1.38220279204697,convex
2641.74405901321,1.40649554832191,1.38211258062373,convex
2646.93029536747,1.406365046939,1.382022216072,convex
2652.1241041572,1.40623417810238,1.3819316988808,convex
2657.32549683086,1.40610294216006,1.38184102953733,convex
2662.53448487093,1.40597133945715,1.38175020852703,convex
2667.75107979407,1.40583937033584,1.38165923633351,convex
2672.97529315118,1.40570703513542,1.38156811343864,convex
2678.20713652751,1.40557433419227,1.38147684032249,convex
2683.44662154282,1.40544126783986,1.38138541746337,convex
2688.6937598514,1.40530783640878,1.38129384533783,convex
2693.94856314225,1.40517404022673,1.38120212442067,convex
2699.21104313914,1.40503987961851,1.38111025518492,convex
2704.48121160075,1.40490535490605,1.3810182381019,convex
2709.75908032076,1.40477046640838,1.38092607364119,convex
2715.04466112795,1.40463521444169,1.38083376227061,convex
2720.33796588633,1.40449959931927,1.38074130445629,convex
2725.63900649523,1.40436362135155,1.38064870066265,convex
2730.94779488941,1.4042272808461,1.38055595135237,convex
2736.26434303918,1.40409057810762,1.38046305698644,convex
2741.5886629505,1.40395351343797,1.38037001802418,convex
2746.92076666509,1.40381608713614,1.38027683492318,convex
2752.26066626054,1.40367829949829,1.38018350813938,convex
2757.60837385042,1.40354015081772,1.38009003812701,convex
2762.9639015844,1.40340164138489,1.37999642533865,convex
2768.32726164832,1.40326277148744,1.37990267022523,convex
2773.69846626437,1.40312354141014,1.37980877323598,convex
2779.07752769112,1.40298395143497,1.37971473481851,convex
2784.46445822372,1.40284400184105,1.37962055541878,convex
2789.8592701939,1.40270369290469,1.3795262354811,convex
2795.26197597021,1.40256302489938,1.37943177544814,convex
2800.67258795801,1.4024219980958,1.37933717576097,convex
2806.09111859969,1.40228061276179,1.37924243685901,convex
2811.51758037469,1.4021388691624,1.37914755918007,convex
2816.95198579966,1.40199676755987,1.37905254316037,convex
2822.39434742859,1.40185430821363,1.37895738923449,convex
2827.84467785288,1.40171149138031,1.37886209783545,convex
2833.30298970146,1.40156831731374,1.37876666939465,convex
2838.76929564095,1.40142478626497,1.37867110434192,convex
2844.24360837571,1.40128089848222,1.3785754031055,convex
2849.72594064799,1.40113665421096,1.37847956611206,convex
2855.21630523805,1.40099205369386,1.3783835937867,convex
2860.71471496426,1.40084709717079,1.37828748655296,convex
2866.22118268321,1.40070178487886,1.37819124483282,convex
2871.73572128984,1.40055611705239,1.37809486904671,convex
2877.25834371755,1.40041009392293,1.37799835961351,convex
2882.78906293831,1.40026371571926,1.37790171695057,convex
2888.32789196279,1.40011698266738,1.3778049414737,convex
2893.87484384046,1.39996989499053,1.37770803359717,convex
2899.42993165973,1.39982245290918,1.37761099373376,convex
2904.99316854802,1.39967465664104,1.37751382229469,convex
2910.56456767194,1.39952650640106,1.37741651968971,convex
2916.14414223737,1.39937800240143,1.37731908632702,convex
2921.73190548958,1.39922914485159,1.37722152261336,convex
2927.32787071334,1.39907993395822,1.37712382895396,convex
2932.93205123309,1.39893036992527,1.37702600575255,convex
2938.54446041297,1.3987804529539,1.37692805341138,convex
2944.16511165704,1.39863018324257,1.37682997233124,convex
2949.79401840931,1.39847956098697,1.37673176291142,convex
2955.43119415391,1.39832858638005,1.37663342554977,convex
2961.0766524152,1.39817725961203,1.37653496064265,convex
2966.73040675791,1.39802558087039,1.37643636858497,convex
2972.3924707872,1.39787355033987,1.37633764977022,convex
2978.06285814885,1.39772116820248,1.37623880459039,convex
2983.74158252934,1.39756843463751,1.37613983343607,convex
2989.42865765598,1.39741534982148,1.37604073669641,convex
2995.12409729705,1.39726191392824,1.3759415147591,convex
3000.8279152619,1.39710812712888,1.37584216801045,convex
3006.54012540107,1.39695398959176,1.3757426968353,convex
3012.26074160643,1.39679950148255,1.37564310161712,convex
3017.9897778113,1.39664466296417,1.37554338273794,convex
3023.72724799056,1.39648947419683,1.37544354057841,convex
3029.47316616079,1.39633393533803,1.37534357551776,convex
3035.22754638038,1.39617804654255,1.37524348793382,convex
3040.99040274968,1.39602180796246,1.37514327820307,convex
3046.76174941108,1.39586521974711,1.37504294670056,convex
3052.54160054918,1.39570828204314,1.3749424938,convex
3058.32997039087,1.39555099499449,1.37484191987368,convex
3064.12687320552,1.39539335874239,1.37474122529258,convex
3069.93232330503,1.39523537342536,1.37464041042626,convex
3075.74633504403,1.39507703917922,1.37453947564295,convex
3081.56892281994,1.39491835613707,1.37443842130954,convex
3087.40010107314,1.39475932442933,1.37433724779153,convex
3093.23988428709,1.39459994418371,1.3742359554531,convex
3099.08828698844,1.39444021552521,1.3741345446571,convex
3104.94532374719,1.39428013857615,1.37403301576503,convex
3110.81100917677,1.39411971345614,1.37393136913707,convex
3116.68535793422,1.39395894028209,1.37382960513206,convex
3122.5683847203,1.39379781916822,1.37372772410754,convex
3128.46010427958,1.39363635022607,1.37362572641971,convex
3134.36053140065,1.39347453356445,1.37352361242349,convex
3140.26968091617,1.39331236928952,1.37342138247248,convex
3146.18756770307,1.39314985750471,1.37331903691896,convex
3152.1142066826,1.39298699831079,1.37321657611395,convex
3158.04961282055,1.39282379180581,1.37311400040716,convex
3163.99380112731,1.39266023808515,1.373011310147,convex
3169.94678665806,1.39249633724151,1.37290850568062,convex
3175.90858451283,1.39233208936487,1.37280558735389,convex
3181.8792098367,1.39216749454256,1.37270255551139,convex
3187.85867781991,1.39200255285918,1.37259941049646,convex
3193.84700369798,1.39183726439669,1.37249615265114,convex
3199.84420275186,1.39167162923433,1.37239278231624,convex
3205.85029030805,1.39150564744866,1.3722892998313,convex
3211.86528173875,1.39133931911357,1.37218570553463,convex
3217.88919246197,1.39117264430026,1.37208199976326,convex
3223.9220379417,1.39100562307723,1.37197818285301,convex
3229.96383368802,1.39083825551031,1.37187425513846,convex
3236.01459525724,1.39067054166264,1.37177021695294,convex
3242.07433825203,1.39050248159469,1.37166606862856,convex
3248.14307832157,1.39033407536422,1.37156181049622,convex
3254.22083116168,1.39016532302634,1.37145744288559,convex
3260.30761251497,1.38999622463345,1.37135296612512,convex
3266.40343817093,1.38982678023528,1.37124838054206,convex
3272.50832396615,1.38965698987886,1.37114368646244,convex
3278.62228578437,1.38948685360856,1.37103888421112,convex
3284.74533955668,1.38931637146606,1.37093397411173,convex
3290.87750126163,1.38914554349034,1.37082895648672,convex
3297.01878692538,1.38897436971772,1.37072383165734,convex
3303.16921262184,1.38880285018183,1.37061859994369,convex
3309.32879447281,1.38863098491359,1.37051326166465,convex
3315.49754864811,1.38845877394127,1.37040781713795,convex
3321.67549136573,1.38828621729044,1.37030226668013,convex
3327.86263889196,1.38811331498399,1.37019661060658,convex
3334.05900754157,1.38794006704212,1.37009084923151,convex
3340.26461367789,1.38776647348235,1.36998498286799,convex
3346.479473713,1.3875925343195,1.36987901182793,convex
3352.70360410787,1.38741824956571,1.36977293642206,convex
3358.93702137246,1.38724361923045,1.36966675696001,convex
3365.17974206593,1.38706864332048,1.36956047375024,convex
3371.43178279673,1.38689332183987,1.36945408710008,convex
3377.69316022277,1.38671765479002,1.36934759731571,convex
3383.96389105155,1.38654164216962,1.3692410047022,convex
3390.24399204031,1.38636528397469,1.36913430956349,convex
3396.53347999619,1.38618858019853,1.36902751220239,convex
3402.83237177635,1.38601153083178,1.36892061292059,convex
3409.14068428816,1.38583413586236,1.36881361201868,convex
3415.45843448929,1.3856563952755,1.36870650979613,convex
3421.78563938789,1.38547830905375,1.3685993065513,convex
3428.12231604273,1.38529987717695,1.36849200258145,convex
3434.46848156337,1.38512109962225,1.36838459818275,convex
3440.82415311025,1.38494197636409,1.36827709365027,convex
3447.18934789493,1.38476250737422,1.36816948927798,convex
3453.56408318014,1.38458269262168,1.36806178535878,convex
3459.94837627998,1.38440253207283,1.36795398218448,convex
3466.34224456011,1.38422202569129,1.36784608004579,convex
3472.74570543782,1.38404117343801,1.36773807923239,convex
3479.15877638222,1.38385997527122,1.36762998003285,convex
3485.58147491439,1.38367843114643,1.36752178273468,convex
3492.01381860754,1.38349654101645,1.36741348762434,convex
3498.45582508715,1.3833143048314,1.36730509498723,convex
3504.90751203113,1.38313172253865,1.36719660510766,convex
3511.36889716995,1.38294879408289,1.36708801826893,convex
3517.83999828684,1.38276551940606,1.36697933475327,convex
3524.32083321789,1.38258189844742,1.36687055484186,convex
3530.81141985225,1.38239793114349,1.36676167881486,convex
3537.31177613226,1.38221361742807,1.36665270695137,convex
3543.82192005361,1.38202895723224,1.36654363952946,convex
3550.34186966549,1.38184395048436,1.36643447682619,convex
3556.87164307077,1.38165859711005,1.36632521911756,convex
3563.41125842613,1.38147289703222,1.36621586667857,convex
3569.96073394221,1.38128685017104,1.3661064197832,convex
3576.52008788381,1.38110045644395,1.36599687870441,convex
3583.08933857001,1.38091371576565,1.36588724371413,convex
3589.66850437435,1.38072662804811,1.36577751508331,convex
3596.25760372496,1.38053919320056,1.36566769308188,convex
3602.85665510475,1.38035141112949,1.36555777797876,convex
3609.46567705158,1.38016328173864,1.3654477700419,convex
3616.08468815835,1.37997480492902,1.36533766953822,convex
3622.71370707325,1.37978598059887,1.36522747673367,convex
3629.35275249989,1.37959680864371,1.36511719189322,convex
3636.00184319739,1.37940728895627,1.36500681528082,convex
3642.66099798067,1.37921742142655,1.36489634715948,convex
3649.33023572053,1.3790272059418,1.36478578779122,convex
3656.00957534382,1.37883664238648,1.36467513743706,convex
3662.69903583361,1.37864573064231,1.36456439635708,convex
3669.39863622937,1.37845447058824,1.3644535648104,convex
3676.10839562713,1.37826286210045,1.36434264305513,convex
3682.82833317961,1.37807090505235,1.36423163134847,convex
3689.55846809645,1.37787859931457,1.36412052994664,convex
3696.29881964431,1.37768594475497,1.3640093391049,convex
3703.04940714708,1.37749294123863,1.36389805907758,convex
3709.81024998603,1.37729958862785,1.36378669011803,convex
3716.58136759998,1.37710588678213,1.3636752324787,convex
3723.36277948547,1.3769118355582,1.36356368641107,convex
3730.15450519692,1.37671743480999,1.36345205216568,convex
3736.95656434683,1.37652268438864,1.36334032999216,convex
3743.76897660589,1.37632758414248,1.36322852013919,convex
3750.59176170321,1.37613213391705,1.36311662285452,convex
3757.42493942646,1.37593633355507,1.36300463838499,convex
3764.26852962206,1.37574018289648,1.36289256697651,convex
3771.1225521953,1.37554368177839,1.36278040887408,convex
3777.9870271106,1.37534683003509,1.36266816432177,convex
3784.86197439161,1.37514962749806,1.36255583356276,convex
3791.7474141214,1.37495207399597,1.36244341683931,convex
3798.64336644264,1.37475416935463,1.36233091439277,convex
3805.5498515578,1.37455591339707,1.3622183264636,convex
3812.46688972928,1.37435730594344,1.36210565329135,convex
3819.39450127959,1.37415834681108,1.36199289511467,convex
3826.33270659157,1.37395903581449,1.36188005217135,convex
3833.28152610852,1.37375937276531,1.36176712469825,convex
3840.2409803344,1.37355935747235,1.36165411293137,convex
3847.21108983399,1.37335898974156,1.36154101710581,convex
3854.19187523309,1.37315826937603,1.3614278374558,convex
3861.18335721868,1.372957196176,1.36131457421469,convex
3868.18555653911,1.37275576993884,1.36120122761496,convex
3875.19849400427,1.37255399045905,1.36108779788821,convex
3882.22219048579,1.37235185752826,1.36097428526518,convex
3889.25666691718,1.37214937093523,1.36086068997575,convex
3896.30194429407,1.37194653046584,1.36074701224891,convex
3903.35804367434,1.37174333590306,1.36063325231283,convex
3910.42498617832,1.371539787027,1.3605194103948,convex
3917.50279298897,1.37133588361487,1.36040548672125,convex
3924.5914853521,1.37113162544096,1.36029148151778,convex
3931.69108457647,1.3709270122767,1.36017739500914,convex
3938.80161203408,1.37072204389056,1.36006322741921,convex
3945.92308916027,1.37051672004814,1.35994897897107,convex
3953.05553745394,1.37031104051211,1.35983464988692,convex
3960.19897847775,1.37010500504221,1.35972024038815,convex
3967.35343385826,1.36989861339525,1.35960575069532,convex
3974.51892528618,1.36969186532513,1.35949118102814,convex
3981.69547451652,1.36948476058281,1.3593765316055,convex
3988.88310336877,1.36927729891628,1.35926180264548,convex
3996.08183372711,1.36906948007062,1.35914699436532,convex
4003.29168754059,1.36886130378794,1.35903210698145,convex
4010.51268682335,1.36865276980739,1.35891714070948,convex
4017.74485365476,1.36844387786518,1.35880209576421,convex
4024.98821017963,1.36823462769453,1.35868697235964,convex
4032.24277860844,1.36802501902569,1.35857177070895,convex
4039.50858121747,1.36781505158595,1.3584564910245,convex
4046.78564034906,1.3676047250996,1.35834113351788,convex
4054.07397841173,1.36739403928795,1.35822569839987,convex
4061.37361788044,1.36718299386931,1.35811018588044,convex
4068.68458129676,1.366971588559,1.35799459616878,convex
4076.00689126906,1.36675982306933,1.35787892947328,convex
4083.3405704727,1.3665476971096,1.35776318600155,convex
4090.68564165026,1.36633521038608,1.35764736596042,convex
4098.04212761171,1.36612236260204,1.35753146955591,convex
4105.41005123461,1.36590915345771,1.35741549699329,convex
4112.78943546432,1.36569558265029,1.35729944847703,convex
4120.18030331418,1.36548164987394,1.35718332421084,convex
4127.58267786575,1.36526735481976,1.35706712439766,convex
4134.99658226897,1.36505269717582,1.35695084923964,convex
4142.42203974238,1.36483767662711,1.35683449893818,convex
4149.85907357331,1.36462229285558,1.35671807369391,convex
4157.30770711811,1.36440654554009,1.35660157370671,convex
4164.76796380233,1.36419043435643,1.35648499917567,convex
4172.23986712092,1.36397395897729,1.35636835029915,convex
4179.72344063845,1.36375711907231,1.35625162727476,convex
4187.21870798933,1.36353991430799,1.35613483029934,convex
4194.72569287796,1.36332234434776,1.35601795956898,convex
4202.244419079,1.36310440885191,1.35590101527904,convex
4209.77491043755,1.36288610747764,1.35578399762412,convex
4217.31719086934,1.36266743987901,1.3556669067981,convex
4224.871284361,1.36244840570696,1.35554974299409,convex
4232.43721497018,1.36222900460929,1.35543250640449,convex
4240.01500682583,1.36200923623066,1.35531519722096,convex
4247.6046841284,1.36178910021257,1.35519781563441,convex
4255.20627115002,1.36156859619337,1.35508036183505,convex
4262.81979223474,1.36134772380824,1.35496283601235,convex
4270.44527179876,1.36112648268919,1.35484523835505,convex
4278.08273433057,1.36090487246505,1.35472756905116,convex
4285.73220439127,1.36068289276147,1.35460982828801,convex
4293.39370661469,1.3604605432009,1.35449201625217,convex
4301.06726570766,1.36023782340259,1.35437413312952,convex
4308.75290645022,1.36001473298257,1.35425617910522,convex
4316.45065369582,1.35979127155368,1.35413815436372,convex
4324.16053237153,1.3595674387255,1.35402005908876,convex
4331.88256747833,1.35934323410441,1.35390189346339,convex
4339.61678409121,1.35911865729354,1.35378365766993,convex
4347.3632073595,1.35889370789276,1.35366535189003,convex
4355.12186250702,1.35866838549871,1.35354697630463,convex
4362.89277483238,1.35844268970474,1.35342853109397,convex
4370.67596970906,1.35821662010094,1.3533100164376,convex
4378.47147258582,1.35799017627413,1.35319143251438,convex
4386.27930898676,1.35776335780782,1.35307277950248,convex
4394.09950451164,1.35753616428226,1.35295405757938,convex
4401.9320848361,1.35730859527435,1.3528352669219,convex
4409.77707571181,1.35708065035771,1.35271640770613,convex
4417.63450296679,1.35685232910263,1.35259748010754,convex
4425.50439250558,1.35662363107607,1.35247848430088,convex
4433.38677030952,1.35639455584166,1.35235942046023,convex
4441.2816624369,1.35616510295966,1.35224028875902,convex
4449.18909502327,1.355935271987,1.35212108936999,convex
4457.10909428162,1.35570506247724,1.35200182246523,convex
4465.04168650263,1.35547447398055,1.35188248821613,convex
4472.98689805491,1.35524350604375,1.35176308679345,convex
4480.94475538523,1.35501215821023,1.35164361836728,convex
4488.91528501871,1.35478043002002,1.35152408310704,convex
4496.89851355913,1.3545483210097,1.35140448118151,convex
4504.89446768913,1.35431583071247,1.3512848127588,convex
4512.90317417042,1.35408295865807,1.35116507800638,convex
4520.92465984404,1.35384970437282,1.35104527709106,convex
4528.95895163063,1.3536160673796,1.350925410179,convex
4537.0060765306,1.35338204719782,1.35080547743573,convex
4545.06606162444,1.35314764334343,1.35068547902611,convex
4553.13893407292,1.35291285532891,1.35056541511439,convex
4561.22472111732,1.35267768266323,1.35044528586415,convex
4569.3234500797,1.3524421248519,1.35032509143835,convex
4577.43514836314,1.3522061813969,1.35020483199932,convex
4585.55984345198,1.35196985179672,1.35008450770873,convex
4593.69756291205,1.35173313554629,1.34996411872765,convex
4601.84833439094,1.35149603213703,1.3498436652165,convex
4610.01218561823,1.35125854105682,1.34972314733508,convex
4618.18914440572,1.35102066178996,1.34960256524257,convex
4626.37923864772,1.35078239381721,1.34948191909752,convex
4634.58249632129,1.35054373661574,1.34936120905785,convex
4642.79894548643,1.35030468965913,1.34924043528089,convex
4651.02861428642,1.35006525241737,1.34911959792331,convex
4659.27153094802,1.34982542435684,1.34899869714122,convex
4667.52772378172,1.3495852049403,1.34887773309007,convex
4675.79722118199,1.34934459362689,1.34875670592471,convex
4684.0800516276,1.3491035898721,1.34863561579941,convex
4692.37624368175,1.34886219312776,1.3485144628678,convex
4700.68582599246,1.34862040284205,1.34839324728291,convex
4709.00882729274,1.34837821845948,1.34827196919718,convex
4717.34527640087,1.34813563942086,1.34815062876245,convex
4725.69520222065,1.34789266516332,1.34802922612994,convex
4734.05863374171,1.34764929512027,1.3479077614503,convex
4742.43560003968,1.34740552872141,1.34778623487357,convex
4750.82613027654,1.3471613653927,1.3476646465492,convex
4759.23025370083,1.34691680455636,1.34754299662604,convex
4767.64799964793,1.34667184563086,1.34742128525237,convex
4776.07939754029,1.3464264880309,1.34729951257587,convex
4784.52447688779,1.3461807311674,1.34717767874364,convex
4792.98326728788,1.3459345744475,1.34705578390219,convex
4801.45579842594,1.34568801727453,1.34693382819745,convex
4809.9421000755,1.345441059048,1.34681181177479,convex
4818.44220209854,1.3451936991636,1.34668973477896,convex
4826.95613444574,1.34494593701319,1.34656759735418,convex
4835.48392715673,1.34469777198476,1.34644539964408,convex
4844.02561036043,1.34444920346244,1.34632314179169,convex
4852.58121427525,1.3442002308265,1.34620082393952,convex
4861.15076920938,1.3439508534533,1.34607844622948,convex
4869.73430556111,1.34370107071531,1.34595600880291,convex
4878.33185381906,1.34345088198108,1.3458335118006,convex
4886.94344456244,1.34320028661523,1.34571095536277,convex
4895.5691084614,1.34294928397845,1.3455883396291,convex
4904.20887627723,1.34269787342745,1.34546566473867,convex
4912.86277886269,1.342446054315,1.34534293083003,convex
4921.53084716228,1.34219382598987,1.34522013804118,convex
4930.21311221249,1.34194118779685,1.34509728650955,convex
4938.90960514212,1.34168813907671,1.34497437637203,convex
4947.62035717256,1.3414346791662,1.34485140776495,convex
4956.34539961806,1.34118080739803,1.34472838082409,convex
4965.08476388602,1.34092652310088,1.3446052956847,convex
4973.83848147727,1.34067182559934,1.34448215248148,convex
4982.60658398637,1.34041671421393,1.34435895134857,convex
4991.3891031019,1.3401611882611,1.34423569241958,convex
5000.18607060674,1.33990524705316,1.34411237582759,convex
5008.99751837835,1.33964888989832,1.34398900170514,convex
5017.82347838909,1.33939211610065,1.34386557018421,convex
5026.66398270651,1.33913492496007,1.34374208139628,convex
5035.51906349359,1.33887731577233,1.34361853547227,convex
5044.38875300912,1.33861928782901,1.34349493254259,convex
5053.27308360793,1.33836084041749,1.3433712727371,convex
5062.17208774121,1.33810197282094,1.34324755618516,convex
5071.08579795683,1.33784268431831,1.34312378301557,convex
5080.01424689959,1.33758297418432,1.34299995335664,convex
5088.95746731156,1.3373228416894,1.34287606733613,convex
5097.91549203237,1.33706228609975,1.3427521250813,convex
5106.88835399951,1.33680130667726,1.34262812671888,convex
5115.87608624863,1.33653990267953,1.34250407237508,convex
5124.87872191386,1.33627807335984,1.34237996217561,convex
5133.8962942281,1.33601581796712,1.34225579624565,convex
5142.92883652333,1.33575313574598,1.34213157470987,convex
5151.97638223093,1.33549002593665,1.34200729769243,convex
5161.03896488197,1.33522648777498,1.341882965317,convex
5170.11661810754,1.33496252049242,1.34175857770671,convex
5179.20937563906,1.334698123316,1.3416341349842,convex
5188.31727130856,1.33443329546833,1.34150963727161,convex
5197.44033904903,1.33416803616757,1.34138508469057,convex
5206.57861289474,1.33390234462741,1.34126047736222,convex
5215.73212698152,1.33363622005708,1.34113581540719,convex
5224.9009155471,1.33336966166128,1.34101109894561,convex
5234.08501293144,1.33310266864021,1.34088632809713,convex
5243.28445357704,1.33283524018955,1.34076150298088,convex
5252.49927202921,1.3325673755004,1.34063662371551,convex
5261.72950293651,1.33229907375933,1.3405116904192,convex
5270.97518105095,1.33203033414829,1.3403867032096,convex
5280.23634122839,1.33176115584465,1.34026166220389,convex
5289.51301842882,1.33149153802115,1.34013656751878,convex
5298.80524771676,1.3312214798459,1.34001141927048,convex
5308.11306426147,1.33095098048234,1.33988621757469,convex
5317.4365033374,1.33068003908925,1.33976096254668,convex
5326.77560032445,1.3304086548207,1.3396356543012,convex
5336.13039070832,1.33013682682606,1.33951029295253,convex
5345.50091008084,1.32986455424997,1.33938487861449,convex
5354.88719414032,1.32959183623231,1.33925941140039,convex
5364.28927869186,1.32931867190821,1.3391338914231,convex
5373.7071996477,1.32904506040801,1.339008318795,convex
5383.14099302759,1.32877100085722,1.33888269362799,convex
5392.59069495905,1.32849649237655,1.33875701603352,convex
5402.05634167778,1.32822153408186,1.33863128612255,convex
5411.537969528,1.32794612508413,1.3385055040056,convex
5421.03561496276,1.32767026448949,1.33837966979269,convex
5430.54931454429,1.32739395139914,1.33825378359341,convex
5440.07910494435,1.32711718490935,1.33812784551687,convex
5449.62502294462,1.32683996411147,1.3380018556717,convex
5459.18710543696,1.32656228809188,1.33787581416611,convex
5468.76538942386,1.32628415593195,1.33774972110783,convex
5478.35991201872,1.32600556670809,1.33762357660412,convex
5487.97071044621,1.32572651949165,1.33749738076182,convex
5497.59782204267,1.32544701334894,1.33737113368727,convex
5507.24128425641,1.32516704734122,1.3372448354864,convex
5516.9011346481,1.32488662052465,1.33711848626467,convex
5526.57741089113,1.32460573195027,1.33699208612708,convex
5536.27015077194,1.32432438066401,1.3368656351782,convex
5545.9793921904,1.32404256570664,1.33673913352214,convex
5555.7051731602,1.32376028611374,1.33661258126257,convex
5565.44753180914,1.32347754091573,1.33648597850272,convex
5575.20650637959,1.32319432913779,1.33635932534536,convex
5584.98213522876,1.32291064979985,1.33623262189285,convex
5594.77445682914,1.32262650191661,1.33610586824707,convex
5604.58350976886,1.32234188449745,1.3359790645095,convex
5614.409332752,1.32205679654648,1.33585221078115,convex
5624.25196459904,1.32177123706245,1.33572530716261,convex
5634.11144424719,1.32148520503878,1.33559835375403,convex
5643.98781075077,1.3211986994635,1.33547135065515,convex
5653.8811032816,1.32091171931925,1.33534429796523,convex
5663.79136112938,1.32062426358324,1.33521719578315,convex
5673.71862370203,1.32033633122725,1.33509004420732,convex
5683.66293052611,1.32004792121758,1.33496284333575,convex
5693.62432124721,1.31975903251505,1.33483559326601,convex
5703.60283563029,1.31946966407494,1.33470829409525,convex
5713.5985135601,1.31917981484702,1.33458094592019,convex
5723.61139504157,1.31888948377546,1.33445354883713,convex
5733.64152020017,1.31859866979888,1.33432610294195,convex
5743.68892928232,1.31830737185026,1.33419860833011,convex
5753.75366265579,1.31801558885695,1.33407106509666,convex
5763.83576081005,1.31772331974064,1.33394347333621,convex
5773.93526435671,1.31743056341731,1.33381583314297,convex
5784.05221402992,1.31713731879727,1.33368814461073,convex
5794.18665068673,1.31684358478504,1.33356040783287,convex
5804.33861530749,1.31654936027941,1.33343262290235,convex
5814.5081489963,1.31625464417337,1.33330478991173,convex
5824.69529298136,1.31595943535409,1.33317690895316,convex
5834.9000886154,1.31566373270289,1.33304898011836,convex
5845.12257737606,1.31536753509525,1.33292100349867,convex
5855.36280086636,1.31507084140072,1.33279297918501,convex
5865.62080081501,1.31477365048294,1.33266490726789,convex
5875.89661907691,1.31447596119961,1.33253678783744,convex
5886.19029763353,1.31417777240245,1.33240862098335,convex
5896.5018785933,1.31387908293716,1.33228040679494,convex
5906.83140419204,1.31357989164343,1.33215214536113,convex
5917.17891679341,1.31328019735488,1.33202383677041,convex
5927.54445888928,1.31297999889905,1.33189548111091,convex
5937.92807310017,1.31267929509735,1.33176707847033,convex
5948.32980217569,1.31237808476508,1.33163862893601,convex
5958.74968899491,1.31207636671133,1.33151013259488,convex
5969.18777656685,1.31177413973901,1.33138158953346,convex
5979.64410803088,1.31147140264481,1.33125299983789,convex
5990.11872665712,1.31116815421914,1.33112436359395,convex
6000.61167584691,1.31086439324615,1.33099568088698,convex
6011.12299913323,1.31056011850364,1.33086695180196,convex
6021.65274018114,1.3102553287631,1.33073817642349,convex
6032.20094278818,1.30995002278963,1.33060935483577,convex
6042.76765088485,1.3096441993419,1.33048048712262,convex
6053.35290853504,1.3093378571722,1.33035157336747,convex
6063.95675993645,1.30903099502629,1.33022261365337,convex
6074.57924942105,1.30872361164349,1.33009360806301,convex
6085.22042145551,1.30841570575655,1.32996455667867,convex
6095.88032064168,1.30810727609169,1.32983545958228,convex
6106.55899171699,1.30779832136851,1.32970631685535,convex
6117.25647955493,1.30748884030003,1.32957712857907,convex
6127.9728291655,1.30717883159259,1.32944789483421,convex
6138.70808569566,1.30686829394584,1.32931861570118,convex
6149.46229442975,1.30655722605273,1.32918929126002,convex
6160.23550079003,1.30624562659945,1.3290599215904,convex
6171.02775033704,1.30593349426541,1.32893050677162,convex
6181.83908877015,1.30562082772322,1.32880104688259,convex
6192.66956192795,1.30530762563861,1.32867154200188,convex
6203.51921578875,1.30499388667046,1.32854199220768,convex
6214.38809647106,1.30467960947073,1.32841239757781,convex
6225.27625023403,1.30436479268441,1.32828275818973,convex
6236.1837234779,1.30404943494953,1.32815307412054,convex
6247.11056274455,1.30373353489711,1.32802334544696,convex
6258.0568147179,1.30341709115109,1.32789357224536,convex
6269.0225262244,1.30310010232835,1.32776375459176,convex
6280.00774423353,1.30278256703864,1.3276338925618,convex
6291.01251585828,1.30246448388455,1.32750398623077,convex
6302.03688835559,1.3021458514615,1.3273740356736,convex
6313.08090912689,1.30182666835766,1.32724404096487,convex
6324.14462571856,1.30150693315395,1.3271140021788,convex
6335.22808582238,1.30118664442398,1.32698391938925,convex
6346.33133727608,1.30086580073405,1.32685379266974,convex
6357.45442806383,1.30054440064306,1.32672362209343,convex
6368.59740631665,1.30022244270252,1.32659340773312,convex
6379.76032031303,1.29989992545649,1.32646314966127,convex
6390.94321847932,1.29957684744155,1.32633284795,convex
6402.1461493903,1.29925320718675,1.32620250267105,convex
6413.36916176961,1.29892900321359,1.32607211389585,convex
6424.61230449037,1.29860423403597,1.32594168169547,convex
6435.87562657555,1.29827889816016,1.32581120614061,convex
6447.15917719856,1.29795299408476,1.32568068730167,convex
6458.46300568376,1.29762652030063,1.32555012524868,convex
6469.78716150695,1.29729947529093,1.32541952005132,convex
6481.13169429585,1.29697185753097,1.32528887177896,convex
6492.4966538307,1.29664366548827,1.3251581805006,convex
6503.88209004472,1.29631489762247,1.32502744628491,convex
6515.28805302464,1.29598555238528,1.32489666920024,convex
6526.71459301121,1.29565562822049,1.32476584931457,convex
6538.16176039977,1.29532512356385,1.32463498669557,convex
6549.62960574073,1.29499403684313,1.32450408141056,convex
6561.11817974012,1.29466236647799,1.32437313352653,convex
6572.62753326014,1.29433011087998,1.32424214311015,convex
6584.15771731963,1.29399726845249,1.32411111022775,convex
6595.70878309467,1.29366383759071,1.3239800349453,convex
6607.28078191912,1.29332981668158,1.32384891732849,convex
6618.87376528511,1.29299520410375,1.32371775744265,convex
6630.48778484361,1.29265999822756,1.32358655535277,convex
6642.12289240497,1.29232419741494,1.32345531112356,convex
6653.77913993951,1.29198780001944,1.32332402481935,convex
6665.45657957799,1.29165080438612,1.32319269650417,convex
6677.15526361221,1.29131320885154,1.32306132624174,convex
6688.87524449558,1.2909750117437,1.32292991409542,convex
6700.61657484363,1.29063621138203,1.32279846012828,convex
6712.37930743459,1.29029680607727,1.32266696440305,convex
6724.16349520999,1.28995679413153,1.32253542698215,convex
6735.96919127514,1.28961617383812,1.32240384792767,convex
6747.79644889978,1.28927494348163,1.3222722273014,convex
6759.64532151858,1.28893310133779,1.32214056516477,convex
6771.51586273178,1.28859064567344,1.32200886157895,convex
6783.40812630567,1.28824757474654,1.32187711660475,convex
6795.32216617328,1.28790388680604,1.32174533030268,convex
6807.25803643485,1.28755958009189,1.32161350273293,convex
6819.21579135849,1.28721465283497,1.3214816339554,convex
6831.19548538072,1.28686910325705,1.32134972402965,convex
6843.19717310708,1.28652292957072,1.32121777301493,convex
6855.22090931265,1.28617612997937,1.3210857809702,convex
6867.26674894277,1.28582870267711,1.32095374795409,convex
6879.3347471135,1.28548064584875,1.32082167402493,convex
6891.4249591123,1.28513195766972,1.32068955924074,convex
6903.5374403986,1.28478263630606,1.32055740365923,convex
6915.67224660438,1.28443267991431,1.32042520733781,convex
6927.8294335348,1.28408208664152,1.32029297033358,convex
6940.00905716882,1.28373085462513,1.32016069270333,convex
6952.21117365977,1.283378981993,1.32002837450357,convex
6964.43583933596,1.28302646686328,1.31989601579048,convex
6976.68311070132,1.28267330734441,1.31976361661995,convex
6988.95304443604,1.28231950153503,1.31963117704756,convex
7001.24569739709,1.28196504752396,1.31949869712861,convex
7013.56112661897,1.28160994339012,1.31936617691807,convex
7025.89938931422,1.28125418720248,1.31923361647065,convex
7038.26054287412,1.28089777702001,1.31910101584073,convex
7050.64464486928,1.28054071089162,1.3189683750824,convex
7063.0517530503,1.28018298685612,1.31883569424946,convex
7075.48192534839,1.27982460294213,1.31870297339543,convex
7087.93521987597,1.27946555716806,1.3185702125735,convex
7100.41169492742,1.27910584754202,1.31843741183659,convex
7112.91140897958,1.27874547206181,1.31830457123732,convex
7125.4344206925,1.27838442871478,1.31817169082803,convex
7137.98078891003,1.27802271547788,1.31803877066075,convex
7150.55057266054,1.2776603303175,1.31790581078724,convex
7163.14383115748,1.27729727118947,1.31777281125896,convex
7175.76062380009,1.27693353603898,1.31763977212707,convex
7188.4010101741,1.27656912280054,1.31750669344246,convex
7201.06505005229,1.27620402939788,1.31737357525573,convex
7213.75280339524,1.27583825374392,1.31724041761719,convex
7226.46433035198,1.27547179374072,1.31710722057687,convex
7239.19969126062,1.27510464727937,1.3169739841845,convex
7251.95894664905,1.27473681223998,1.31684070848954,convex
7264.74215723569,1.27436828649157,1.31670739354117,convex
7277.54938393002,1.27399906789206,1.31657403938828,convex
7290.38068783338,1.27362915428815,1.31644064607948,convex
7303.23613023962,1.2732585435153,1.3163072136631,convex
7316.11577263577,1.27288723339764,1.31617374218719,convex
7329.01967670277,1.27251522174791,1.31604023169953,convex
7341.94790431614,1.2721425063674,1.3159066822476,convex
7354.90051754666,1.27176908504588,1.31577309387862,convex
7367.87757866112,1.27139495556153,1.31563946663953,convex
7380.87915012297,1.2710201156809,1.315505800577,convex
7393.90529459309,1.27064456315878,1.3153720957374,convex
7406.95607493041,1.2702682957382,1.31523835216686,convex
7420.03155419271,1.26989131115032,1.31510456991122,convex
7433.13179563732,1.26951360711437,1.31497074901603,convex
7446.25686272176,1.2691351813376,1.3148368895266,convex
7459.40681910456,1.26875603151518,1.31470299148795,convex
7472.58172864597,1.26837615533013,1.31456905494483,convex
7485.78165540862,1.2679955504533,1.31443507994172,convex
7499.00666365832,1.26761421454321,1.31430106652284,convex
7512.25681786478,1.26723214524607,1.31416701473213,convex
7525.53218270235,1.26684934019563,1.31403292461328,convex
7538.83282305072,1.26646579701317,1.31389879620968,convex
7552.15880399572,1.26608151330736,1.31376462956449,convex
7565.51019083006,1.26569648667427,1.31363042472058,convex
7578.88704905404,1.2653107146972,1.31349618172057,convex
7592.28944437636,1.26492419494669,1.3133619006068,convex
7605.71744271483,1.26453692498037,1.31322758142137,convex
7619.17111019716,1.26414890234294,1.31309322420609,convex
7632.6505131617,1.26376012456608,1.31295882900254,convex
7646.15571815828,1.26337058916832,1.312824395852,convex
7659.68679194886,1.26298029365505,1.31268992479553,convex
7673.2438015084,1.26258923551838,1.3125554158739,convex
7686.82681402563,1.26219741223707,1.31242086912763,convex
7700.43589690378,1.26180482127644,1.31228628459698,convex
7714.0711177614,1.26141146008835,1.31215166232197,convex
7727.73254443318,1.26101732611102,1.31201700234234,convex
7741.42024497067,1.26062241676903,1.31188230469758,convex
7755.13428764312,1.2602267294732,1.31174756942693,convex
7768.8747409383,1.25983026162052,1.31161279656937,convex
7782.64167356326,1.25943301059405,1.31147798616363,convex
7796.43515444512,1.25903497376284,1.31134313824818,convex
7810.25525273199,1.25863614848187,1.31120825286124,convex
7824.10203779363,1.25823653209192,1.31107333004079,convex
7837.97557922238,1.25783612191953,1.31093836982454,convex
7851.87594683395,1.25743491527686,1.31080337224996,convex
7865.80321066823,1.25703290946166,1.31066833735427,convex
7879.75744099011,1.25663010175713,1.31053326517442,convex
7893.73870829037,1.25622648943188,1.31039815574715,convex
7907.74708328645,1.25582206973977,1.31026300910891,convex
7921.78263692331,1.25541683991991,1.31012782529594,convex
7935.84544037429,1.25501079719649,1.30999260434421,convex
7949.93556504196,1.25460393877872,1.30985734628945,convex
7964.05308255893,1.25419626186075,1.30972205116714,convex
7978.19806478873,1.25378776362155,1.30958671901253,convex
7992.37058382671,1.25337844122483,1.3094513498606,convex
8006.57071200082,1.25296829181894,1.30931594374612,convex
8020.79852187252,1.25255731253678,1.30918050070358,convex
8035.05408623769,1.2521455004957,1.30904502076726,convex
8049.33747812742,1.25173285279741,1.30890950397118,convex
8063.64877080892,1.25131936652784,1.30877395034913,convex
8077.98803778648,1.25090503875712,1.30863835993465,convex
8092.35535280223,1.25048986653942,1.30850273276104,convex
8106.75078983711,1.25007384691284,1.30836706886136,convex
8121.17442311173,1.24965697689937,1.30823136826846,convex
8135.6263270873,1.24923925350473,1.3080956310149,convex
8150.10657646649,1.2488206737183,1.30795985713305,convex
8164.61524619438,1.248401234513,1.30782404665501,convex
8179.15241145936,1.2479809328452,1.30768819961268,convex
8193.71814769398,1.24755976565458,1.30755231603769,convex
8208.31253057598,1.24713772986408,1.30741639596144,convex
8222.93563602915,1.24671482237976,1.30728043941512,convex
8237.58754022421,1.24629104009066,1.30714444642967,convex
8252.26831957986,1.24586637986878,1.30700841703579,convex
8266.97805076362,1.24544083856886,1.30687235126396,convex
8281.71681069277,1.24501441302838,1.30673624914443,convex
8296.48467653538,1.24458710006736,1.3066001107072,convex
8311.28172571116,1.24415889648829,1.30646393598206,convex
8326.10803589247,1.24372979907602,1.30632772499856,convex
8340.96368500526,1.24329980459762,1.30619147778603,convex
8355.84875123002,1.2428689098023,1.30605519437356,convex
8370.76331300277,1.24243711142126,1.30591887479002,convex
8385.70744901602,1.2420044061676,1.30578251906405,convex
8400.68123821973,1.24157079073617,1.30564612722405,convex
8415.68475982233,1.24113626180351,1.30550969929822,convex
8430.71809329162,1.24070081602766,1.30537323531451,convex
8445.78131835587,1.24026445004809,1.30523673530065,convex
8460.87451500473,1.23982716048555,1.30510019928417,convex
8475.99776349026,1.23938894394196,1.30496362729234,convex
8491.15114432791,1.2389497970003,1.30482701935223,convex
8506.33473829756,1.23850971622446,1.30469037549068,convex
8521.54862644451,1.23806869815912,1.3045536957343,convex
8536.79289008047,1.23762673932963,1.30441698010949,convex
8552.06761078466,1.2371838362419,1.30428022864242,convex
8567.37287040473,1.23673998538222,1.30414344135906,convex
8582.70875105788,1.23629518321721,1.30400661828512,convex
8598.07533513184,1.2358494261936,1.30386975944613,convex
8613.47270528593,1.23540271073815,1.30373286486737,convex
8628.9009444521,1.23495503325754,1.30359593457394,convex
8644.36013583598,1.23450639013816,1.30345896859068,convex
8659.85036291794,1.23405677774605,1.30332196694223,convex
8675.37170945412,1.23360619242672,1.30318492965303,convex
8690.92425947757,1.23315463050504,1.30304785674728,convex
8706.5080972992,1.23270208828508,1.30291074824897,convex
8722.12330750894,1.23224856204997,1.30277360418188,convex
8737.7699749768,1.23179404806179,1.30263642456957,convex
8753.44818485399,1.23133854256138,1.30249920943539,convex
8769.15802257388,1.23088204176826,1.30236195880248,convex
8784.89957385326,1.23042454188041,1.30222467269376,convex
8800.67292469332,1.2299660390742,1.30208735113194,convex
8816.47816138081,1.22950652950418,1.30194999413952,convex
8832.31537048913,1.22904600930298,1.30181260173878,convex
8848.18463887946,1.22858447458114,1.3016751739518,convex
8864.08605370183,1.22812192142695,1.30153771080044,convex
8880.01970239632,1.22765834590631,1.30140021230637,convex
8895.98567269414,1.22719374406261,1.30126267849102,convex
8911.98405261876,1.22672811191649,1.30112510937563,convex
8928.01493048708,1.22626144546579,1.30098750498123,convex
8944.07839491058,1.22579374068532,1.30084986532865,convex
8960.17453479642,1.22532499352671,1.3007121904385,convex
8976.30343934863,1.22485519991829,1.30057448033118,convex
8992.46519806932,1.2243843557649,1.30043673502689,convex
9008.65990075975,1.22391245694772,1.30029895454564,convex
9024.88763752157,1.22343949932414,1.3001611389072,convex
9041.14849875798,1.22296547872756,1.30002328813117,convex
9057.44257517491,1.22249039096724,1.29988540223693,convex
9073.76995778223,1.22201423182814,1.29974748124365,convex
9090.13073789491,1.22153699707074,1.2996095251703,convex
9106.52500713425,1.22105868243088,1.29947153403567,convex
9122.95285742907,1.22057928361957,1.29933350785831,convex
9139.41438101693,1.22009879632284,1.2991954466566,convex
9155.90967044537,1.21961721620154,1.2990573504487,convex
9172.43881857308,1.2191345388912,1.29891921925258,convex
9189.00191857115,1.21865076000182,1.29878105308599,convex
9205.59906392435,1.21816587511769,1.29864285196652,convex
9222.23034843233,1.21767987979724,1.29850461591151,convex
9238.89586621084,1.21719276957282,1.29836634493814,convex
9255.59571169305,1.21670453995057,1.29822803906338,convex
9272.32997963077,1.21621518641016,1.29808969830399,convex
9289.0987650957,1.21572470440466,1.29795132267656,convex
9305.90216348073,1.21523308936035,1.29781291219745,convex
9322.74027050121,1.21474033667649,1.29767446688284,convex
9339.61318219624,1.21424644172517,1.29753598674873,convex
9356.52099492992,1.2137513998511,1.2973974718109,convex
9373.4638053927,1.2132552063714,1.29725892208493,convex
9390.44171060264,1.21275785657544,1.29712033758623,convex
9407.45480790675,1.2122593457246,1.29698171833001,convex
9424.50319498227,1.21175966905211,1.29684306433127,convex
9441.586969838,1.21125882176281,1.29670437560483,convex
9458.70623081565,1.21075679903298,1.29656565216532,convex
9475.86107659116,1.2102535960101,1.29642689402716,convex
9493.05160617601,1.20974920781268,1.29628810120461,convex
9510.27791891861,1.20924362953003,1.29614927371169,convex
9527.54011450564,1.20873685622204,1.29601041156229,convex
9544.83829296336,1.20822888291899,1.29587151477005,convex
9562.17255465906,1.20771970462133,1.29573258334847,convex
9579.54300030238,1.20720931629945,1.29559361731082,convex
9596.94973094665,1.20669771289347,1.29545461667021,convex
9614.39284799039,1.20618488931303,1.29531558143954,convex
9631.87245317857,1.20567084043703,1.29517651163154,convex
9649.3886486041,1.20515556111348,1.29503740725873,convex
9666.9415367092,1.20463904615919,1.29489826833348,convex
9684.53122028682,1.20412129035959,1.29475909486793,convex
9702.15780248203,1.20360228846849,1.29461988687405,convex
9719.82138679349,1.20308203520786,1.29448064436364,convex
9737.52207707487,1.20256052526756,1.2943413673483,convex
9755.25997753625,1.20203775330515,1.29420205583943,convex
9773.03519274561,1.20151371394561,1.29406270984828,convex
9790.84782763027,1.20098840178112,1.29392332938588,convex
9808.69798747837,1.20046181137083,1.2937839144631,convex
9826.58577794029,1.19993393724059,1.29364446509062,convex
9844.51130503012,1.19940477388271,1.29350498127893,convex
9862.47467512725,1.19887431575571,1.29336546303835,convex
9880.47599497771,1.19834255728409,1.293225910379,convex
9898.51537169577,1.19780949285805,1.29308632331083,convex
9916.5929127654,1.19727511683323,1.29294670184362,convex
9934.70872604179,1.19673942353049,1.29280704598694,convex
9952.86291975284,1.1962024072356,1.2926673557502,convex
9971.05560250078,1.19566406219901,1.29252763114263,convex
9989.28688326357,1.19512438263557,1.29238787217327,convex
10007.5568713965,1.19458336272427,1.29224807885099,convex
10025.8656766338,1.19404099660798,1.29210825118447,convex
10044.2134090901,1.19349727839314,1.29196838918222,convex
10062.600179262,1.19295220214953,1.29182849285257,convex
10081.0260980297,1.19240576190996,1.29168856220367,convex
10099.4912766586,1.19185795166999,1.2915485972435,convex
10117.9958268007,1.19130876538768,1.29140859797986,convex
10136.5398604965,1.19075819698327,1.29126856442035,convex
10155.1234901762,1.19020624033891,1.29112849657244,convex
10173.7468286618,1.18965288929836,1.29098839444338,convex
10192.4099891682,1.1890981376667,1.29084825804027,convex
10211.1130853053,1.18854197921004,1.29070808737002,convex
10229.8562310793,1.1879844076552,1.29056788243939,convex
10248.6395408944,1.18742541668944,1.29042764325494,convex
10267.4631295546,1.18686499996013,1.29028736982306,convex
10286.3271122653,1.18630315107447,1.29014706214997,convex
10305.2316046346,1.18573986359913,1.29000672024173,convex
10324.1767226758,1.18517513106,1.2898663441042,convex
10343.1625828082,1.18460894694183,1.28972593374309,convex
10362.1893018592,1.18404130468792,1.28958548916394,convex
10381.2569970663,1.18347219769981,1.2894450103721,convex
10400.365786078,1.18290161933696,1.28930449737275,convex
10419.5157869562,1.18232956291639,1.28916395017092,convex
10438.7071181779,1.18175602171237,1.28902336877145,convex
10457.9398986365,1.1811809889561,1.28888275317902,convex
10477.2142476438,1.18060445783535,1.28874210339814,convex
10496.5302849318,1.18002642149414,1.28860141943313,convex
10515.8881306544,1.17944687303237,1.28846070128817,convex
10535.2879053891,1.17886580550548,1.28831994896726,convex
10554.729730139,1.17828321192414,1.28817916247423,convex
10574.2137263341,1.17769908525384,1.28803834181273,convex
10593.7400158338,1.17711341841457,1.28789748698628,convex
10613.308720928,1.17652620428044,1.28775659799818,convex
10632.9199643393,1.17593743567932,1.28761567485162,convex
10652.573869225,1.17534710539249,1.28747471754957,convex
10672.2705591782,1.17475520615426,1.28733372609486,convex
10692.0101582306,1.17416173065159,1.28719270049017,convex
10711.7927908535,1.1735666715237,1.28705164073798,convex
10731.6185819602,1.17297002136172,1.28691054684062,convex
10751.4876569077,1.1723717727083,1.28676941880027,convex
10771.4001414984,1.17177191805719,1.28662825661893,convex
10791.3561619823,1.17117044985288,1.28648706029843,convex
10811.3558450587,1.17056736049019,1.28634582984044,convex
10831.3993178781,1.16996264231388,1.28620456524649,convex
10851.4867080442,1.16935628761824,1.28606326651791,convex
10871.6181436157,1.16874828864668,1.28592193365589,convex
10891.7937531084,1.1681386375913,1.28578056666146,convex
10912.0136654971,1.16752732659254,1.28563916553547,convex
10932.2780102174,1.16691434773868,1.28549773027863,convex
10952.5869171677,1.16629969306545,1.28535626089146,convex
10972.9405167114,1.16568335455564,1.28521475737435,convex
10993.3389396787,1.16506532413859,1.28507321972751,convex
11013.7823173685,1.16444559368983,1.284931647951,convex
11034.2707815505,1.16382415503059,1.28479004204471,convex
11054.8044644675,1.16320099992736,1.28464840200838,convex
11075.3834988368,1.16257612009148,1.28450672784158,convex
11096.0080178528,1.16194950717864,1.28436501954374,convex
11116.6781551888,1.16132115278844,1.28422327711409,convex
11137.3940449989,1.16069104846394,1.28408150055176,convex
11158.1558219204,1.16005918569116,1.28393968985567,convex
11178.9636210757,1.15942555589866,1.28379784502462,convex
11199.8175780744,1.158790150457,1.28365596605722,convex
11220.7178290153,1.15815296067832,1.28351405295194,convex
11241.6645104888,1.15751397781581,1.28337210570711,convex
11262.6577595784,1.15687319306323,1.28323012432087,convex
11283.6977138638,1.15623059755444,1.28308810879122,convex
11304.784511422,1.15558618236287,1.282946059116,convex
11325.9182908302,1.15493993850102,1.28280397529291,convex
11347.0991911675,1.15429185691995,1.28266185731947,convex
11368.3273520174,1.15364192850878,1.28251970519307,convex
11389.6029134698,1.15299014409414,1.28237751891092,convex
11410.9260161232,1.15233649443968,1.28223529847009,convex
11432.296801087,1.15168097024551,1.2820930438675,convex
11453.7154099835,1.15102356214766,1.28195075509991,convex
11475.1819849503,1.15036426071758,1.28180843216392,convex
11496.6966686428,1.14970305646153,1.28166607505598,convex
11518.2596042357,1.14903993982007,1.28152368377241,convex
11539.8709354262,1.14837490116751,1.28138125830934,convex
11561.5308064354,1.1477079308113,1.28123879866277,convex
11583.2393620111,1.14703901899151,1.28109630482855,convex
11604.9967474301,1.14636815588019,1.28095377680236,convex
11626.8031085003,1.14569533158088,1.28081121457976,convex
11648.6585915631,1.14502053612793,1.28066861815612,convex
11670.5633434957,1.14434375948596,1.28052598752669,convex
11692.5175117135,1.14366499154925,1.28038332268655,convex
11714.5212441724,1.14298422214113,1.28024062363065,convex
11736.5746893712,1.14230144101335,1.28009789035377,convex
11758.6779963542,1.1416166378455,1.27995512285055,convex
11780.8313147131,1.14092980224435,1.27981232111547,convex
11803.0347945896,1.14024092374325,1.27966948514289,convex
11825.2885866783,1.13954999180145,1.27952661492698,convex
11847.5928422284,1.13885699580349,1.2793837104618,convex
11869.9477130465,1.13816192505855,1.27924077174124,convex
11892.353351499,1.13746476879976,1.27909779875904,convex
11914.8099105149,1.13676551618358,1.2789547915088,convex
11937.3175435874,1.13606415628906,1.27881174998397,convex
11959.8764047775,1.13536067811725,1.27866867417786,convex
11982.4866487157,1.13465507059045,1.27852556408363,convex
12005.1484306047,1.13394732255153,1.27838241969428,convex
12027.8619062223,1.13323742276324,1.27823924100268,convex
12050.6272319235,1.13252535990749,1.27809602800155,convex
12073.4445646432,1.13181112258465,1.27795278068346,convex
12096.3140618987,1.13109469931281,1.27780949904084,convex
12119.2358817927,1.13037607852707,1.27766618306597,convex
12142.2101830153,1.12965524857878,1.27752283275098,convex
12165.2371248469,1.12893219773479,1.27737944808787,convex
12188.3168671609,1.12820691417674,1.27723602906849,convex
12211.4495704263,1.12747938600025,1.27709257568454,convex
12234.6353957102,1.12674960121417,1.27694908792758,convex
12257.8745046807,1.1260175477398,1.27680556578902,convex
12281.1670596093,1.12528321341009,1.27666200926014,convex
12304.5132233737,1.12454658596888,1.27651841833207,convex
12327.913159461,1.12380765307006,1.27637479299579,convex
12351.3670319694,1.12306640227677,1.27623113324215,convex
12374.875005612,1.1223228210606,1.27608743906185,convex
12398.4372457187,1.12157689680072,1.27594371044544,convex
12422.0539182397,1.12082861678308,1.27579994738335,convex
12445.7251897476,1.12007796819952,1.27565614986586,convex
12469.4512274408,1.11932493814697,1.27551231788308,convex
12493.2321991458,1.11856951362654,1.27536845142503,convex
12517.0682733204,1.11781168154264,1.27522455048155,convex
12540.9596190563,1.11705142870214,1.27508061504236,convex
12564.9064060823,1.11628874181342,1.27493664509702,convex
12588.9088047665,1.11552360748553,1.27479264063497,convex
12612.9669861201,1.1147560122272,1.27464860164549,convex
12637.0811217993,1.11398594244597,1.27450452811775,convex
12661.2513841092,1.11321338444725,1.27436042004075,convex
12685.477946006,1.11243832443336,1.27421627740337,convex
12709.7609811002,1.11166074850256,1.27407210019434,convex
12734.1006636597,1.11088064264814,1.27392788840226,convex
12758.4971686126,1.11009799275739,1.27378364201558,convex
12782.9506715502,1.10931278461063,1.27363936102262,convex
12807.4613487301,1.10852500388023,1.27349504541157,convex
12832.0293770791,1.10773463612956,1.27335069517047,convex
12856.6549341965,1.10694166681203,1.27320631028722,convex
12881.3381983569,1.10614608126999,1.2730618907496,convex
12906.0793485132,1.10534786473376,1.27291743654523,convex
12930.8785643002,1.10454700232049,1.27277294766162,convex
12955.736026037,1.10374347903319,1.27262842408611,convex
12980.6519147307,1.10293727975958,1.27248386580593,convex
13005.6264120793,1.10212838927102,1.27233927280817,convex
13030.6597004748,1.10131679222141,1.27219464507978,convex
13055.7519630066,1.10050247314609,1.27204998260756,convex
13080.9033834644,1.0996854164607,1.27190528537821,convex
13106.1141463417,1.09886560646002,1.27176055337827,convex
13131.3844368388,1.09804302731686,1.27161578659413,convex
13156.7144408661,1.09721766308084,1.27147098501208,convex
13182.1043450475,1.09638949767728,1.27132614861827,convex
13207.5543367236,1.09555851490595,1.27118127739868,convex
13233.0646039548,1.09472469843987,1.27103637133919,convex
13258.635335525,1.09388803182414,1.27089143042555,convex
13284.2667209445,1.09304849847463,1.27074645464335,convex
13309.9589504537,1.0922060816768,1.27060144397807,convex
13335.7122150263,1.0913607645844,1.27045639841503,convex
13361.5267063728,1.09051253021822,1.27031131793946,convex
13387.4026169436,1.08966136146477,1.27016620253641,convex
13413.340139933,1.08880724107499,1.27002105219082,convex
13439.339469282,1.08795015166292,1.26987586688751,convex
13465.4007996822,1.08709007570441,1.26973064661114,convex
13491.524326579,1.08622699553568,1.26958539134625,convex
13517.7102461754,1.08536089335204,1.26944010107727,convex
13543.9587554352,1.08449175120646,1.26929477578846,convex
13570.2700520867,1.08361955100818,1.26914941546398,convex
13596.6443346265,1.0827442745213,1.26900402008783,convex
13623.0818023223,1.08186590336335,1.26885858964391,convex
13649.5826552175,1.08098441900384,1.26871312411597,convex
13676.1470941341,1.08009980276278,1.26856762348763,convex
13702.7753206764,1.07921203580923,1.26842208774239,convex
13729.4675372352,1.07832109915978,1.26827651686362,convex
13756.2239469907,1.07742697367701,1.26813091083453,convex
13783.0447539168,1.07652964006801,1.26798526963825,convex
13809.9301627845,1.0756290788828,1.26783959325774,convex
13836.8803791657,1.07472527051273,1.26769388167584,convex
13863.895609437,1.07381819518894,1.26754813487529,convex
13890.9760607835,1.07290783298072,1.26740235283865,convex
13918.1219412025,1.0719941637939,1.26725653554839,convex
13945.3334595072,1.07107716736918,1.26711068298685,convex
13972.610825331,1.07015682328049,1.26696479513621,convex
13999.9542491308,1.0692331109333,1.26681887197856,convex
14027.3639421913,1.06830600956289,1.26667291349583,convex
14054.8401166286,1.06737549823266,1.26652691966986,convex
14082.3829853944,1.06644155583235,1.26638089048232,convex
14109.9927622796,1.06550416107629,1.26623482591478,convex
14137.6696619186,1.0645632925016,1.26608872594867,convex
14165.4138997932,1.06361892846641,1.26594259056531,convex
14193.2256922364,1.06267104714798,1.26579641974587,convex
14221.1052564367,1.06171962654089,1.26565021347141,convex
14249.0528104421,1.06076464445512,1.26550397172286,convex
14277.0685731639,1.0598060785142,1.26535769448102,convex
14305.1527643811,1.05884390615324,1.26521138172656,convex
14333.3056047447,1.05787810461704,1.26506503344003,convex
14361.5273157813,1.05690865095805,1.26491864960187,convex
14389.8181198976,1.05593552203443,1.26477223019236,convex
14418.1782403846,1.05495869450804,1.26462577519168,convex
14446.6079014217,1.05397814484234,1.26447928457988,convex
14475.107328081,1.05299384930038,1.26433275833688,convex
14503.6767463316,1.05200578394269,1.26418619644247,convex
14532.3163830438,1.05101392462515,1.26403959887634,convex
14561.0264659934,1.05001824699688,1.26389296561803,convex
14589.8072238662,1.049018726498,1.26374629664697,convex
14618.6588862621,1.04801533835754,1.26359959194245,convex
14647.5816836997,1.04700805759112,1.26345285148365,convex
14676.5758476205,1.04599685899874,1.26330607524963,convex
14705.6416103936,1.04498171716251,1.26315926321931,convex
14734.7792053199,1.04396260644433,1.26301241537149,convex
14763.9888666367,1.04293950098355,1.26286553168487,convex
14793.2708295222,1.04191237469461,1.26271861213799,convex
14822.6253301,1.04088120126465,1.2625716567093,convex
14852.0526054437,1.0398459541511,1.2624246653771,convex
14881.5528935814,1.03880660657918,1.26227763811959,convex
14911.1264335004,1.03776313153949,1.26213057491483,convex
14940.7734651517,1.0367155017854,1.26198347574077,convex
14970.4942294549,1.0356636898306,1.26183634057524,convex
15000.2889683025,1.03460766794645,1.26168916939593,convex
15030.1579245652,1.0335474081594,1.26154196218042,convex
15060.1013420958,1.03248288224836,1.26139471890617,convex
15090.1194657349,1.03141406174197,1.26124743955052,convex
15120.212541315,1.03034091791595,1.26110012409067,convex
15150.3808156655,1.02926342179032,1.26095277250373,convex
15180.6245366177,1.02818154412663,1.26080538476667,convex
15210.9439530096,1.02709525542514,1.26065796085633,convex
15241.3393146908,1.02600452592197,1.26051050074946,convex
15271.8108725272,1.02490932558623,1.26036300442265,convex
15302.3588784063,1.02380962411707,1.26021547185239,convex
15332.983585242,1.02270539094074,1.26006790301507,convex
15363.6852469797,1.02159659520758,1.25992029788692,convex
15394.4641186012,1.02048320578898,1.25977265644407,convex
15425.3204561301,1.01936519127432,1.25962497866254,convex
15456.2545166362,1.01824251996785,1.2594772645182,convex
15487.2665582416,1.01711515988552,1.25932951398685,convex
15518.356840125,1.01598307875181,1.25918172704411,convex
15549.5256225273,1.01484624399647,1.25903390366553,convex
15580.7731667569,1.01370462275125,1.25888604382652,convex
15612.0997351946,1.01255818184659,1.25873814750236,convex
15643.5055912991,1.01140688780824,1.25859021466824,convex
15674.9909996125,1.01025070685389,1.25844224529921,convex
15706.5562257651,1.00908960488965,1.2582942393702,convex
15738.2015364812,1.00792354750662,1.25814619685604,convex
15769.9271995844,1.00675249997734,1.25799811773142,convex
15801.733484003,1.00557642725215,1.25785000197093,convex
15833.6206597754,1.00439529395564,1.25770184954903,convex
15865.5889980557,1.00320906438289,1.25755366044007,convex
15897.6387711193,1.00201770249581,1.25740543461828,convex
15929.770252368,1.00082117191931,1.25725717205776,convex
15961.9837163363,0.999619435937507,1.25710887273251,convex
15994.2794386964,0.998412457489819,1.25696053661641,convex
16026.6576962641,0.997200199167073,1.25681216368321,convex
16059.1187670045,0.995982623207502,1.25666375390657,convex
16091.6629300377,0.99475969149272,1.25651530726,convex
16124.2904656446,0.993531365543643,1.2563668237169,convex
16157.0016552725,0.992297606516344,1.25621830325059,convex
16189.7967815412,0.991058375197868,1.25606974583422,convex
16222.6761282484,0.989813632001979,1.25592115144086,convex
16255.6399803761,0.988563336964863,1.25577252004345,convex
16288.6886240962,0.987307449740762,1.25562385161481,convex
16321.8223467767,0.986045929597562,1.25547514612767,convex
16355.0414369872,0.984778735412309,1.2553264035546,convex
16388.3461845056,0.983505825666683,1.2551776238681,convex
16421.7368803236,0.982227158442398,1.25502880704052,convex
16455.2138166531,0.980942691416541,1.25487995304411,convex
16488.777286932,0.979652381856863,1.25473106185101,convex
16522.4275858309,0.97835618661699,1.25458213343323,convex
16556.1650092588,0.977054062131581,1.25443316776267,convex
16589.9898543696,0.975745964411421,1.25428416481112,convex
16623.9024195682,0.974431849038442,1.25413512455026,convex
16657.9030045171,0.973111671160682,1.25398604695164,convex
16691.9919101423,0.971785385487184,1.2538369319867,convex
16726.1694386401,0.970452946282807,1.25368777962677,convex
16760.4358934833,0.96911430736299,1.25353858984307,convex
16794.7915794277,0.967769422088434,1.25338936260669,convex
16829.2368025186,0.966418243359708,1.25324009788862,convex
16863.7718700975,0.965060723611799,1.25309079565974,convex
16898.3970908083,0.963696814808572,1.25294145589079,convex
16933.1127746042,0.962326468437167,1.25279207855243,convex
16967.9192327543,0.960949635502312,1.25264266361518,convex
17002.8167778503,0.959566266520574,1.25249321104945,convex
17037.805723813,0.958176311514509,1.25234372082557,convex
17072.8863858996,0.956779720006759,1.2521941929137,convex
17108.05908071,0.955376441014053,1.25204462728393,convex
17143.3241261936,0.953966423041134,1.25189502390622,convex
17178.6818416568,0.952549614074597,1.25174538275042,convex
17214.1325477693,0.951125961576659,1.25159570378627,convex
17249.6765665713,0.949695412478829,1.2514459869834,convex
17285.3142214808,0.948257913175497,1.25129623231131,convex
17321.0458373,0.946813409517444,1.2511464397394,convex
17356.871740223,0.945361846805261,1.25099660923696,convex
17392.7922578427,0.943903169782669,1.25084674077316,convex
17428.8077191581,0.942437322629764,1.25069683431707,convex
17464.918454581,0.940964248956163,1.25054688983763,convex
17501.1247959443,0.939483891794059,1.25039690730369,convex
17537.4270765081,0.937996193591181,1.25024688668397,convex
17573.8256309681,0.936501096203663,1.25009682794707,convex
17610.3207954623,0.93499854088881,1.24994673106151,convex
17646.9129075789,0.933488468297773,1.24979659599568,convex
17683.6023063633,0.931970818468127,1.24964642271785,convex
17720.3893323262,0.930445530816337,1.24949621119618,convex
17757.2743274506,0.928912544130136,1.24934596139875,convex
17794.2576352,0.927371796560796,1.24919567329348,convex
17831.3396005255,0.925823225615289,1.24904534684822,convex
17868.5205698741,0.924266768148349,1.24889498203068,convex
17905.8008911958,0.922702360354433,1.24874457880848,convex
17943.180913952,0.921129937759557,1.24859413714912,convex
17980.6609891231,0.919549435213037,1.24844365701998,convex
18018.2414692164,0.917960786879118,1.24829313838835,convex
18055.9227082738,0.916363926228481,1.2481425812214,convex
18093.7050618805,0.914758786029649,1.24799198548618,convex
18131.5888871723,0.913145298340269,1.24784135114963,convex
18169.5745428441,0.911523394498283,1.24769067817861,convex
18207.662389158,0.909893005112978,1.24753996653982,convex
18245.8527879513,0.908254060055919,1.2473892161999,convex
18284.1461026449,0.906606488451761,1.24723842712534,convex
18322.5426982516,0.904950218668938,1.24708759928254,convex
18361.0429413845,0.903285178310229,1.24693673263779,convex
18399.6472002652,0.901611294203201,1.24678582715727,convex
18438.3558447324,0.899928492390528,1.24663488280704,convex
18477.1692462501,0.898236698120172,1.24648389955307,convex
18516.0877779169,0.896535835835447,1.24633287736119,convex
18555.1118144735,0.894825829164951,1.24618181619715,convex
18594.2417323124,0.893106600912357,1.24603071602657,convex
18633.477909486,0.891378073046082,1.24587957681498,convex
18672.8207257153,0.889640166688816,1.24572839852779,convex
18712.2705623992,0.887892802106916,1.24557718113029,convex
18751.8278026229,0.886135898699664,1.24542592458769,convex
18791.4928311671,0.884369374988387,1.24527462886506,convex
18831.2660345168,0.882593148605435,1.24512329392738,convex
18871.1478008705,0.880807136283019,1.24497191973951,convex
18911.1385201489,0.87901125384191,1.24482050626621,convex
18951.2385840048,0.87720541617999,1.24466905347213,convex
18991.4483858313,0.875389537260661,1.24451756132181,convex
19031.768320772,0.873563530101108,1.24436602977969,convex
19072.1987857296,0.871727306760413,1.24421445881007,convex
19112.7401793758,0.869880778327527,1.24406284837719,convex
19153.3929021601,0.868023854909086,1.24391119844513,convex
19194.1573563201,0.86615644561708,1.24375950897792,convex
19235.0339458904,0.864278458556371,1.24360777993942,convex
19276.0230767122,0.86238980081206,1.24345601129343,convex
19317.1251564434,0.860490378436705,1.24330420300361,convex
19358.3405945682,0.858580096437368,1.24315235503354,convex
19399.6698024065,0.856658858762537,1.24300046734667,convex
19441.113193124,0.854726568288869,1.24284853990636,convex
19482.6711817423,0.852783126807782,1.24269657267584,convex
19524.3441851486,0.850828435011905,1.24254456561825,convex
19566.1326221057,0.848862392481357,1.24239251869662,convex
19608.0369132622,0.846884897669871,1.24224043187387,convex
19650.0574811628,0.844895847890769,1.24208830511281,convex
19692.1947502582,0.842895139302778,1.24193613837614,convex
19734.4491469155,0.840882666895681,1.24178393162647,convex
19776.8210994287,0.838858324475822,1.24163168482629,convex
19819.3110380287,0.836822004651454,1.24147939793797,convex
19861.9193948944,0.834773598817917,1.2413270709238,convex
19904.6466041627,0.832712997142683,1.24117470374595,convex
19947.4931019392,0.83064008855023,1.24102229636647,convex
19990.4593263091,0.828554760706766,1.24086984874733,convex
20033.5457173478,0.826456900004805,1.24071736085037,convex
20076.7527171316,0.824346391547592,1.24056483263733,convex
20120.0807697487,0.822223119133367,1.24041226406985,convex
20163.5303213101,0.820086965239498,1.24025965510946,convex
20207.1018199606,0.817937811006456,1.24010700571758,convex
20250.79571589,0.81577553622165,1.23995431585553,convex
20294.612461344,0.813600019303123,1.23980158548451,convex
20338.5525106356,0.811411137283107,1.23964881456563,convex
20382.6163201564,0.809208765791441,1.23949600305989,convex
20426.804348388,0.80699277903886,1.23934315092817,convex
20471.1170559131,0.804763049800159,1.23919025813126,convex
20515.5549054274,0.802519449397218,1.23903732462983,convex
20560.1183617511,0.800261847681935,1.23888435038446,convex
20604.8078918403,0.797990113019005,1.23873133535562,convex
20649.623964799,0.795704112268628,1.23857827950365,convex
20694.5670518908,0.79340371076909,1.23842518278883,convex
20739.6376265509,0.791088772319248,1.23827204517128,convex
20784.8361643977,0.788759159160929,1.23811886661106,convex
20830.1631432452,0.786414731961249,1.2379656470681,convex
20875.6190431149,0.78405534979484,1.23781238650223,convex
20921.2043462482,0.781680870126025,1.23765908487317,convex
20966.9195371182,0.779291148790926,1.23750574214055,convex
21012.7651024427,0.776886039979521,1.23735235826387,convex
21058.7415311959,0.774465396217664,1.23719893320255,convex
21104.8493146215,0.772029068349085,1.23704546691588,convex
21151.0889462449,0.769576905517351,1.23689195936307,convex
21197.4609218861,0.767108755147849,1.2367384105032,convex
21243.9657396722,0.764624462929763,1.23658482029525,convex
21290.6039000503,0.762123872798077,1.23643118869812,convex
21337.3759058006,0.75960682691562,1.23627751567057,convex
21384.2822620489,0.757073165655169,1.23612380117127,convex
21431.3234762805,0.754522727581618,1.23597004515879,convex
21478.5000583525,0.751955349434243,1.23581624759159,convex
21525.8125205072,0.749370866109084,1.23566240842802,convex
21573.2613773861,0.746769110641447,1.23550852762634,convex
21620.8471460423,0.744149914188572,1.23535460514468,convex
21668.5703459549,0.741513106012483,1.23520064094108,convex
21716.431499042,0.738858513463024,1.23504663497348,convex
21764.4311296745,0.736185961961149,1.23489258719971,convex
21812.5697646901,0.733495274982463,1.23473849757749,convex
21860.8479334067,0.730786274041049,1.23458436606445,convex
21909.2661676369,0.72805877867362,1.23443019261809,convex
21957.8250017016,0.725312606424041,1.23427597719583,convex
22006.524972444,0.722547572828233,1.23412171975497,convex
22055.3666192446,0.719763491399501,1.23396742025271,convex
22104.3504840344,0.716960173614362,1.23381307864616,convex
22153.4771113103,0.714137428898872,1.23365869489229,convex
22202.747048149,0.711295064615507,1.233504268948,convex
22252.1608442216,0.70843288605069,1.23334980077007,convex
22301.7190518086,0.705550696402948,1.23319529031518,convex
22351.4222258145,0.702648296771804,1.2330407375399,convex
22401.2709237826,0.699725486147446,1.23288614240071,convex
22451.2657059101,0.696782061401238,1.23273150485395,convex
22501.4071350631,0.693817817277121,1.2325768248559,convex
22551.6957767918,0.690832546384008,1.23242210236271,convex
22602.1321993457,0.687826039189213,1.23226733733043,convex
22652.7169736893,0.684798084013006,1.23211252971501,convex
22703.4506735168,0.681748467024376,1.23195767947229,convex
22754.3338752687,0.678676972238099,1.23180278655802,convex
22805.3671581466,0.67558338151317,1.23164785092781,convex
22856.5511041295,0.672467474552737,1.23149287253722,convex
22907.8862979895,0.66932902890562,1.23133785134165,convex
22959.3733273075,0.666167819969516,1.23118278729644,convex
23011.0127824902,0.662983620996028,1.2310276803568,convex
23062.8052567852,0.659776203097624,1.23087253047785,convex
23114.7513462979,0.656545335256659,1.23071733761459,convex
23166.851650008,0.6532907843366,1.23056210172193,convex
23219.1067697856,0.650012315095604,1.23040682275467,convex
23271.5173104084,0.646709690202581,1.23025150066752,convex
23324.0838795776,0.643382670255948,1.23009613541506,convex
23376.807087936,0.640031013805177,1.22994072695179,convex
23429.6875490837,0.636654477375412,1.22978527523209,convex
23482.7258795958,0.633252815495256,1.22962978021024,convex
23535.9226990399,0.629825780727991,1.22947424184042,convex
23589.2786299927,0.626373123706424,1.22931866007671,convex
23642.7942980579,0.622894593171608,1.22916303487308,convex
23696.4703318835,0.619389936015637,1.22900736618339,convex
23750.3073631798,0.615858897328823,1.22885165396141,convex
23804.3060267369,0.612301220451504,1.22869589816079,convex
23858.4669604425,0.608716647030742,1.2285400987351,convex
23912.7908053003,0.605104917082277,1.22838425563778,convex
23967.2782054478,0.601465769058,1.22822836882219,convex
24021.9298081747,0.597798939919315,1.22807243824156,convex
24076.7462639413,0.594104165216749,1.22791646384904,convex
24131.7282263971,0.590381179176187,1.22776044559767,convex
24186.8763523992,0.58662971479213,1.22760438344038,convex
24242.1913020311,0.582849503928418,1.22744827732999,convex
24297.6737386218,0.579040277426864,1.22729212721924,convex
24353.3243287647,0.575201765224274,1.22713593306075,convex
24409.1437423368,0.571333696478369,1.22697969480704,convex
24465.1326525177,0.567435799703147,1.22682341241052,convex
24521.2917358094,0.563507802914247,1.2266670858235,convex
24577.6216720555,0.559549433784922,1.2265107149982,convex
24634.1231444612,0.555560419813281,1.22635429988672,convex
24690.7968396128,0.551540488501421,1.22619784044105,convex
24747.6434474978,0.547489367547244,1.22604133661311,convex
24804.663661525,0.543406785049651,1.22588478835467,convex
24861.8581785445,0.539292469727962,1.22572819561744,convex
24919.2276988684,0.535146151156372,1.225571558353,convex
24976.7729262909,0.53096756001441,1.22541487651283,convex
25034.4945681093,0.526756428354294,1.22525815004832,convex
25092.3933351444,0.522512489886212,1.22510137891073,convex
25150.4699417619,0.518235480282654,1.22494456305125,convex
25208.7251058927,0.513925137502856,1.22478770242095,convex
25267.1595490551,0.509581202138597,1.22463079697078,convex
25325.7739963751,0.505203417782669,1.22447384665162,convex
25384.5691766087,0.50079153142129,1.22431685141422,convex
25443.5458221632,0.496345293851954,1.22415981120924,convex
25502.704669119,0.491864460128231,1.22400272598724,convex
25562.0464572516,0.487348790033115,1.22384559569865,convex
25621.5719300534,0.482798048582619,1.22368842029383,convex
25681.2818347567,0.478212006561456,1.22353119972302,convex
25741.1769223553,0.473590441092699,1.22337393393635,convex
25801.2579476272,0.468933136243439,1.22321662288387,convex
25861.5256691579,0.464239883668626,1.2230592665155,convex
25921.9808493624,0.459510483295348,1.22290186478108,convex
25982.624254509,0.454744744049943,1.22274441763033,convex
26043.4566547418,0.449942484630543,1.22258692501286,convex
26104.4788241048,0.445103534327723,1.2224293868782,convex
26165.6915405647,0.440227733896112,1.22227180317577,convex
26227.0955860349,0.435314936480026,1.22211417385486,convex
26288.6917463995,0.430365008596315,1.2219564988647,convex
26350.4808115369,0.425377831177808,1.22179877815439,convex
26412.4635753443,0.420353300680962,1.22164101167292,convex
26474.6408357619,0.41529133026152,1.2214831993692,convex
26537.0133947976,0.410191851022143,1.22132534119201,convex
26599.582058551,0.405054813336343,1.22116743709005,convex
26662.3476372396,0.399880188253076,1.22100948701191,convex
26725.3109452223,0.394667968986868,1.22085149090606,convex
26788.4728010256,0.389418172498335,1.22069344872089,convex
26851.8340273688,0.384130841170432,1.22053536040468,convex
26915.3954511894,0.378806044585962,1.22037722590559,convex
26979.1579036687,0.373443881412196,1.2202190451717,convex
27043.1222202581,0.368044481398707,1.22006081815098,convex
27107.2892407052,0.362608007494947,1.21990254479127,convex
27171.6598090797,0.35713465809431,1.21974422504035,convex
27236.2347738002,0.351624669411797,1.21958585884587,convex
27301.0149876607,0.346078318002777,1.21942744615538,convex
27366.0013078576,0.34049592343063,1.21926898691632,convex
27431.1945960166,0.3348778510914,1.21911048107604,convex
27496.5957182201,0.329224515204004,1.21895192858179,convex
27562.2055450345,0.323536381974808,1.21879332938069,convex
27628.0249515379,0.31781397294574,1.21863468341979,convex
27694.0548173478,0.312057868535463,1.21847599064601,convex
27760.2960266493,0.306268711783405,1.21831725100618,convex
27826.749468223,0.300447212306686,1.21815846444701,convex
27893.4160354739,0.294594150480309,1.21799963091514,convex
27960.2966264597,0.288710381851098,1.21784075035706,convex
28027.3921439196,0.282796841796001,1.21768182271921,convex
28094.7034953036,0.276854550435501,1.21752284794787,convex
28162.2315928013,0.270884617812779,1.21736382598926,convex
28229.9773533719,0.264888249349118,1.21720475678947,convex
28297.9416987735,0.258866751585863,1.2170456402945,convex
28366.1255555929,0.252821538222611,1.21688647645024,convex
28434.5298552761,0.246754136460871,1.21672726520249,convex
28503.1555341582,0.240666193661374,1.21656800649692,convex
28572.0035334942,0.2345594843221,1.21640870027911,convex
28641.0747994896,0.22843591738262,1.21624934649455,convex
28710.3702833314,0.222297543858355,1.2160899450886,convex
28779.8909412192,0.216146564805986,1.21593049600653,convex
28849.637734397,0.209985339618362,1.21577099919351,convex
28919.6116291841,0.203816394643563,1.21561145459459,convex
28989.813597008,0.197642432118422,1.21545186215474,convex
29060.2446144356,0.191466339401607,1.21529222181881,convex
29130.9056632058,0.185291198484941,1.21513253353154,convex
29201.7977302625,0.179120295754146,1.21497279723758,convex
29272.9218077869,0.172957131961239,1.21481301288147,convex
29344.2788932306,0.166805432360194,1.21465318040764,convex
29415.8699893491,0.160669156944906,1.21449329976043,convex
29487.6961042354,0.154552510713905,1.21433337088406,convex
29559.7582513534,0.14845995386887,1.21417339372266,convex
29632.0574495724,0.142396211833982,1.21401336822025,convex
29704.5947232008,0.136366284959593,1.21385329432073,convex
29777.3711020213,0.130375457746448,1.21369317196793,convex
29850.3876213252,0.124429307395174,1.21353300110555,convex
29923.6453219474,0.118533711449314,1.21337278167718,convex
29997.1452503022,0.112694854258291,1.21321251362633,convex
